loan_id,reporting_month,origination_month,loan_age_months,remaining_term_months,original_balance,current_balance,interest_rate,credit_score_band,ltv_band,dti_band,state,loan_purpose,occupancy_type,property_type,servicer_name,current_status,days_past_due,modification_flag,prepayment_flag,default_flag,loss_severity_band,last_updated_at,source_system,document_status,next_3m_delinquency_flag,next_6m_delinquency_flag,next_12m_default_flag,next_12m_prepayment_flag,next_state,exception_required,exception_type
L_0000,2023-03-30,2023-03-30,0,360,330900.0,334757.65,6.03,<640,<60%,30-40%,GA,Purchase,Secondary,Condo,Servicer D,Current,0,0,0,0,>50%,2026-08-27,System3,Complete,0,0,0,0,Current,0,None
L_0000,2023-04-29,2023-03-30,1,359,330900.0,329563.01,6.03,<640,<60%,30-40%,GA,Purchase,Secondary,Condo,Servicer D,Current,0,0,0,0,0-10%,2026-08-27,System1,Complete,0,0,0,0,Current,0,None
L_0000,2023-05-29,2023-03-30,2,358,330900.0,331738.09,6.03,<640,<60%,30-40%,GA,Purchase,Secondary,Condo,Servicer D,Current,0,0,0,0,0-10%,2026-08-27,System2,Complete,0,0,0,0,Current,0,None
L_0000,2023-06-28,2023-03-30,3,357,330900.0,329555.12,6.03,<640,<60%,30-40%,GA,Purchase,Secondary,Condo,Servicer D,Current,0,0,0,0,25-50%,2026-08-27,System2,Complete,0,0,0,0,Current,0,None
L_0000,2023-07-28,2023-03-30,4,356,330900.0,331812.79,6.03,<640,<60%,30-40%,GA,Purchase,Secondary,Condo,Servicer D,Current,0,0,0,0,25-50%,2026-08-27,System2,Missing,0,0,0,0,Current,0,None
L_0000,2023-08-27,2023-03-30,5,355,330900.0,329196.0,6.03,<640,<60%,30-40%,GA,Purchase,Secondary,Condo,Servicer D,Current,0,0,0,0,25-50%,2026-08-27,System1,Complete,0,0,0,0,Current,0,None
L_0000,2023-09-26,2023-03-30,6,354,330900.0,330882.64,6.03,<640,<60%,30-40%,GA,Purchase,Secondary,Condo,Servicer D,Current,0,1,0,0,>50%,2026-08-27,System1,Complete,0,0,0,0,Current,0,None
L_0000,2023-10-26,2023-03-30,7,353,330900.0,321570.57,6.03,<640,<60%,30-40%,GA,Purchase,Secondary,Condo,Servicer D,Current,0,0,0,0,10-25%,2026-08-27,System2,Complete,0,0,0,0,Current,0,None
L_0000,2023-11-25,2023-03-30,8,352,330900.0,327137.0,6.03,<640,<60%,30-40%,GA,Purchase,Secondary,Condo,Servicer D,Current,0,0,0,0,0-10%,2026-08-27,System3,Complete,0,0,0,0,Current,0,None
L_0000,2023-12-25,2023-03-30,9,351,330900.0,318913.37,6.03,<640,<60%,30-40%,GA,Purchase,Secondary,Condo,Servicer D,Current,0,0,0,0,25-50%,2026-08-27,System2,Complete,0,0,0,0,Current,0,None
L_0000,2024-01-24,2023-03-30,10,350,330900.0,323758.72,6.03,<640,<60%,30-40%,GA,Purchase,Secondary,Condo,Servicer D,Current,0,0,0,0,25-50%,2026-08-27,System2,Complete,0,0,0,0,Current,0,None
L_0000,2024-02-23,2023-03-30,11,349,330900.0,321323.88,6.03,<640,<60%,30-40%,GA,Purchase,Secondary,Condo,Servicer D,Prepaid,0,0,1,0,25-50%,2026-08-27,System1,Complete,0,0,0,0,Current,0,None
L_0001,2023-01-22,2023-01-22,0,360,763000.0,763457.29,2.96,760+,60-80%,<20%,FL,Refinance,Primary,Single Family,Servicer B,Current,0,0,0,0,10-25%,2026-08-27,System1,Complete,0,0,0,0,Current,0,None
L_0001,2023-02-21,2023-01-22,1,359,763000.0,763586.15,2.96,760+,60-80%,<20%,FL,Refinance,Primary,Single Family,Servicer B,Current,0,0,0,0,0-10%,2026-08-27,System3,Complete,0,0,0,0,Current,0,None
L_0001,2023-03-23,2023-01-22,2,358,763000.0,776571.78,2.96,760+,60-80%,<20%,FL,Refinance,Primary,Single Family,Servicer B,Current,0,0,0,0,25-50%,2026-08-27,System2,Complete,0,0,0,0,Current,0,None
L_0001,2023-04-22,2023-01-22,3,357,763000.0,748635.59,2.96,760+,60-80%,<20%,FL,Refinance,Primary,Single Family,Servicer B,Current,0,0,0,0,25-50%,2026-08-27,System3,Complete,0,1,0,0,Current,0,None
L_0001,2023-05-22,2023-01-22,4,356,763000.0,748149.12,2.96,760+,60-80%,<20%,FL,Refinance,Primary,Single Family,Servicer B,Current,0,0,0,0,0-10%,2026-08-27,System3,Complete,0,0,0,0,Current,0,None
L_0001,2023-06-21,2023-01-22,5,355,763000.0,755863.02,2.96,760+,60-80%,<20%,FL,Refinance,Primary,Single Family,Servicer B,30 Days Delinquent,30,0,0,0,25-50%,2026-08-27,System1,Complete,0,0,0,0,Delinquent,0,None
L_0001,2023-07-21,2023-01-22,6,354,763000.0,749123.5,2.96,760+,60-80%,<20%,FL,Refinance,Primary,Single Family,Servicer B,Current,0,0,0,0,0-10%,2026-08-27,System2,Complete,1,0,0,0,Current,0,None
L_0001,2023-08-20,2023-01-22,7,353,763000.0,752433.7,2.96,760+,60-80%,<20%,FL,Refinance,Primary,Single Family,Servicer B,Current,0,0,0,0,>50%,2026-08-27,System1,Complete,0,0,0,0,Current,0,None
L_0001,2023-09-19,2023-01-22,8,352,763000.0,756262.91,2.96,760+,60-80%,<20%,FL,Refinance,Primary,Single Family,Servicer B,Current,0,0,0,0,10-25%,2026-08-27,System1,Complete,0,0,0,0,Current,0,None
L_0001,2023-10-19,2023-01-22,9,351,763000.0,745608.11,2.96,760+,60-80%,<20%,FL,Refinance,Primary,Single Family,Servicer B,60 Days Delinquent,60,0,0,0,0-10%,2026-08-27,System1,Complete,0,0,0,0,Delinquent,0,None
L_0001,2023-11-18,2023-01-22,10,350,763000.0,758378.46,2.96,760+,60-80%,<20%,FL,Refinance,Primary,Single Family,Servicer B,Current,0,0,0,0,25-50%,2026-08-27,System1,Complete,0,0,0,0,Current,0,None
L_0001,2023-12-18,2023-01-22,11,349,763000.0,753125.55,2.96,760+,60-80%,<20%,FL,Refinance,Primary,Single Family,Servicer B,Current,0,0,0,0,0-10%,2026-08-27,System3,Complete,0,0,0,0,Current,0,None
L_0002,2023-04-02,2023-04-02,0,360,599000.0,584472.97,3.39,700-759,<60%,30-40%,GA,Refinance,Secondary,Single Family,Servicer D,Current,0,0,0,0,>50%,2026-08-27,System3,Complete,0,0,0,0,Current,0,None
L_0002,2023-05-02,2023-04-02,1,359,599000.0,597621.63,3.39,700-759,<60%,30-40%,GA,Refinance,Secondary,Single Family,Servicer D,Current,0,0,0,0,0-10%,2026-08-27,System2,Complete,0,0,0,0,Current,0,None
L_0002,2023-06-01,2023-04-02,2,358,599000.0,597916.03,3.39,700-759,<60%,30-40%,GA,Refinance,Secondary,Single Family,Servicer D,Current,0,0,0,0,10-25%,2026-08-27,System2,Complete,0,0,0,0,Current,0,None
L_0002,2023-07-01,2023-04-02,3,357,599000.0,587510.35,3.39,700-759,<60%,30-40%,GA,Refinance,Secondary,Single Family,Servicer D,Current,0,0,0,0,10-25%,2026-08-27,System2,Complete,0,1,0,0,Current,0,None
L_0002,2023-07-31,2023-04-02,4,356,599000.0,599977.41,3.39,700-759,<60%,30-40%,GA,Refinance,Secondary,Single Family,Servicer D,Current,0,0,0,0,0-10%,2026-08-27,System3,Complete,0,0,0,0,Current,0,None
L_0002,2023-08-30,2023-04-02,5,355,599000.0,602511.52,3.39,700-759,<60%,30-40%,GA,Refinance,Secondary,Single Family,Servicer D,Current,0,0,0,0,0-10%,2026-08-27,System2,Complete,0,0,0,0,Current,0,None
L_0002,2023-09-29,2023-04-02,6,354,599000.0,589867.2,3.39,700-759,<60%,30-40%,GA,Refinance,Secondary,Single Family,Servicer D,Current,0,0,0,0,0-10%,2026-08-27,System2,Complete,1,0,0,0,Current,0,None
L_0002,2023-10-29,2023-04-02,7,353,599000.0,594176.51,3.39,700-759,<60%,30-40%,GA,Refinance,Secondary,Single Family,Servicer D,Current,0,0,0,0,>50%,2026-08-27,System2,Complete,0,0,0,0,Current,0,None
L_0002,2023-11-28,2023-04-02,8,352,599000.0,588068.6,3.39,700-759,<60%,30-40%,GA,Refinance,Secondary,Single Family,Servicer D,Current,0,0,0,0,10-25%,2026-08-27,System1,Complete,0,0,0,0,Current,0,None
L_0002,2023-12-28,2023-04-02,9,351,599000.0,582369.06,3.39,700-759,<60%,30-40%,GA,Refinance,Secondary,Single Family,Servicer D,90 Days Delinquent,90,0,0,0,10-25%,2026-08-27,System3,Complete,0,0,0,0,Delinquent,0,None
L_0002,2024-01-27,2023-04-02,10,350,599000.0,582540.16,3.39,700-759,<60%,30-40%,GA,Refinance,Secondary,Single Family,Servicer D,Current,0,0,0,0,10-25%,2026-08-27,System1,Complete,0,0,0,0,Current,0,None
L_0002,2024-02-26,2023-04-02,11,349,599000.0,586617.28,3.39,700-759,<60%,30-40%,GA,Refinance,Secondary,Single Family,Servicer D,Current,0,0,0,0,10-25%,2026-08-27,System3,Complete,0,0,0,0,Current,0,None
L_0003,2023-01-29,2023-01-29,0,360,499000.0,504128.11,7.44,760+,<60%,30-40%,IL,Purchase,Investment,Single Family,Servicer D,Current,0,0,0,0,25-50%,2026-08-27,System3,Pending,0,1,0,0,Current,0,None
L_0003,2023-02-28,2023-01-29,1,359,499000.0,498654.89,7.44,760+,<60%,30-40%,IL,Purchase,Investment,Single Family,Servicer D,Current,0,0,0,0,25-50%,2026-08-27,System1,Complete,0,0,0,0,Current,0,None
L_0003,2023-03-30,2023-01-29,2,358,499000.0,495036.72,7.44,760+,<60%,30-40%,IL,Purchase,Investment,Single Family,Servicer D,Current,0,0,0,0,0-10%,2026-08-27,System2,Complete,0,1,0,0,Current,0,None
L_0003,2023-04-29,2023-01-29,3,357,499000.0,495115.05,7.44,760+,<60%,30-40%,IL,Purchase,Investment,Single Family,Servicer D,Current,0,0,0,0,0-10%,2026-08-27,System2,Complete,1,0,0,0,Current,0,None
L_0003,2023-05-29,2023-01-29,4,356,499000.0,505534.03,7.44,760+,<60%,30-40%,IL,Purchase,Investment,Single Family,Servicer D,Current,0,0,0,0,10-25%,2026-08-27,System2,Complete,0,0,0,0,Current,0,None
L_0003,2023-06-28,2023-01-29,5,355,499000.0,496148.95,7.44,760+,<60%,30-40%,IL,Purchase,Investment,Single Family,Servicer D,Current,0,0,0,0,0-10%,2026-08-27,System2,Pending,1,0,0,0,Current,0,None
L_0003,2023-07-28,2023-01-29,6,354,499000.0,487405.76,7.44,760+,<60%,30-40%,IL,Purchase,Investment,Single Family,Servicer D,Charged Off,120,0,0,0,0-10%,2026-08-27,System3,Complete,0,0,0,0,Current,1,High DPD
L_0003,2023-08-27,2023-01-29,7,353,499000.0,487391.99,7.44,760+,<60%,30-40%,IL,Purchase,Investment,Single Family,Servicer D,Current,0,0,0,0,10-25%,2026-08-27,System3,Complete,0,0,0,0,Current,0,None
L_0003,2023-09-26,2023-01-29,8,352,499000.0,496488.45,7.44,760+,<60%,30-40%,IL,Purchase,Investment,Single Family,Servicer D,60 Days Delinquent,60,0,0,0,0-10%,2026-08-27,System1,Missing,0,0,0,0,Delinquent,0,None
L_0003,2023-10-26,2023-01-29,9,351,499000.0,495476.55,7.44,760+,<60%,30-40%,IL,Purchase,Investment,Single Family,Servicer D,Current,0,0,0,0,25-50%,2026-08-27,System1,Complete,0,1,0,0,Current,0,None
L_0003,2023-11-25,2023-01-29,10,350,499000.0,482625.7,7.44,760+,<60%,30-40%,IL,Purchase,Investment,Single Family,Servicer D,Current,0,0,0,0,10-25%,2026-08-27,System1,Complete,0,0,0,0,Current,0,None
L_0003,2023-12-25,2023-01-29,11,349,499000.0,488957.35,7.44,760+,<60%,30-40%,IL,Purchase,Investment,Single Family,Servicer D,Current,0,0,0,0,>50%,2026-08-27,System2,Complete,0,0,0,0,Current,0,None
L_0004,2023-01-13,2023-01-13,0,360,167000.0,166950.84,5.84,640-699,<60%,20-30%,CA,Purchase,Primary,Single Family,Servicer D,Current,0,0,0,0,10-25%,2026-08-27,System3,Missing,1,0,0,0,Current,0,None
L_0004,2023-02-12,2023-01-13,1,359,167000.0,170463.21,5.84,640-699,<60%,20-30%,CA,Purchase,Primary,Single Family,Servicer D,Current,0,0,0,0,10-25%,2026-08-27,System3,Complete,0,0,0,0,Current,0,None
L_0004,2023-03-14,2023-01-13,2,358,167000.0,164964.03,5.84,640-699,<60%,20-30%,CA,Purchase,Primary,Single Family,Servicer D,Current,0,0,0,0,25-50%,2026-08-27,System3,Complete,0,0,0,0,Current,0,None
L_0004,2023-04-13,2023-01-13,3,357,167000.0,168184.13,5.84,640-699,<60%,20-30%,CA,Purchase,Primary,Single Family,Servicer D,90 Days Delinquent,90,0,0,0,25-50%,2026-08-27,System1,Pending,0,0,0,0,Delinquent,0,None
L_0004,2023-05-13,2023-01-13,4,356,167000.0,164456.18,5.84,640-699,<60%,20-30%,CA,Purchase,Primary,Single Family,Servicer D,Current,0,0,0,0,10-25%,2026-08-27,System1,Complete,0,0,0,0,Current,0,None
L_0004,2023-06-12,2023-01-13,5,355,167000.0,167062.51,5.84,640-699,<60%,20-30%,CA,Purchase,Primary,Single Family,Servicer D,Current,0,0,0,0,10-25%,2026-08-27,System1,Pending,0,0,0,0,Current,0,None
L_0004,2023-07-12,2023-01-13,6,354,167000.0,164089.93,5.84,640-699,<60%,20-30%,CA,Purchase,Primary,Single Family,Servicer D,Current,0,0,0,0,0-10%,2026-08-27,System2,Complete,0,0,0,0,Current,0,None
L_0004,2023-08-11,2023-01-13,7,353,167000.0,166752.68,5.84,640-699,<60%,20-30%,CA,Purchase,Primary,Single Family,Servicer D,Current,0,0,0,0,10-25%,2026-08-27,System1,Complete,0,0,0,0,Current,0,None
L_0004,2023-09-10,2023-01-13,8,352,167000.0,170072.71,5.84,640-699,<60%,20-30%,CA,Purchase,Primary,Single Family,Servicer D,Current,0,0,0,0,0-10%,2026-08-27,System3,Missing,0,0,0,0,Current,0,None
L_0004,2023-10-10,2023-01-13,9,351,167000.0,161594.1,5.84,640-699,<60%,20-30%,CA,Purchase,Primary,Single Family,Servicer D,Current,0,0,0,0,0-10%,2026-08-27,System1,Complete,0,0,0,0,Current,0,None
L_0004,2023-11-09,2023-01-13,10,350,167000.0,161677.8,5.84,640-699,<60%,20-30%,CA,Purchase,Primary,Single Family,Servicer D,Current,0,0,0,0,10-25%,2026-08-27,System3,Complete,0,0,0,0,Current,0,None
L_0004,2023-12-09,2023-01-13,11,349,167000.0,164519.53,5.84,640-699,<60%,20-30%,CA,Purchase,Primary,Single Family,Servicer D,Current,0,0,0,0,25-50%,2026-08-27,System1,Missing,0,0,0,0,Current,0,None
L_0005,2023-01-02,2023-01-02,0,360,167000.0,164427.79,2.55,760+,60-80%,30-40%,OH,Purchase,Primary,Single Family,Servicer B,Current,0,0,0,0,10-25%,2026-08-27,System3,Complete,0,0,0,0,Current,0,None
L_0005,2023-02-01,2023-01-02,1,359,167000.0,169971.63,2.55,760+,60-80%,30-40%,OH,Purchase,Primary,Single Family,Servicer B,Current,0,0,0,0,25-50%,2026-08-27,System1,Complete,0,0,0,0,Current,0,None
L_0005,2023-03-03,2023-01-02,2,358,167000.0,166017.43,2.55,760+,60-80%,30-40%,OH,Purchase,Primary,Single Family,Servicer B,Current,0,0,0,0,25-50%,2026-08-27,System2,Pending,0,0,0,0,Current,0,None
L_0005,2023-04-02,2023-01-02,3,357,167000.0,167527.92,2.55,760+,60-80%,30-40%,OH,Purchase,Primary,Single Family,Servicer B,Current,0,0,0,0,0-10%,2026-08-27,System1,Complete,0,0,0,0,Current,0,None
L_0005,2023-05-02,2023-01-02,4,356,167000.0,164951.48,2.55,760+,60-80%,30-40%,OH,Purchase,Primary,Single Family,Servicer B,Current,0,0,0,0,10-25%,2026-08-27,System2,Pending,0,0,0,0,Current,0,None
L_0005,2023-06-01,2023-01-02,5,355,167000.0,165472.77,2.55,760+,60-80%,30-40%,OH,Purchase,Primary,Single Family,Servicer B,Current,0,0,0,0,25-50%,2026-08-27,System3,Complete,0,0,0,0,Current,0,None
L_0005,2023-07-01,2023-01-02,6,354,167000.0,166707.09,2.55,760+,60-80%,30-40%,OH,Purchase,Primary,Single Family,Servicer B,Current,0,0,0,0,>50%,2026-08-27,System3,Complete,0,0,0,0,Current,0,None
L_0005,2023-07-31,2023-01-02,7,353,167000.0,165881.47,2.55,760+,60-80%,30-40%,OH,Purchase,Primary,Single Family,Servicer B,Current,0,0,0,0,10-25%,2026-08-27,System1,Complete,0,0,0,0,Current,0,None
L_0005,2023-08-30,2023-01-02,8,352,167000.0,165462.25,2.55,760+,60-80%,30-40%,OH,Purchase,Primary,Single Family,Servicer B,Current,0,0,0,0,10-25%,2026-08-27,System1,Complete,0,0,0,0,Current,0,None
L_0005,2023-09-29,2023-01-02,9,351,167000.0,159798.43,2.55,760+,60-80%,30-40%,OH,Purchase,Primary,Single Family,Servicer B,30 Days Delinquent,30,0,0,0,10-25%,2026-08-27,System3,Complete,0,1,0,0,Delinquent,0,None
L_0005,2023-10-29,2023-01-02,10,350,167000.0,164750.49,2.55,760+,60-80%,30-40%,OH,Purchase,Primary,Single Family,Servicer B,Current,0,0,0,0,25-50%,2026-08-27,System3,Complete,0,0,0,0,Current,0,None
L_0005,2023-11-28,2023-01-02,11,349,167000.0,164081.53,2.55,760+,60-80%,30-40%,OH,Purchase,Primary,Single Family,Servicer B,Current,0,0,0,0,10-25%,2026-08-27,System2,Complete,0,0,0,0,Current,0,None
L_0006,2023-01-29,2023-01-29,0,360,93600.0,95227.61,3.06,640-699,60-80%,>40%,IL,Refinance,Investment,Single Family,Servicer D,Current,0,0,0,0,0-10%,2026-08-27,System3,Complete,1,0,0,0,Current,0,None
L_0006,2023-02-28,2023-01-29,1,359,93600.0,94327.18,3.06,640-699,60-80%,>40%,IL,Refinance,Investment,Single Family,Servicer D,Current,0,0,0,0,0-10%,2026-08-27,System2,Complete,0,0,0,0,Current,0,None
L_0006,2023-03-30,2023-01-29,2,358,93600.0,93755.57,3.06,640-699,60-80%,>40%,IL,Refinance,Investment,Single Family,Servicer D,Current,0,0,0,0,0-10%,2026-08-27,System1,Complete,0,0,0,0,Current,0,None
L_0006,2023-04-29,2023-01-29,3,357,93600.0,93136.38,3.06,640-699,60-80%,>40%,IL,Refinance,Investment,Single Family,Servicer D,60 Days Delinquent,60,0,0,0,25-50%,2026-08-27,System3,Complete,0,0,0,0,Delinquent,0,None
L_0006,2023-05-29,2023-01-29,4,356,93600.0,92882.15,3.06,640-699,60-80%,>40%,IL,Refinance,Investment,Single Family,Servicer D,Current,0,0,0,0,10-25%,2026-08-27,System1,Complete,0,0,0,0,Current,0,None
L_0006,2023-06-28,2023-01-29,5,355,93600.0,91777.97,3.06,640-699,60-80%,>40%,IL,Refinance,Investment,Single Family,Servicer D,Current,0,0,0,0,0-10%,2026-08-27,System2,Pending,0,0,0,0,Current,0,None
L_0006,2023-07-28,2023-01-29,6,354,93600.0,93482.45,3.06,640-699,60-80%,>40%,IL,Refinance,Investment,Single Family,Servicer D,30 Days Delinquent,30,0,0,0,25-50%,2026-08-27,System1,Complete,0,0,0,0,Delinquent,0,None
L_0006,2023-08-27,2023-01-29,7,353,93600.0,93142.51,3.06,640-699,60-80%,>40%,IL,Refinance,Investment,Single Family,Servicer D,Current,0,0,0,0,0-10%,2026-08-27,System1,Complete,0,0,0,0,Current,0,None
L_0006,2023-09-26,2023-01-29,8,352,93600.0,92685.97,3.06,640-699,60-80%,>40%,IL,Refinance,Investment,Single Family,Servicer D,Current,0,0,0,0,25-50%,2026-08-27,System2,Complete,0,0,0,0,Current,0,None
L_0006,2023-10-26,2023-01-29,9,351,93600.0,91996.06,3.06,640-699,60-80%,>40%,IL,Refinance,Investment,Single Family,Servicer D,Current,0,0,0,0,25-50%,2026-08-27,System2,Complete,0,0,0,0,Current,0,None
L_0006,2023-11-25,2023-01-29,10,350,93600.0,92438.1,3.06,640-699,60-80%,>40%,IL,Refinance,Investment,Single Family,Servicer D,Current,0,0,0,0,0-10%,2026-08-27,System1,Complete,0,0,0,0,Current,0,None
L_0006,2023-12-25,2023-01-29,11,349,93600.0,90624.08,3.06,640-699,60-80%,>40%,IL,Refinance,Investment,Single Family,Servicer D,Current,0,0,0,0,25-50%,2026-08-27,System3,Complete,0,0,0,0,Current,0,None
L_0007,2023-06-29,2023-06-29,0,360,699600.0,696250.05,6.15,<640,60-80%,>40%,PA,Cash-out Refinance,Primary,Single Family,Servicer C,Current,0,0,0,0,0-10%,2026-08-27,System2,Complete,0,0,0,0,Current,0,None
L_0007,2023-07-29,2023-06-29,1,359,699600.0,692176.89,6.15,<640,60-80%,>40%,PA,Cash-out Refinance,Primary,Single Family,Servicer C,Current,0,0,0,0,25-50%,2026-08-27,System3,Complete,0,0,0,0,Current,0,None
L_0007,2023-08-28,2023-06-29,2,358,699600.0,696990.11,6.15,<640,60-80%,>40%,PA,Cash-out Refinance,Primary,Single Family,Servicer C,Current,0,0,0,0,0-10%,2026-08-27,System1,Complete,0,1,0,0,Current,0,None
L_0007,2023-09-27,2023-06-29,3,357,699600.0,696110.74,6.15,<640,60-80%,>40%,PA,Cash-out Refinance,Primary,Single Family,Servicer C,Current,0,0,0,0,10-25%,2026-08-27,System3,Complete,0,0,0,0,Current,0,None
L_0007,2023-10-27,2023-06-29,4,356,699600.0,693224.2,6.15,<640,60-80%,>40%,PA,Cash-out Refinance,Primary,Single Family,Servicer C,30 Days Delinquent,30,0,0,0,25-50%,2026-08-27,System3,Complete,0,0,0,0,Delinquent,0,None
L_0007,2023-11-26,2023-06-29,5,355,699600.0,697472.69,6.15,<640,60-80%,>40%,PA,Cash-out Refinance,Primary,Single Family,Servicer C,Current,0,0,0,0,25-50%,2026-08-27,System3,Complete,1,0,0,0,Current,0,None
L_0007,2023-12-26,2023-06-29,6,354,699600.0,694944.61,6.15,<640,60-80%,>40%,PA,Cash-out Refinance,Primary,Single Family,Servicer C,Current,0,0,0,0,25-50%,2026-08-27,System2,Complete,0,0,0,0,Current,0,None
L_0007,2024-01-25,2023-06-29,7,353,699600.0,688746.86,6.15,<640,60-80%,>40%,PA,Cash-out Refinance,Primary,Single Family,Servicer C,Current,0,0,0,0,10-25%,2026-08-27,System3,Complete,0,0,0,0,Current,0,None
L_0007,2024-02-24,2023-06-29,8,352,699600.0,679262.19,6.15,<640,60-80%,>40%,PA,Cash-out Refinance,Primary,Single Family,Servicer C,90 Days Delinquent,90,0,0,0,25-50%,2026-08-27,System2,Complete,0,0,0,0,Delinquent,0,None
L_0007,2024-03-25,2023-06-29,9,351,699600.0,687539.45,6.15,<640,60-80%,>40%,PA,Cash-out Refinance,Primary,Single Family,Servicer C,Current,0,0,0,0,25-50%,2026-08-27,System2,Complete,0,0,0,1,Current,0,None
L_0007,2024-04-24,2023-06-29,10,350,699600.0,679287.66,6.15,<640,60-80%,>40%,PA,Cash-out Refinance,Primary,Single Family,Servicer C,Current,0,0,0,0,0-10%,2026-08-27,System1,Pending,0,0,0,0,Current,0,None
L_0007,2024-05-24,2023-06-29,11,349,699600.0,677339.64,6.15,<640,60-80%,>40%,PA,Cash-out Refinance,Primary,Single Family,Servicer C,Current,0,0,0,0,10-25%,2026-08-27,System3,Complete,0,0,0,0,Current,0,None
L_0008,2023-01-27,2023-01-27,0,360,500800.0,506759.08,2.53,760+,60-80%,20-30%,PA,Refinance,Secondary,Condo,Servicer A,Current,0,0,0,0,25-50%,2026-08-27,System1,Complete,0,0,0,0,Current,0,None
L_0008,2023-02-26,2023-01-27,1,359,500800.0,504864.74,2.53,760+,60-80%,20-30%,PA,Refinance,Secondary,Condo,Servicer A,Current,0,0,0,0,0-10%,2026-08-27,System2,Pending,0,0,0,0,Current,0,None
L_0008,2023-03-28,2023-01-27,2,358,500800.0,501547.55,2.53,760+,60-80%,20-30%,PA,Refinance,Secondary,Condo,Servicer A,Current,0,0,0,0,0-10%,2026-08-27,System2,Complete,0,0,0,0,Current,0,None
L_0008,2023-04-27,2023-01-27,3,357,500800.0,499490.64,2.53,760+,60-80%,20-30%,PA,Refinance,Secondary,Condo,Servicer A,Current,0,0,0,0,0-10%,2026-08-27,System1,Complete,0,0,0,0,Current,0,None
L_0008,2023-05-27,2023-01-27,4,356,500800.0,489187.16,2.53,760+,60-80%,20-30%,PA,Refinance,Secondary,Condo,Servicer A,Current,0,0,0,0,>50%,2026-08-27,System1,Pending,0,0,0,0,Current,0,None
L_0008,2023-06-26,2023-01-27,5,355,500800.0,498341.63,2.53,760+,60-80%,20-30%,PA,Refinance,Secondary,Condo,Servicer A,Current,0,0,0,0,>50%,2026-08-27,System1,Complete,0,0,0,0,Current,0,None
L_0008,2023-07-26,2023-01-27,6,354,500800.0,490662.05,2.53,760+,60-80%,20-30%,PA,Refinance,Secondary,Condo,Servicer A,30 Days Delinquent,30,0,0,0,25-50%,2026-08-27,System3,Complete,0,0,0,0,Delinquent,0,None
L_0008,2023-08-25,2023-01-27,7,353,500800.0,499573.17,2.53,760+,60-80%,20-30%,PA,Refinance,Secondary,Condo,Servicer A,Current,0,1,0,0,10-25%,2026-08-27,System1,Complete,0,0,0,1,Current,0,None
L_0008,2023-09-24,2023-01-27,8,352,500800.0,498796.76,2.53,760+,60-80%,20-30%,PA,Refinance,Secondary,Condo,Servicer A,Current,0,0,0,0,0-10%,2026-08-27,System3,Complete,0,0,0,0,Current,0,None
L_0008,2023-10-24,2023-01-27,9,351,500800.0,496881.49,2.53,760+,60-80%,20-30%,PA,Refinance,Secondary,Condo,Servicer A,Prepaid,0,0,1,0,>50%,2026-08-27,System3,Complete,0,0,0,0,Current,0,None
L_0008,2023-11-23,2023-01-27,10,350,500800.0,494131.4,2.53,760+,60-80%,20-30%,PA,Refinance,Secondary,Condo,Servicer A,Current,0,0,0,0,25-50%,2026-08-27,System2,Complete,0,0,0,0,Current,0,None
L_0008,2023-12-23,2023-01-27,11,349,500800.0,497066.67,2.53,760+,60-80%,20-30%,PA,Refinance,Secondary,Condo,Servicer A,Current,0,0,0,0,10-25%,2026-08-27,System2,Complete,0,0,0,0,Current,0,None
L_0009,2023-02-19,2023-02-19,0,360,581100.0,581996.85,3.38,<640,80-90%,<20%,GA,Purchase,Primary,Townhouse,Servicer A,Current,0,0,0,0,0-10%,2026-08-27,System2,Complete,0,0,0,0,Current,0,None
L_0009,2023-03-21,2023-02-19,1,359,581100.0,589865.97,3.38,<640,80-90%,<20%,GA,Purchase,Primary,Townhouse,Servicer A,Current,0,0,0,0,0-10%,2026-08-27,System3,Complete,0,0,0,0,Current,0,None
L_0009,2023-04-20,2023-02-19,2,358,581100.0,574226.5,3.38,<640,80-90%,<20%,GA,Purchase,Primary,Townhouse,Servicer A,Current,0,0,0,0,>50%,2026-08-27,System1,Complete,0,0,0,0,Current,0,None
L_0009,2023-05-20,2023-02-19,3,357,581100.0,569636.3,3.38,<640,80-90%,<20%,GA,Purchase,Primary,Townhouse,Servicer A,Current,0,0,0,0,10-25%,2026-08-27,System2,Complete,0,0,0,0,Current,0,None
L_0009,2023-06-19,2023-02-19,4,356,581100.0,572958.71,3.38,<640,80-90%,<20%,GA,Purchase,Primary,Townhouse,Servicer A,Current,0,0,0,0,25-50%,2026-08-27,System1,Complete,0,0,0,0,Current,0,None
L_0009,2023-07-19,2023-02-19,5,355,581100.0,585180.39,3.38,<640,80-90%,<20%,GA,Purchase,Primary,Townhouse,Servicer A,Current,0,0,0,0,25-50%,2026-08-27,System2,Complete,0,0,0,0,Current,0,None
L_0009,2023-08-18,2023-02-19,6,354,581100.0,574272.56,3.38,<640,80-90%,<20%,GA,Purchase,Primary,Townhouse,Servicer A,Current,0,0,0,0,>50%,2026-08-27,System3,Complete,0,0,0,0,Current,0,None
L_0009,2023-09-17,2023-02-19,7,353,581100.0,561965.55,3.38,<640,80-90%,<20%,GA,Purchase,Primary,Townhouse,Servicer A,Prepaid,0,0,1,0,>50%,2026-08-27,System1,Complete,0,0,0,0,Current,0,None
L_0009,2023-10-17,2023-02-19,8,352,581100.0,576321.77,3.38,<640,80-90%,<20%,GA,Purchase,Primary,Townhouse,Servicer A,Current,0,0,0,0,0-10%,2026-08-27,System3,Complete,0,0,0,0,Current,0,None
L_0009,2023-11-16,2023-02-19,9,351,581100.0,572580.67,3.38,<640,80-90%,<20%,GA,Purchase,Primary,Townhouse,Servicer A,Current,0,0,0,0,25-50%,2026-08-27,System1,Pending,0,0,0,1,Current,0,None
L_0009,2023-12-16,2023-02-19,10,350,581100.0,572984.28,3.38,<640,80-90%,<20%,GA,Purchase,Primary,Townhouse,Servicer A,Current,0,0,0,0,0-10%,2026-08-27,System1,Complete,0,0,0,0,Current,0,None
L_0009,2024-01-15,2023-02-19,11,349,581100.0,565103.83,3.38,<640,80-90%,<20%,GA,Purchase,Primary,Townhouse,Servicer A,30 Days Delinquent,30,0,0,0,10-25%,2026-08-27,System1,Pending,0,0,0,0,Delinquent,0,None
L_0010,2023-04-05,2023-04-05,0,360,65400.0,66002.86,5.52,640-699,<60%,>40%,NC,Refinance,Primary,Single Family,Servicer D,Current,0,0,0,0,>50%,2026-08-27,System3,Complete,0,0,0,0,Current,0,None
L_0010,2023-05-05,2023-04-05,1,359,65400.0,65584.25,5.52,640-699,<60%,>40%,NC,Refinance,Primary,Single Family,Servicer D,Current,0,0,0,0,0-10%,2026-08-27,System1,Complete,0,0,0,0,Current,0,None
L_0010,2023-06-04,2023-04-05,2,358,65400.0,64494.96,5.52,640-699,<60%,>40%,NC,Refinance,Primary,Single Family,Servicer D,Current,0,0,0,0,25-50%,2026-08-27,System3,Complete,0,0,0,0,Current,0,None
L_0010,2023-07-04,2023-04-05,3,357,65400.0,65355.25,5.52,640-699,<60%,>40%,NC,Refinance,Primary,Single Family,Servicer D,Current,0,0,0,0,25-50%,2026-08-27,System1,Complete,0,0,0,0,Current,0,None
L_0010,2023-08-03,2023-04-05,4,356,65400.0,64949.53,5.52,640-699,<60%,>40%,NC,Refinance,Primary,Single Family,Servicer D,Current,0,0,0,0,0-10%,2026-08-27,System1,Complete,0,0,0,0,Current,0,None
L_0010,2023-09-02,2023-04-05,5,355,65400.0,65875.58,5.52,640-699,<60%,>40%,NC,Refinance,Primary,Single Family,Servicer D,Current,0,0,0,0,0-10%,2026-08-27,System3,Complete,0,1,0,0,Current,0,None
L_0010,2023-10-02,2023-04-05,6,354,65400.0,64683.53,5.52,640-699,<60%,>40%,NC,Refinance,Primary,Single Family,Servicer D,Current,0,0,0,0,0-10%,2026-08-27,System2,Complete,0,0,0,0,Current,0,None
L_0010,2023-11-01,2023-04-05,7,353,65400.0,63499.58,5.52,640-699,<60%,>40%,NC,Refinance,Primary,Single Family,Servicer D,Current,0,0,0,0,>50%,2026-08-27,System1,Complete,0,0,0,0,Current,0,None
L_0010,2023-12-01,2023-04-05,8,352,65400.0,65217.03,5.52,640-699,<60%,>40%,NC,Refinance,Primary,Single Family,Servicer D,Current,0,0,0,0,10-25%,2026-08-27,System3,Complete,1,0,0,0,Current,0,None
L_0010,2023-12-31,2023-04-05,9,351,65400.0,62725.99,5.52,640-699,<60%,>40%,NC,Refinance,Primary,Single Family,Servicer D,Prepaid,0,0,1,0,25-50%,2026-08-27,System1,Complete,0,0,0,1,Current,0,None
L_0010,2024-01-30,2023-04-05,10,350,65400.0,63518.15,5.52,640-699,<60%,>40%,NC,Refinance,Primary,Single Family,Servicer D,Current,0,0,0,0,>50%,2026-08-27,System3,Complete,0,0,0,0,Current,0,None
L_0010,2024-02-29,2023-04-05,11,349,65400.0,63700.17,5.52,640-699,<60%,>40%,NC,Refinance,Primary,Single Family,Servicer D,90 Days Delinquent,90,0,0,0,>50%,2026-08-27,System3,Complete,0,0,0,0,Delinquent,0,None
L_0011,2023-05-31,2023-05-31,0,360,777400.0,793170.56,6.31,760+,80-90%,30-40%,TX,Purchase,Secondary,Single Family,Servicer A,Current,0,0,0,0,25-50%,2026-08-27,System1,Complete,0,0,0,0,Current,0,None
L_0011,2023-06-30,2023-05-31,1,359,777400.0,783281.49,6.31,760+,80-90%,30-40%,TX,Purchase,Secondary,Single Family,Servicer A,Current,0,0,0,0,25-50%,2026-08-27,System1,Complete,0,0,0,0,Current,0,None
L_0011,2023-07-30,2023-05-31,2,358,777400.0,772223.79,6.31,760+,80-90%,30-40%,TX,Purchase,Secondary,Single Family,Servicer A,Current,0,0,0,0,0-10%,2026-08-27,System2,Complete,0,0,0,0,Current,0,None
L_0011,2023-08-29,2023-05-31,3,357,777400.0,775337.78,6.31,760+,80-90%,30-40%,TX,Purchase,Secondary,Single Family,Servicer A,Current,0,0,0,0,0-10%,2026-08-27,System2,Complete,0,0,0,0,Current,0,None
L_0011,2023-09-28,2023-05-31,4,356,777400.0,768667.43,6.31,760+,80-90%,30-40%,TX,Purchase,Secondary,Single Family,Servicer A,Current,0,0,0,0,25-50%,2026-08-27,System2,Pending,0,0,0,0,Current,0,None
L_0011,2023-10-28,2023-05-31,5,355,777400.0,769545.3,6.31,760+,80-90%,30-40%,TX,Purchase,Secondary,Single Family,Servicer A,Current,0,0,0,0,>50%,2026-08-27,System3,Complete,0,0,0,0,Current,0,None
L_0011,2023-11-27,2023-05-31,6,354,777400.0,763411.31,6.31,760+,80-90%,30-40%,TX,Purchase,Secondary,Single Family,Servicer A,Current,0,0,0,0,10-25%,2026-08-27,System1,Complete,0,0,0,0,Current,0,None
L_0011,2023-12-27,2023-05-31,7,353,777400.0,768135.92,6.31,760+,80-90%,30-40%,TX,Purchase,Secondary,Single Family,Servicer A,Current,0,0,0,0,10-25%,2026-08-27,System3,Complete,0,0,0,0,Current,0,None
L_0011,2024-01-26,2023-05-31,8,352,777400.0,753848.27,6.31,760+,80-90%,30-40%,TX,Purchase,Secondary,Single Family,Servicer A,Current,0,0,0,0,10-25%,2026-08-27,System2,Complete,0,0,0,0,Current,0,None
L_0011,2024-02-25,2023-05-31,9,351,777400.0,752740.8,6.31,760+,80-90%,30-40%,TX,Purchase,Secondary,Single Family,Servicer A,Prepaid,0,0,1,0,25-50%,2026-08-27,System3,Complete,0,0,0,0,Current,0,None
L_0011,2024-03-26,2023-05-31,10,350,777400.0,749201.58,6.31,760+,80-90%,30-40%,TX,Purchase,Secondary,Single Family,Servicer A,Current,0,0,0,0,25-50%,2026-08-27,System1,Complete,0,0,0,0,Current,0,None
L_0011,2024-04-25,2023-05-31,11,349,777400.0,774131.87,6.31,760+,80-90%,30-40%,TX,Purchase,Secondary,Single Family,Servicer A,Current,0,0,0,0,25-50%,2026-08-27,System3,Pending,0,0,0,0,Current,0,None
L_0012,2023-03-29,2023-03-29,0,360,674300.0,676700.53,6.09,760+,80-90%,<20%,NC,Refinance,Primary,Single Family,Servicer B,Current,0,0,0,0,25-50%,2026-08-27,System3,Complete,0,0,0,0,Current,0,None
L_0012,2023-04-28,2023-03-29,1,359,674300.0,674418.42,6.09,760+,80-90%,<20%,NC,Refinance,Primary,Single Family,Servicer B,Current,0,0,0,0,25-50%,2026-08-27,System2,Complete,0,0,0,0,Current,0,None
L_0012,2023-05-28,2023-03-29,2,358,674300.0,664668.34,6.09,760+,80-90%,<20%,NC,Refinance,Primary,Single Family,Servicer B,Current,0,0,0,0,10-25%,2026-08-27,System1,Complete,0,0,0,0,Current,0,None
L_0012,2023-06-27,2023-03-29,3,357,674300.0,672921.32,6.09,760+,80-90%,<20%,NC,Refinance,Primary,Single Family,Servicer B,Current,0,0,0,0,10-25%,2026-08-27,System1,Complete,0,0,0,0,Current,0,None
L_0012,2023-07-27,2023-03-29,4,356,674300.0,666427.25,6.09,760+,80-90%,<20%,NC,Refinance,Primary,Single Family,Servicer B,30 Days Delinquent,30,0,0,0,10-25%,2026-08-27,System3,Complete,0,0,0,0,Delinquent,0,None
L_0012,2023-08-26,2023-03-29,5,355,674300.0,658174.04,6.09,760+,80-90%,<20%,NC,Refinance,Primary,Single Family,Servicer B,Current,0,0,0,0,10-25%,2026-08-27,System3,Complete,0,1,0,0,Current,0,None
L_0012,2023-09-25,2023-03-29,6,354,674300.0,661825.85,6.09,760+,80-90%,<20%,NC,Refinance,Primary,Single Family,Servicer B,Current,0,0,0,0,>50%,2026-08-27,System2,Complete,0,0,0,0,Current,0,None
L_0012,2023-10-25,2023-03-29,7,353,674300.0,670541.19,6.09,760+,80-90%,<20%,NC,Refinance,Primary,Single Family,Servicer B,Current,0,0,0,0,0-10%,2026-08-27,System3,Complete,0,0,0,0,Current,0,None
L_0012,2023-11-24,2023-03-29,8,352,674300.0,669138.93,6.09,760+,80-90%,<20%,NC,Refinance,Primary,Single Family,Servicer B,Current,0,0,0,0,0-10%,2026-08-27,System2,Complete,1,0,0,0,Current,0,None
L_0012,2023-12-24,2023-03-29,9,351,674300.0,654001.29,6.09,760+,80-90%,<20%,NC,Refinance,Primary,Single Family,Servicer B,Current,0,0,0,0,0-10%,2026-08-27,System2,Complete,0,0,0,0,Current,0,None
L_0012,2024-01-23,2023-03-29,10,350,674300.0,667290.6,6.09,760+,80-90%,<20%,NC,Refinance,Primary,Single Family,Servicer B,Current,0,0,0,0,10-25%,2026-08-27,System3,Pending,0,0,0,0,Current,0,None
L_0012,2024-02-22,2023-03-29,11,349,674300.0,661812.37,6.09,760+,80-90%,<20%,NC,Refinance,Primary,Single Family,Servicer B,Charged Off,120,0,0,0,10-25%,2026-08-27,System2,Complete,0,0,0,0,Current,1,High DPD
L_0013,2023-02-13,2023-02-13,0,360,209300.0,210883.96,3.73,700-759,<60%,>40%,MI,Purchase,Primary,Single Family,Servicer B,Current,0,0,0,0,>50%,2026-08-27,System1,Complete,0,0,0,0,Current,0,None
L_0013,2023-03-15,2023-02-13,1,359,209300.0,210160.73,3.73,700-759,<60%,>40%,MI,Purchase,Primary,Single Family,Servicer B,Current,0,0,0,0,10-25%,2026-08-27,System1,Complete,0,1,0,0,Current,0,None
L_0013,2023-04-14,2023-02-13,2,358,209300.0,207845.92,3.73,700-759,<60%,>40%,MI,Purchase,Primary,Single Family,Servicer B,Current,0,0,0,0,0-10%,2026-08-27,System1,Complete,0,0,0,0,Current,0,None
L_0013,2023-05-14,2023-02-13,3,357,209300.0,210331.39,3.73,700-759,<60%,>40%,MI,Purchase,Primary,Single Family,Servicer B,Current,0,0,0,0,25-50%,2026-08-27,System2,Complete,0,0,0,0,Current,0,None
L_0013,2023-06-13,2023-02-13,4,356,209300.0,206025.7,3.73,700-759,<60%,>40%,MI,Purchase,Primary,Single Family,Servicer B,Current,0,0,0,0,0-10%,2026-08-27,System3,Complete,1,0,0,0,Current,0,None
L_0013,2023-07-13,2023-02-13,5,355,209300.0,206376.65,3.73,700-759,<60%,>40%,MI,Purchase,Primary,Single Family,Servicer B,30 Days Delinquent,30,0,0,0,10-25%,2026-08-27,System1,Complete,0,0,0,0,Delinquent,0,None
L_0013,2023-08-12,2023-02-13,6,354,209300.0,208616.91,3.73,700-759,<60%,>40%,MI,Purchase,Primary,Single Family,Servicer B,Current,0,0,0,0,10-25%,2026-08-27,System3,Pending,0,0,0,0,Current,0,None
L_0013,2023-09-11,2023-02-13,7,353,209300.0,208783.92,3.73,700-759,<60%,>40%,MI,Purchase,Primary,Single Family,Servicer B,60 Days Delinquent,60,0,0,0,0-10%,2026-08-27,System3,Complete,0,0,0,0,Delinquent,0,None
L_0013,2023-10-11,2023-02-13,8,352,209300.0,208300.81,3.73,700-759,<60%,>40%,MI,Purchase,Primary,Single Family,Servicer B,Current,0,0,0,0,>50%,2026-08-27,System1,Complete,0,0,0,0,Current,0,None
L_0013,2023-11-10,2023-02-13,9,351,209300.0,205494.59,3.73,700-759,<60%,>40%,MI,Purchase,Primary,Single Family,Servicer B,Current,0,0,0,0,0-10%,2026-08-27,System1,Complete,0,0,0,0,Current,0,None
L_0013,2023-12-10,2023-02-13,10,350,209300.0,205478.65,3.73,700-759,<60%,>40%,MI,Purchase,Primary,Single Family,Servicer B,Current,0,0,0,0,25-50%,2026-08-27,System1,Complete,0,0,0,1,Current,0,None
L_0013,2024-01-09,2023-02-13,11,349,209300.0,204806.09,3.73,700-759,<60%,>40%,MI,Purchase,Primary,Single Family,Servicer B,Current,0,0,0,0,25-50%,2026-08-27,System2,Complete,0,0,0,0,Current,0,None
L_0014,2023-01-22,2023-01-22,0,360,186400.0,186066.06,6.42,700-759,80-90%,>40%,NC,Refinance,Primary,Single Family,Servicer A,Current,0,0,0,0,10-25%,2026-08-27,System2,Pending,0,0,0,0,Current,0,None
L_0014,2023-02-21,2023-01-22,1,359,186400.0,183668.35,6.42,700-759,80-90%,>40%,NC,Refinance,Primary,Single Family,Servicer A,Current,0,0,0,0,25-50%,2026-08-27,System2,Complete,0,0,0,0,Current,0,None
L_0014,2023-03-23,2023-01-22,2,358,186400.0,186102.42,6.42,700-759,80-90%,>40%,NC,Refinance,Primary,Single Family,Servicer A,Current,0,0,0,0,0-10%,2026-08-27,System2,Complete,0,0,0,0,Current,0,None
L_0014,2023-04-22,2023-01-22,3,357,186400.0,183148.98,6.42,700-759,80-90%,>40%,NC,Refinance,Primary,Single Family,Servicer A,Current,0,0,0,0,10-25%,2026-08-27,System2,Complete,0,0,0,0,Current,0,None
L_0014,2023-05-22,2023-01-22,4,356,186400.0,185290.91,6.42,700-759,80-90%,>40%,NC,Refinance,Primary,Single Family,Servicer A,Current,0,0,0,0,25-50%,2026-08-27,System3,Complete,0,0,0,0,Current,0,None
L_0014,2023-06-21,2023-01-22,5,355,186400.0,185898.78,6.42,700-759,80-90%,>40%,NC,Refinance,Primary,Single Family,Servicer A,30 Days Delinquent,30,0,0,0,0-10%,2026-08-27,System1,Pending,0,1,0,0,Delinquent,0,None
L_0014,2023-07-21,2023-01-22,6,354,186400.0,183052.31,6.42,700-759,80-90%,>40%,NC,Refinance,Primary,Single Family,Servicer A,Current,0,0,0,0,25-50%,2026-08-27,System3,Pending,0,0,0,0,Current,0,None
L_0014,2023-08-20,2023-01-22,7,353,186400.0,182620.53,6.42,700-759,80-90%,>40%,NC,Refinance,Primary,Single Family,Servicer A,Current,0,0,0,0,>50%,2026-08-27,System1,Complete,0,0,0,0,Current,0,None
L_0014,2023-09-19,2023-01-22,8,352,186400.0,182821.8,6.42,700-759,80-90%,>40%,NC,Refinance,Primary,Single Family,Servicer A,Current,0,0,0,0,0-10%,2026-08-27,System3,Complete,1,0,0,0,Current,0,None
L_0014,2023-10-19,2023-01-22,9,351,186400.0,184246.23,6.42,700-759,80-90%,>40%,NC,Refinance,Primary,Single Family,Servicer A,Current,0,0,0,0,0-10%,2026-08-27,System3,Missing,0,0,0,0,Current,0,None
L_0014,2023-11-18,2023-01-22,10,350,186400.0,183664.45,6.42,700-759,80-90%,>40%,NC,Refinance,Primary,Single Family,Servicer A,Prepaid,0,0,1,0,10-25%,2026-08-27,System1,Complete,0,1,0,0,Current,0,None
L_0014,2023-12-18,2023-01-22,11,349,186400.0,180078.93,6.42,700-759,80-90%,>40%,NC,Refinance,Primary,Single Family,Servicer A,90 Days Delinquent,90,0,0,0,25-50%,2026-08-27,System2,Pending,0,0,0,0,Delinquent,0,None
L_0015,2023-06-20,2023-06-20,0,360,187600.0,184001.65,3.8,700-759,>90%,20-30%,MI,Purchase,Primary,Single Family,Servicer B,Current,0,0,0,0,10-25%,2026-08-27,System2,Complete,0,0,0,0,Current,0,None
L_0015,2023-07-20,2023-06-20,1,359,187600.0,186943.77,3.8,700-759,>90%,20-30%,MI,Purchase,Primary,Single Family,Servicer B,Current,0,0,0,0,10-25%,2026-08-27,System2,Complete,1,0,0,0,Current,0,None
L_0015,2023-08-19,2023-06-20,2,358,187600.0,186549.26,3.8,700-759,>90%,20-30%,MI,Purchase,Primary,Single Family,Servicer B,Current,0,0,0,0,>50%,2026-08-27,System2,Pending,0,0,0,0,Current,0,None
L_0015,2023-09-18,2023-06-20,3,357,187600.0,188405.99,3.8,700-759,>90%,20-30%,MI,Purchase,Primary,Single Family,Servicer B,Current,0,0,0,0,10-25%,2026-08-27,System1,Complete,0,0,0,0,Current,0,None
L_0015,2023-10-18,2023-06-20,4,356,187600.0,187271.47,3.8,700-759,>90%,20-30%,MI,Purchase,Primary,Single Family,Servicer B,Charged Off,120,0,0,0,0-10%,2026-08-27,System3,Complete,0,0,0,0,Current,1,High DPD
L_0015,2023-11-17,2023-06-20,5,355,187600.0,181936.29,3.8,700-759,>90%,20-30%,MI,Purchase,Primary,Single Family,Servicer B,Current,0,0,0,0,>50%,2026-08-27,System2,Complete,0,0,0,0,Current,0,None
L_0015,2023-12-17,2023-06-20,6,354,187600.0,188504.73,3.8,700-759,>90%,20-30%,MI,Purchase,Primary,Single Family,Servicer B,Current,0,0,0,0,25-50%,2026-08-27,System3,Complete,0,0,0,0,Current,0,None
L_0015,2024-01-16,2023-06-20,7,353,187600.0,184835.34,3.8,700-759,>90%,20-30%,MI,Purchase,Primary,Single Family,Servicer B,Current,0,0,0,0,10-25%,2026-08-27,System2,Pending,0,0,0,0,Current,0,None
L_0015,2024-02-15,2023-06-20,8,352,187600.0,187790.32,3.8,700-759,>90%,20-30%,MI,Purchase,Primary,Single Family,Servicer B,Current,0,0,0,0,>50%,2026-08-27,System1,Complete,0,0,0,0,Current,0,None
L_0015,2024-03-16,2023-06-20,9,351,187600.0,184360.04,3.8,700-759,>90%,20-30%,MI,Purchase,Primary,Single Family,Servicer B,Current,0,0,0,0,0-10%,2026-08-27,System3,Complete,0,0,0,0,Current,0,None
L_0015,2024-04-15,2023-06-20,10,350,187600.0,184660.58,3.8,700-759,>90%,20-30%,MI,Purchase,Primary,Single Family,Servicer B,Current,0,0,0,0,10-25%,2026-08-27,System1,Complete,0,0,0,0,Current,0,None
L_0015,2024-05-15,2023-06-20,11,349,187600.0,182683.16,3.8,700-759,>90%,20-30%,MI,Purchase,Primary,Single Family,Servicer B,Current,0,0,0,0,10-25%,2026-08-27,System3,Pending,0,0,0,0,Current,0,None
L_0016,2023-06-14,2023-06-14,0,360,278200.0,276722.16,4.29,640-699,<60%,30-40%,MI,Cash-out Refinance,Primary,Single Family,Servicer A,Current,0,0,0,0,25-50%,2026-08-27,System1,Complete,0,0,0,0,Current,0,None
L_0016,2023-07-14,2023-06-14,1,359,278200.0,278987.05,4.29,640-699,<60%,30-40%,MI,Cash-out Refinance,Primary,Single Family,Servicer A,Current,0,0,0,0,10-25%,2026-08-27,System3,Complete,0,0,0,0,Current,0,None
L_0016,2023-08-13,2023-06-14,2,358,278200.0,278943.96,4.29,640-699,<60%,30-40%,MI,Cash-out Refinance,Primary,Single Family,Servicer A,Current,0,0,0,0,25-50%,2026-08-27,System1,Complete,0,0,0,0,Current,0,None
L_0016,2023-09-12,2023-06-14,3,357,278200.0,280307.71,4.29,640-699,<60%,30-40%,MI,Cash-out Refinance,Primary,Single Family,Servicer A,Current,0,0,0,0,0-10%,2026-08-27,System1,Complete,0,0,0,0,Current,0,None
L_0016,2023-10-12,2023-06-14,4,356,278200.0,274218.4,4.29,640-699,<60%,30-40%,MI,Cash-out Refinance,Primary,Single Family,Servicer A,Current,0,0,0,0,>50%,2026-08-27,System3,Complete,0,0,0,0,Current,0,None
L_0016,2023-11-11,2023-06-14,5,355,278200.0,272862.3,4.29,640-699,<60%,30-40%,MI,Cash-out Refinance,Primary,Single Family,Servicer A,Current,0,0,0,0,>50%,2026-08-27,System3,Complete,0,0,0,0,Current,0,None
L_0016,2023-12-11,2023-06-14,6,354,278200.0,276901.49,4.29,640-699,<60%,30-40%,MI,Cash-out Refinance,Primary,Single Family,Servicer A,Current,0,0,0,0,10-25%,2026-08-27,System2,Missing,0,0,0,0,Current,0,None
L_0016,2024-01-10,2023-06-14,7,353,278200.0,277045.01,4.29,640-699,<60%,30-40%,MI,Cash-out Refinance,Primary,Single Family,Servicer A,Current,0,0,0,0,0-10%,2026-08-27,System1,Complete,0,0,0,0,Current,0,None
L_0016,2024-02-09,2023-06-14,8,352,278200.0,274108.56,4.29,640-699,<60%,30-40%,MI,Cash-out Refinance,Primary,Single Family,Servicer A,Current,0,0,0,0,25-50%,2026-08-27,System1,Complete,0,0,0,0,Current,0,None
L_0016,2024-03-10,2023-06-14,9,351,278200.0,272079.2,4.29,640-699,<60%,30-40%,MI,Cash-out Refinance,Primary,Single Family,Servicer A,Current,0,0,0,0,25-50%,2026-08-27,System1,Complete,0,0,0,0,Current,0,None
L_0016,2024-04-09,2023-06-14,10,350,278200.0,270516.55,4.29,640-699,<60%,30-40%,MI,Cash-out Refinance,Primary,Single Family,Servicer A,Current,0,0,0,0,>50%,2026-08-27,System3,Complete,0,0,0,1,Current,0,None
L_0016,2024-05-09,2023-06-14,11,349,278200.0,273966.0,4.29,640-699,<60%,30-40%,MI,Cash-out Refinance,Primary,Single Family,Servicer A,Current,0,0,0,0,25-50%,2026-08-27,System3,Complete,0,0,0,0,Current,0,None
L_0017,2023-04-07,2023-04-07,0,360,443600.0,444835.95,6.61,640-699,60-80%,20-30%,OH,Purchase,Primary,Single Family,Servicer A,Current,0,0,0,0,>50%,2026-08-27,System3,Pending,0,1,0,0,Current,0,None
L_0017,2023-05-07,2023-04-07,1,359,443600.0,436393.81,6.61,640-699,60-80%,20-30%,OH,Purchase,Primary,Single Family,Servicer A,Current,0,0,0,0,10-25%,2026-08-27,System2,Complete,0,0,0,0,Current,0,None
L_0017,2023-06-06,2023-04-07,2,358,443600.0,442258.89,6.61,640-699,60-80%,20-30%,OH,Purchase,Primary,Single Family,Servicer A,Current,0,0,0,0,25-50%,2026-08-27,System3,Complete,0,0,0,0,Current,0,None
L_0017,2023-07-06,2023-04-07,3,357,443600.0,446652.4,6.61,640-699,60-80%,20-30%,OH,Purchase,Primary,Single Family,Servicer A,Current,0,0,0,0,10-25%,2026-08-27,System2,Complete,1,0,0,0,Current,0,None
L_0017,2023-08-05,2023-04-07,4,356,443600.0,439539.73,6.61,640-699,60-80%,20-30%,OH,Purchase,Primary,Single Family,Servicer A,Current,0,0,0,0,25-50%,2026-08-27,System2,Complete,0,0,0,0,Current,0,None
L_0017,2023-09-04,2023-04-07,5,355,443600.0,440106.94,6.61,640-699,60-80%,20-30%,OH,Purchase,Primary,Single Family,Servicer A,Current,0,0,0,0,10-25%,2026-08-27,System2,Complete,0,0,0,0,Current,0,None
L_0017,2023-10-04,2023-04-07,6,354,443600.0,442116.31,6.61,640-699,60-80%,20-30%,OH,Purchase,Primary,Single Family,Servicer A,Charged Off,120,0,0,0,0-10%,2026-08-27,System3,Pending,0,0,0,0,Current,1,High DPD
L_0017,2023-11-03,2023-04-07,7,353,443600.0,443830.91,6.61,640-699,60-80%,20-30%,OH,Purchase,Primary,Single Family,Servicer A,Current,0,0,0,0,>50%,2026-08-27,System2,Pending,0,0,0,0,Current,0,None
L_0017,2023-12-03,2023-04-07,8,352,443600.0,437916.92,6.61,640-699,60-80%,20-30%,OH,Purchase,Primary,Single Family,Servicer A,Current,0,0,0,0,10-25%,2026-08-27,System2,Complete,0,0,0,0,Current,0,None
L_0017,2024-01-02,2023-04-07,9,351,443600.0,430615.68,6.61,640-699,60-80%,20-30%,OH,Purchase,Primary,Single Family,Servicer A,Current,0,0,0,0,0-10%,2026-08-27,System3,Pending,0,0,0,0,Current,0,None
L_0017,2024-02-01,2023-04-07,10,350,443600.0,437188.93,6.61,640-699,60-80%,20-30%,OH,Purchase,Primary,Single Family,Servicer A,Prepaid,0,0,1,0,25-50%,2026-08-27,System2,Complete,0,0,0,0,Current,0,None
L_0017,2024-03-02,2023-04-07,11,349,443600.0,436873.41,6.61,640-699,60-80%,20-30%,OH,Purchase,Primary,Single Family,Servicer A,30 Days Delinquent,30,0,0,0,0-10%,2026-08-27,System3,Complete,0,1,1,0,Delinquent,0,None
L_0018,2023-01-03,2023-01-03,0,360,374000.0,380246.41,6.07,700-759,80-90%,<20%,CA,Refinance,Investment,Single Family,Servicer A,Current,0,0,0,0,>50%,2026-08-27,System1,Complete,0,1,0,0,Current,0,None
L_0018,2023-02-02,2023-01-03,1,359,374000.0,371625.3,6.07,700-759,80-90%,<20%,CA,Refinance,Investment,Single Family,Servicer A,Current,0,0,0,0,25-50%,2026-08-27,System2,Complete,0,0,0,0,Current,0,None
L_0018,2023-03-04,2023-01-03,2,358,374000.0,368666.49,6.07,700-759,80-90%,<20%,CA,Refinance,Investment,Single Family,Servicer A,Current,0,0,0,0,25-50%,2026-08-27,System2,Complete,1,0,0,0,Current,0,None
L_0018,2023-04-03,2023-01-03,3,357,374000.0,371614.21,6.07,700-759,80-90%,<20%,CA,Refinance,Investment,Single Family,Servicer A,Current,0,0,0,0,10-25%,2026-08-27,System1,Complete,1,0,0,0,Current,0,None
L_0018,2023-05-03,2023-01-03,4,356,374000.0,365061.94,6.07,700-759,80-90%,<20%,CA,Refinance,Investment,Single Family,Servicer A,Current,0,0,0,0,0-10%,2026-08-27,System3,Complete,0,0,0,0,Current,0,None
L_0018,2023-06-02,2023-01-03,5,355,374000.0,365759.13,6.07,700-759,80-90%,<20%,CA,Refinance,Investment,Single Family,Servicer A,60 Days Delinquent,60,0,0,0,10-25%,2026-08-27,System3,Complete,0,1,0,0,Delinquent,0,None
L_0018,2023-07-02,2023-01-03,6,354,374000.0,374657.62,6.07,700-759,80-90%,<20%,CA,Refinance,Investment,Single Family,Servicer A,60 Days Delinquent,60,0,0,0,0-10%,2026-08-27,System1,Complete,0,0,0,0,Delinquent,0,None
L_0018,2023-08-01,2023-01-03,7,353,374000.0,361207.57,6.07,700-759,80-90%,<20%,CA,Refinance,Investment,Single Family,Servicer A,Current,0,0,0,0,10-25%,2026-08-27,System1,Complete,0,0,0,0,Current,0,None
L_0018,2023-08-31,2023-01-03,8,352,374000.0,373596.57,6.07,700-759,80-90%,<20%,CA,Refinance,Investment,Single Family,Servicer A,Current,0,0,0,0,0-10%,2026-08-27,System2,Complete,1,0,0,0,Current,0,None
L_0018,2023-09-30,2023-01-03,9,351,374000.0,369479.39,6.07,700-759,80-90%,<20%,CA,Refinance,Investment,Single Family,Servicer A,Current,0,0,0,0,10-25%,2026-08-27,System2,Complete,0,0,0,0,Current,0,None
L_0018,2023-10-30,2023-01-03,10,350,374000.0,366278.19,6.07,700-759,80-90%,<20%,CA,Refinance,Investment,Single Family,Servicer A,Current,0,0,0,0,25-50%,2026-08-27,System3,Complete,0,1,0,1,Current,0,None
L_0018,2023-11-29,2023-01-03,11,349,374000.0,367420.37,6.07,700-759,80-90%,<20%,CA,Refinance,Investment,Single Family,Servicer A,Charged Off,120,0,0,1,>50%,2026-08-27,System3,Pending,0,0,0,0,Current,1,High DPD
L_0019,2023-04-28,2023-04-28,0,360,268400.0,262590.99,7.17,760+,80-90%,20-30%,OH,Cash-out Refinance,Primary,Single Family,Servicer D,Current,0,0,0,0,10-25%,2026-08-27,System3,Complete,0,1,0,0,Current,0,None
L_0019,2023-05-28,2023-04-28,1,359,268400.0,266983.0,7.17,760+,80-90%,20-30%,OH,Cash-out Refinance,Primary,Single Family,Servicer D,Current,0,0,0,0,10-25%,2026-08-27,System1,Complete,1,0,0,0,Current,0,None
L_0019,2023-06-27,2023-04-28,2,358,268400.0,263264.79,7.17,760+,80-90%,20-30%,OH,Cash-out Refinance,Primary,Single Family,Servicer D,Current,0,0,0,0,25-50%,2026-08-27,System2,Complete,0,0,0,0,Current,0,None
L_0019,2023-07-27,2023-04-28,3,357,268400.0,259233.7,7.17,760+,80-90%,20-30%,OH,Cash-out Refinance,Primary,Single Family,Servicer D,Current,0,0,0,0,10-25%,2026-08-27,System1,Complete,1,1,0,0,Current,0,None
L_0019,2023-08-26,2023-04-28,4,356,268400.0,261274.56,7.17,760+,80-90%,20-30%,OH,Cash-out Refinance,Primary,Single Family,Servicer D,60 Days Delinquent,60,0,0,0,0-10%,2026-08-27,System2,Complete,0,0,0,0,Delinquent,0,None
L_0019,2023-09-25,2023-04-28,5,355,268400.0,264683.64,7.17,760+,80-90%,20-30%,OH,Cash-out Refinance,Primary,Single Family,Servicer D,Current,0,0,0,0,>50%,2026-08-27,System2,Complete,0,0,0,0,Current,0,None
L_0019,2023-10-25,2023-04-28,6,354,268400.0,266381.81,7.17,760+,80-90%,20-30%,OH,Cash-out Refinance,Primary,Single Family,Servicer D,90 Days Delinquent,90,0,0,0,25-50%,2026-08-27,System1,Complete,1,0,0,0,Delinquent,0,None
L_0019,2023-11-24,2023-04-28,7,353,268400.0,262042.83,7.17,760+,80-90%,20-30%,OH,Cash-out Refinance,Primary,Single Family,Servicer D,Current,0,0,0,0,0-10%,2026-08-27,System3,Complete,0,0,0,0,Current,0,None
L_0019,2023-12-24,2023-04-28,8,352,268400.0,265992.92,7.17,760+,80-90%,20-30%,OH,Cash-out Refinance,Primary,Single Family,Servicer D,Current,0,0,0,0,25-50%,2026-08-27,System1,Pending,0,0,0,0,Current,0,None
L_0019,2024-01-23,2023-04-28,9,351,268400.0,258165.79,7.17,760+,80-90%,20-30%,OH,Cash-out Refinance,Primary,Single Family,Servicer D,90 Days Delinquent,90,0,0,0,10-25%,2026-08-27,System2,Complete,0,0,0,0,Delinquent,0,None
L_0019,2024-02-22,2023-04-28,10,350,268400.0,261176.03,7.17,760+,80-90%,20-30%,OH,Cash-out Refinance,Primary,Single Family,Servicer D,Prepaid,0,0,1,0,0-10%,2026-08-27,System2,Complete,0,0,0,0,Current,0,None
L_0019,2024-03-23,2023-04-28,11,349,268400.0,260022.27,7.17,760+,80-90%,20-30%,OH,Cash-out Refinance,Primary,Single Family,Servicer D,30 Days Delinquent,30,0,0,0,10-25%,2026-08-27,System3,Complete,0,0,0,0,Delinquent,0,None
L_0020,2023-01-19,2023-01-19,0,360,508900.0,513449.82,6.12,760+,<60%,30-40%,MI,Purchase,Primary,Multi-family,Servicer A,Current,0,0,0,0,0-10%,2026-08-27,System3,Complete,0,0,0,0,Current,0,None
L_0020,2023-02-18,2023-01-19,1,359,508900.0,505359.49,6.12,760+,<60%,30-40%,MI,Purchase,Primary,Multi-family,Servicer A,Current,0,0,0,0,10-25%,2026-08-27,System3,Complete,0,0,0,0,Current,0,None
L_0020,2023-03-20,2023-01-19,2,358,508900.0,505752.22,6.12,760+,<60%,30-40%,MI,Purchase,Primary,Multi-family,Servicer A,Current,0,0,0,0,25-50%,2026-08-27,System3,Complete,0,0,0,0,Current,0,None
L_0020,2023-04-19,2023-01-19,3,357,508900.0,505396.8,6.12,760+,<60%,30-40%,MI,Purchase,Primary,Multi-family,Servicer A,Current,0,0,0,0,0-10%,2026-08-27,System1,Complete,0,0,0,0,Current,0,None
L_0020,2023-05-19,2023-01-19,4,356,508900.0,506112.37,6.12,760+,<60%,30-40%,MI,Purchase,Primary,Multi-family,Servicer A,Current,0,0,0,0,10-25%,2026-08-27,System3,Complete,0,0,0,0,Current,0,None
L_0020,2023-06-18,2023-01-19,5,355,508900.0,501936.38,6.12,760+,<60%,30-40%,MI,Purchase,Primary,Multi-family,Servicer A,Current,0,0,0,0,10-25%,2026-08-27,System3,Complete,0,0,0,0,Current,0,None
L_0020,2023-07-18,2023-01-19,6,354,508900.0,505498.9,6.12,760+,<60%,30-40%,MI,Purchase,Primary,Multi-family,Servicer A,Current,0,0,0,0,0-10%,2026-08-27,System3,Complete,0,0,0,0,Current,0,None
L_0020,2023-08-17,2023-01-19,7,353,508900.0,505942.68,6.12,760+,<60%,30-40%,MI,Purchase,Primary,Multi-family,Servicer A,Current,0,0,0,0,10-25%,2026-08-27,System3,Complete,0,0,0,0,Current,0,None
L_0020,2023-09-16,2023-01-19,8,352,508900.0,509017.5,6.12,760+,<60%,30-40%,MI,Purchase,Primary,Multi-family,Servicer A,Current,0,0,0,0,0-10%,2026-08-27,System3,Pending,0,0,0,0,Current,0,None
L_0020,2023-10-16,2023-01-19,9,351,508900.0,505090.07,6.12,760+,<60%,30-40%,MI,Purchase,Primary,Multi-family,Servicer A,Current,0,0,0,0,25-50%,2026-08-27,System2,Complete,0,0,0,0,Current,0,None
L_0020,2023-11-15,2023-01-19,10,350,508900.0,506183.39,6.12,760+,<60%,30-40%,MI,Purchase,Primary,Multi-family,Servicer A,30 Days Delinquent,30,0,0,0,0-10%,2026-08-27,System1,Complete,0,0,0,0,Delinquent,0,None
L_0020,2023-12-15,2023-01-19,11,349,508900.0,495335.18,6.12,760+,<60%,30-40%,MI,Purchase,Primary,Multi-family,Servicer A,Current,0,0,0,0,0-10%,2026-08-27,System1,Pending,0,0,0,0,Current,0,None
L_0021,2023-01-23,2023-01-23,0,360,154600.0,155359.41,5.63,760+,60-80%,<20%,IL,Cash-out Refinance,Primary,Single Family,Servicer D,Current,0,0,0,0,>50%,2026-08-27,System2,Pending,0,0,0,0,Current,0,None
L_0021,2023-02-22,2023-01-23,1,359,154600.0,153738.39,5.63,760+,60-80%,<20%,IL,Cash-out Refinance,Primary,Single Family,Servicer D,Current,0,0,0,0,0-10%,2026-08-27,System1,Complete,0,0,0,0,Current,0,None
L_0021,2023-03-24,2023-01-23,2,358,154600.0,154649.7,5.63,760+,60-80%,<20%,IL,Cash-out Refinance,Primary,Single Family,Servicer D,Current,0,0,0,0,>50%,2026-08-27,System1,Complete,0,0,0,0,Current,0,None
L_0021,2023-04-23,2023-01-23,3,357,154600.0,154704.9,5.63,760+,60-80%,<20%,IL,Cash-out Refinance,Primary,Single Family,Servicer D,Current,0,0,0,0,0-10%,2026-08-27,System1,Complete,0,0,0,0,Current,0,None
L_0021,2023-05-23,2023-01-23,4,356,154600.0,157088.61,5.63,760+,60-80%,<20%,IL,Cash-out Refinance,Primary,Single Family,Servicer D,Current,0,0,0,0,0-10%,2026-08-27,System3,Complete,0,0,0,0,Current,0,None
L_0021,2023-06-22,2023-01-23,5,355,154600.0,155044.18,5.63,760+,60-80%,<20%,IL,Cash-out Refinance,Primary,Single Family,Servicer D,Current,0,0,0,0,25-50%,2026-08-27,System1,Complete,0,0,0,0,Current,0,None
L_0021,2023-07-22,2023-01-23,6,354,154600.0,151016.13,5.63,760+,60-80%,<20%,IL,Cash-out Refinance,Primary,Single Family,Servicer D,Current,0,0,0,0,0-10%,2026-08-27,System2,Complete,0,0,0,0,Current,0,None
L_0021,2023-08-21,2023-01-23,7,353,154600.0,151127.48,5.63,760+,60-80%,<20%,IL,Cash-out Refinance,Primary,Single Family,Servicer D,30 Days Delinquent,30,0,0,0,25-50%,2026-08-27,System1,Pending,0,0,0,0,Delinquent,0,None
L_0021,2023-09-20,2023-01-23,8,352,154600.0,153350.26,5.63,760+,60-80%,<20%,IL,Cash-out Refinance,Primary,Single Family,Servicer D,Current,0,0,0,0,0-10%,2026-08-27,System1,Pending,0,0,0,0,Current,0,None
L_0021,2023-10-20,2023-01-23,9,351,154600.0,153207.97,5.63,760+,60-80%,<20%,IL,Cash-out Refinance,Primary,Single Family,Servicer D,Current,0,0,0,0,0-10%,2026-08-27,System2,Complete,0,0,0,0,Current,0,None
L_0021,2023-11-19,2023-01-23,10,350,154600.0,150917.23,5.63,760+,60-80%,<20%,IL,Cash-out Refinance,Primary,Single Family,Servicer D,Current,0,0,0,0,0-10%,2026-08-27,System2,Missing,0,0,0,0,Current,0,None
L_0021,2023-12-19,2023-01-23,11,349,154600.0,151437.77,5.63,760+,60-80%,<20%,IL,Cash-out Refinance,Primary,Single Family,Servicer D,Current,0,0,0,0,0-10%,2026-08-27,System3,Complete,0,0,0,0,Current,0,None
L_0022,2023-06-06,2023-06-06,0,360,269100.0,271148.67,3.02,<640,60-80%,20-30%,PA,Refinance,Secondary,Single Family,Servicer A,Current,0,0,0,0,25-50%,2026-08-27,System1,Complete,0,0,0,0,Current,0,None
L_0022,2023-07-06,2023-06-06,1,359,269100.0,265484.35,3.02,<640,60-80%,20-30%,PA,Refinance,Secondary,Single Family,Servicer A,Current,0,0,0,0,0-10%,2026-08-27,System1,Complete,0,0,0,0,Current,0,None
L_0022,2023-08-05,2023-06-06,2,358,269100.0,265932.48,3.02,<640,60-80%,20-30%,PA,Refinance,Secondary,Single Family,Servicer A,Current,0,0,0,0,25-50%,2026-08-27,System1,Missing,0,0,0,0,Current,0,None
L_0022,2023-09-04,2023-06-06,3,357,269100.0,271044.49,3.02,<640,60-80%,20-30%,PA,Refinance,Secondary,Single Family,Servicer A,Current,0,0,0,0,10-25%,2026-08-27,System3,Missing,0,0,0,0,Current,0,None
L_0022,2023-10-04,2023-06-06,4,356,269100.0,269330.92,3.02,<640,60-80%,20-30%,PA,Refinance,Secondary,Single Family,Servicer A,30 Days Delinquent,30,0,0,0,0-10%,2026-08-27,System1,Complete,0,0,0,0,Delinquent,0,None
L_0022,2023-11-03,2023-06-06,5,355,269100.0,271283.27,3.02,<640,60-80%,20-30%,PA,Refinance,Secondary,Single Family,Servicer A,Current,0,0,0,0,25-50%,2026-08-27,System1,Complete,0,0,0,0,Current,0,None
L_0022,2023-12-03,2023-06-06,6,354,269100.0,265548.88,3.02,<640,60-80%,20-30%,PA,Refinance,Secondary,Single Family,Servicer A,Current,0,0,0,0,0-10%,2026-08-27,System1,Complete,0,0,0,0,Current,0,None
L_0022,2024-01-02,2023-06-06,7,353,269100.0,265430.27,3.02,<640,60-80%,20-30%,PA,Refinance,Secondary,Single Family,Servicer A,Current,0,0,0,0,>50%,2026-08-27,System1,Complete,0,0,0,0,Current,0,None
L_0022,2024-02-01,2023-06-06,8,352,269100.0,266546.78,3.02,<640,60-80%,20-30%,PA,Refinance,Secondary,Single Family,Servicer A,Current,0,0,0,0,0-10%,2026-08-27,System2,Complete,0,0,0,0,Current,0,None
L_0022,2024-03-02,2023-06-06,9,351,269100.0,265941.75,3.02,<640,60-80%,20-30%,PA,Refinance,Secondary,Single Family,Servicer A,Current,0,0,0,0,10-25%,2026-08-27,System2,Complete,0,0,0,0,Current,0,None
L_0022,2024-04-01,2023-06-06,10,350,269100.0,261064.29,3.02,<640,60-80%,20-30%,PA,Refinance,Secondary,Single Family,Servicer A,Current,0,0,0,0,10-25%,2026-08-27,System1,Complete,0,0,0,0,Current,0,None
L_0022,2024-05-01,2023-06-06,11,349,269100.0,262274.52,3.02,<640,60-80%,20-30%,PA,Refinance,Secondary,Single Family,Servicer A,Current,0,0,0,0,0-10%,2026-08-27,System2,Complete,0,0,0,0,Current,0,None
L_0023,2023-01-30,2023-01-30,0,360,324800.0,322049.43,4.52,700-759,60-80%,20-30%,MI,Purchase,Primary,Single Family,Servicer A,Current,0,0,0,0,10-25%,2026-08-27,System2,Complete,0,1,0,0,Current,0,None
L_0023,2023-03-01,2023-01-30,1,359,324800.0,328201.04,4.52,700-759,60-80%,20-30%,MI,Purchase,Primary,Single Family,Servicer A,Current,0,0,0,0,0-10%,2026-08-27,System2,Complete,0,0,0,0,Current,0,None
L_0023,2023-03-31,2023-01-30,2,358,324800.0,322900.33,4.52,700-759,60-80%,20-30%,MI,Purchase,Primary,Single Family,Servicer A,Current,0,0,0,0,0-10%,2026-08-27,System2,Complete,0,0,0,0,Current,0,None
L_0023,2023-04-30,2023-01-30,3,357,324800.0,321812.57,4.52,700-759,60-80%,20-30%,MI,Purchase,Primary,Single Family,Servicer A,Current,0,0,0,0,0-10%,2026-08-27,System3,Complete,1,0,0,0,Current,0,None
L_0023,2023-05-30,2023-01-30,4,356,324800.0,320847.2,4.52,700-759,60-80%,20-30%,MI,Purchase,Primary,Single Family,Servicer A,Current,0,0,0,0,10-25%,2026-08-27,System1,Complete,0,0,0,0,Current,0,None
L_0023,2023-06-29,2023-01-30,5,355,324800.0,325596.14,4.52,700-759,60-80%,20-30%,MI,Purchase,Primary,Single Family,Servicer A,Current,0,0,0,0,25-50%,2026-08-27,System2,Pending,0,0,0,0,Current,0,None
L_0023,2023-07-29,2023-01-30,6,354,324800.0,323729.95,4.52,700-759,60-80%,20-30%,MI,Purchase,Primary,Single Family,Servicer A,Charged Off,120,0,0,0,25-50%,2026-08-27,System2,Complete,0,0,0,0,Current,1,High DPD
L_0023,2023-08-28,2023-01-30,7,353,324800.0,322500.58,4.52,700-759,60-80%,20-30%,MI,Purchase,Primary,Single Family,Servicer A,Current,0,0,0,0,>50%,2026-08-27,System1,Complete,0,0,0,0,Current,0,None
L_0023,2023-09-27,2023-01-30,8,352,324800.0,318842.19,4.52,700-759,60-80%,20-30%,MI,Purchase,Primary,Single Family,Servicer A,Current,0,0,0,0,10-25%,2026-08-27,System3,Complete,0,0,0,0,Current,0,None
L_0023,2023-10-27,2023-01-30,9,351,324800.0,319100.33,4.52,700-759,60-80%,20-30%,MI,Purchase,Primary,Single Family,Servicer A,Current,0,0,0,0,10-25%,2026-08-27,System1,Complete,0,0,0,0,Current,0,None
L_0023,2023-11-26,2023-01-30,10,350,324800.0,323190.44,4.52,700-759,60-80%,20-30%,MI,Purchase,Primary,Single Family,Servicer A,Current,0,1,0,0,25-50%,2026-08-27,System1,Complete,0,0,0,0,Current,0,None
L_0023,2023-12-26,2023-01-30,11,349,324800.0,315567.55,4.52,700-759,60-80%,20-30%,MI,Purchase,Primary,Single Family,Servicer A,Current,0,0,0,0,>50%,2026-08-27,System3,Pending,0,0,0,0,Current,0,None
L_0024,2023-02-08,2023-02-08,0,360,392100.0,397323.51,3.96,<640,80-90%,20-30%,OH,Purchase,Investment,Single Family,Servicer A,Current,0,0,0,0,10-25%,2026-08-27,System2,Complete,0,0,0,0,Current,0,None
L_0024,2023-03-10,2023-02-08,1,359,392100.0,392202.49,3.96,<640,80-90%,20-30%,OH,Purchase,Investment,Single Family,Servicer A,Current,0,0,0,0,10-25%,2026-08-27,System1,Complete,0,0,0,0,Current,0,None
L_0024,2023-04-09,2023-02-08,2,358,392100.0,386109.68,3.96,<640,80-90%,20-30%,OH,Purchase,Investment,Single Family,Servicer A,Current,0,0,0,0,0-10%,2026-08-27,System3,Missing,0,0,0,0,Current,0,None
L_0024,2023-05-09,2023-02-08,3,357,392100.0,389504.15,3.96,<640,80-90%,20-30%,OH,Purchase,Investment,Single Family,Servicer A,Current,0,0,0,0,10-25%,2026-08-27,System2,Complete,0,0,0,0,Current,0,None
L_0024,2023-06-08,2023-02-08,4,356,392100.0,388611.68,3.96,<640,80-90%,20-30%,OH,Purchase,Investment,Single Family,Servicer A,Current,0,0,0,0,10-25%,2026-08-27,System1,Complete,0,0,0,0,Current,0,None
L_0024,2023-07-08,2023-02-08,5,355,392100.0,391972.75,3.96,<640,80-90%,20-30%,OH,Purchase,Investment,Single Family,Servicer A,Current,0,0,0,0,10-25%,2026-08-27,System3,Complete,0,0,0,0,Current,0,None
L_0024,2023-08-07,2023-02-08,6,354,392100.0,390659.88,3.96,<640,80-90%,20-30%,OH,Purchase,Investment,Single Family,Servicer A,Current,0,0,0,0,0-10%,2026-08-27,System3,Pending,0,0,0,0,Current,0,None
L_0024,2023-09-06,2023-02-08,7,353,392100.0,391274.98,3.96,<640,80-90%,20-30%,OH,Purchase,Investment,Single Family,Servicer A,Current,0,0,0,0,0-10%,2026-08-27,System1,Complete,0,0,0,0,Current,0,None
L_0024,2023-10-06,2023-02-08,8,352,392100.0,393874.92,3.96,<640,80-90%,20-30%,OH,Purchase,Investment,Single Family,Servicer A,Current,0,0,0,0,>50%,2026-08-27,System3,Complete,0,0,0,0,Current,0,None
L_0024,2023-11-05,2023-02-08,9,351,392100.0,381134.95,3.96,<640,80-90%,20-30%,OH,Purchase,Investment,Single Family,Servicer A,Current,0,0,0,0,0-10%,2026-08-27,System3,Missing,0,0,0,0,Current,0,None
L_0024,2023-12-05,2023-02-08,10,350,392100.0,381373.37,3.96,<640,80-90%,20-30%,OH,Purchase,Investment,Single Family,Servicer A,Current,0,0,0,0,10-25%,2026-08-27,System3,Complete,0,0,0,0,Current,0,None
L_0024,2024-01-04,2023-02-08,11,349,392100.0,383302.16,3.96,<640,80-90%,20-30%,OH,Purchase,Investment,Single Family,Servicer A,Current,0,0,0,0,>50%,2026-08-27,System3,Complete,0,0,0,0,Current,0,None
L_0025,2023-04-18,2023-04-18,0,360,638900.0,645357.38,3.84,700-759,60-80%,>40%,IL,Refinance,Primary,Condo,Servicer B,Current,0,0,0,0,10-25%,2026-08-27,System3,Pending,0,0,0,0,Current,0,None
L_0025,2023-05-18,2023-04-18,1,359,638900.0,642398.27,3.84,700-759,60-80%,>40%,IL,Refinance,Primary,Condo,Servicer B,Current,0,0,0,0,0-10%,2026-08-27,System1,Missing,0,0,0,0,Current,0,None
L_0025,2023-06-17,2023-04-18,2,358,638900.0,633067.49,3.84,700-759,60-80%,>40%,IL,Refinance,Primary,Condo,Servicer B,Current,0,0,0,0,>50%,2026-08-27,System3,Pending,0,0,0,0,Current,0,None
L_0025,2023-07-17,2023-04-18,3,357,638900.0,640598.51,3.84,700-759,60-80%,>40%,IL,Refinance,Primary,Condo,Servicer B,Current,0,0,0,0,10-25%,2026-08-27,System2,Complete,0,0,0,0,Current,0,None
L_0025,2023-08-16,2023-04-18,4,356,638900.0,629642.55,3.84,700-759,60-80%,>40%,IL,Refinance,Primary,Condo,Servicer B,Current,0,0,0,0,10-25%,2026-08-27,System1,Complete,0,0,0,0,Current,0,None
L_0025,2023-09-15,2023-04-18,5,355,638900.0,639104.04,3.84,700-759,60-80%,>40%,IL,Refinance,Primary,Condo,Servicer B,Current,0,0,0,0,0-10%,2026-08-27,System2,Complete,0,0,0,0,Current,0,None
L_0025,2023-10-15,2023-04-18,6,354,638900.0,633177.94,3.84,700-759,60-80%,>40%,IL,Refinance,Primary,Condo,Servicer B,Current,0,0,0,0,25-50%,2026-08-27,System2,Complete,0,0,0,0,Current,0,None
L_0025,2023-11-14,2023-04-18,7,353,638900.0,629763.98,3.84,700-759,60-80%,>40%,IL,Refinance,Primary,Condo,Servicer B,Current,0,0,0,0,25-50%,2026-08-27,System2,Complete,0,0,0,0,Current,0,None
L_0025,2023-12-14,2023-04-18,8,352,638900.0,625096.33,3.84,700-759,60-80%,>40%,IL,Refinance,Primary,Condo,Servicer B,Current,0,0,0,0,0-10%,2026-08-27,System1,Complete,0,0,0,0,Current,0,None
L_0025,2024-01-13,2023-04-18,9,351,638900.0,622592.71,3.84,700-759,60-80%,>40%,IL,Refinance,Primary,Condo,Servicer B,Current,0,0,0,0,0-10%,2026-08-27,System3,Complete,0,0,0,0,Current,0,None
L_0025,2024-02-12,2023-04-18,10,350,638900.0,627452.97,3.84,700-759,60-80%,>40%,IL,Refinance,Primary,Condo,Servicer B,Current,0,0,0,0,0-10%,2026-08-27,System3,Complete,0,0,0,1,Current,0,None
L_0025,2024-03-13,2023-04-18,11,349,638900.0,631261.26,3.84,700-759,60-80%,>40%,IL,Refinance,Primary,Condo,Servicer B,Current,0,0,0,0,10-25%,2026-08-27,System3,Complete,0,0,0,0,Current,0,None
L_0026,2023-04-21,2023-04-21,0,360,199800.0,198288.87,7.85,700-759,60-80%,20-30%,OH,Purchase,Primary,Single Family,Servicer D,Current,0,0,0,0,>50%,2026-08-27,System2,Complete,0,0,0,0,Current,0,None
L_0026,2023-05-21,2023-04-21,1,359,199800.0,199744.47,7.85,700-759,60-80%,20-30%,OH,Purchase,Primary,Single Family,Servicer D,Current,0,0,0,0,10-25%,2026-08-27,System2,Complete,0,0,0,0,Current,0,None
L_0026,2023-06-20,2023-04-21,2,358,199800.0,203521.0,7.85,700-759,60-80%,20-30%,OH,Purchase,Primary,Single Family,Servicer D,Current,0,0,0,0,25-50%,2026-08-27,System2,Complete,0,0,0,0,Current,0,None
L_0026,2023-07-20,2023-04-21,3,357,199800.0,197798.06,7.85,700-759,60-80%,20-30%,OH,Purchase,Primary,Single Family,Servicer D,Current,0,0,0,0,25-50%,2026-08-27,System3,Pending,0,0,0,0,Current,0,None
L_0026,2023-08-19,2023-04-21,4,356,199800.0,199065.71,7.85,700-759,60-80%,20-30%,OH,Purchase,Primary,Single Family,Servicer D,Current,0,0,0,0,>50%,2026-08-27,System1,Pending,0,0,0,0,Current,0,None
L_0026,2023-09-18,2023-04-21,5,355,199800.0,192793.17,7.85,700-759,60-80%,20-30%,OH,Purchase,Primary,Single Family,Servicer D,Current,0,0,0,0,25-50%,2026-08-27,System3,Missing,0,0,0,0,Current,0,None
L_0026,2023-10-18,2023-04-21,6,354,199800.0,196070.06,7.85,700-759,60-80%,20-30%,OH,Purchase,Primary,Single Family,Servicer D,Current,0,0,0,0,10-25%,2026-08-27,System2,Complete,0,0,0,0,Current,0,None
L_0026,2023-11-17,2023-04-21,7,353,199800.0,196208.73,7.85,700-759,60-80%,20-30%,OH,Purchase,Primary,Single Family,Servicer D,Current,0,0,0,0,>50%,2026-08-27,System3,Complete,0,0,0,0,Current,0,None
L_0026,2023-12-17,2023-04-21,8,352,199800.0,193901.87,7.85,700-759,60-80%,20-30%,OH,Purchase,Primary,Single Family,Servicer D,Current,0,0,0,0,0-10%,2026-08-27,System3,Complete,0,0,0,0,Current,0,None
L_0026,2024-01-16,2023-04-21,9,351,199800.0,195675.81,7.85,700-759,60-80%,20-30%,OH,Purchase,Primary,Single Family,Servicer D,Current,0,0,0,0,>50%,2026-08-27,System2,Complete,0,0,0,0,Current,0,None
L_0026,2024-02-15,2023-04-21,10,350,199800.0,195346.93,7.85,700-759,60-80%,20-30%,OH,Purchase,Primary,Single Family,Servicer D,Prepaid,0,0,1,0,25-50%,2026-08-27,System1,Complete,0,1,0,0,Current,0,None
L_0026,2024-03-16,2023-04-21,11,349,199800.0,195324.69,7.85,700-759,60-80%,20-30%,OH,Purchase,Primary,Single Family,Servicer D,Current,0,0,0,0,0-10%,2026-08-27,System1,Complete,0,0,0,0,Current,0,None
L_0027,2023-01-25,2023-01-25,0,360,435700.0,437578.39,4.66,760+,80-90%,20-30%,NC,Purchase,Primary,Multi-family,Servicer D,Current,0,0,0,0,0-10%,2026-08-27,System3,Complete,0,1,0,0,Current,0,None
L_0027,2023-02-24,2023-01-25,1,359,435700.0,432066.17,4.66,760+,80-90%,20-30%,NC,Purchase,Primary,Multi-family,Servicer D,Current,0,0,0,0,10-25%,2026-08-27,System1,Missing,1,0,0,0,Current,0,None
L_0027,2023-03-26,2023-01-25,2,358,435700.0,432464.9,4.66,760+,80-90%,20-30%,NC,Purchase,Primary,Multi-family,Servicer D,Current,0,0,0,0,0-10%,2026-08-27,System3,Complete,0,0,0,0,Current,0,None
L_0027,2023-04-25,2023-01-25,3,357,435700.0,435576.19,4.66,760+,80-90%,20-30%,NC,Purchase,Primary,Multi-family,Servicer D,Current,0,0,0,0,0-10%,2026-08-27,System3,Complete,1,0,0,0,Current,0,None
L_0027,2023-05-25,2023-01-25,4,356,435700.0,429988.46,4.66,760+,80-90%,20-30%,NC,Purchase,Primary,Multi-family,Servicer D,60 Days Delinquent,60,0,0,0,25-50%,2026-08-27,System2,Complete,0,0,0,0,Delinquent,0,None
L_0027,2023-06-24,2023-01-25,5,355,435700.0,429952.53,4.66,760+,80-90%,20-30%,NC,Purchase,Primary,Multi-family,Servicer D,Current,0,0,0,0,0-10%,2026-08-27,System3,Complete,0,0,0,0,Current,0,None
L_0027,2023-07-24,2023-01-25,6,354,435700.0,421582.85,4.66,760+,80-90%,20-30%,NC,Purchase,Primary,Multi-family,Servicer D,60 Days Delinquent,60,0,0,0,25-50%,2026-08-27,System2,Complete,0,0,0,0,Delinquent,0,None
L_0027,2023-08-23,2023-01-25,7,353,435700.0,421226.3,4.66,760+,80-90%,20-30%,NC,Purchase,Primary,Multi-family,Servicer D,Current,0,0,0,0,25-50%,2026-08-27,System3,Complete,0,0,0,0,Current,0,None
L_0027,2023-09-22,2023-01-25,8,352,435700.0,432888.31,4.66,760+,80-90%,20-30%,NC,Purchase,Primary,Multi-family,Servicer D,Current,0,0,0,0,25-50%,2026-08-27,System1,Complete,0,0,0,0,Current,0,None
L_0027,2023-10-22,2023-01-25,9,351,435700.0,422701.99,4.66,760+,80-90%,20-30%,NC,Purchase,Primary,Multi-family,Servicer D,Current,0,0,0,0,0-10%,2026-08-27,System3,Missing,0,0,0,0,Current,0,None
L_0027,2023-11-21,2023-01-25,10,350,435700.0,429244.83,4.66,760+,80-90%,20-30%,NC,Purchase,Primary,Multi-family,Servicer D,Current,0,0,0,0,0-10%,2026-08-27,System2,Complete,0,0,0,0,Current,0,None
L_0027,2023-12-21,2023-01-25,11,349,435700.0,426357.29,4.66,760+,80-90%,20-30%,NC,Purchase,Primary,Multi-family,Servicer D,Current,0,0,0,0,>50%,2026-08-27,System3,Complete,0,0,0,0,Current,0,None
L_0028,2023-05-08,2023-05-08,0,360,494300.0,501548.69,7.41,640-699,<60%,30-40%,FL,Purchase,Primary,Single Family,Servicer A,Current,0,0,0,0,25-50%,2026-08-27,System3,Complete,0,0,0,0,Current,0,None
L_0028,2023-06-07,2023-05-08,1,359,494300.0,499578.51,7.41,640-699,<60%,30-40%,FL,Purchase,Primary,Single Family,Servicer A,Current,0,0,0,0,>50%,2026-08-27,System2,Complete,0,0,0,0,Current,0,None
L_0028,2023-07-07,2023-05-08,2,358,494300.0,503680.79,7.41,640-699,<60%,30-40%,FL,Purchase,Primary,Single Family,Servicer A,Current,0,0,0,0,25-50%,2026-08-27,System2,Complete,0,0,0,0,Current,0,None
L_0028,2023-08-06,2023-05-08,3,357,494300.0,490455.82,7.41,640-699,<60%,30-40%,FL,Purchase,Primary,Single Family,Servicer A,Current,0,0,0,0,10-25%,2026-08-27,System3,Complete,0,0,0,0,Current,0,None
L_0028,2023-09-05,2023-05-08,4,356,494300.0,486562.73,7.41,640-699,<60%,30-40%,FL,Purchase,Primary,Single Family,Servicer A,Current,0,0,0,0,0-10%,2026-08-27,System2,Complete,0,0,0,0,Current,0,None
L_0028,2023-10-05,2023-05-08,5,355,494300.0,496193.13,7.41,640-699,<60%,30-40%,FL,Purchase,Primary,Single Family,Servicer A,Current,0,0,0,0,10-25%,2026-08-27,System2,Complete,0,0,0,0,Current,0,None
L_0028,2023-11-04,2023-05-08,6,354,494300.0,489136.4,7.41,640-699,<60%,30-40%,FL,Purchase,Primary,Single Family,Servicer A,Current,0,0,0,0,10-25%,2026-08-27,System2,Complete,0,0,0,0,Current,0,None
L_0028,2023-12-04,2023-05-08,7,353,494300.0,487410.07,7.41,640-699,<60%,30-40%,FL,Purchase,Primary,Single Family,Servicer A,Current,0,0,0,0,0-10%,2026-08-27,System1,Complete,0,0,0,0,Current,0,None
L_0028,2024-01-03,2023-05-08,8,352,494300.0,493045.51,7.41,640-699,<60%,30-40%,FL,Purchase,Primary,Single Family,Servicer A,Current,0,0,0,0,10-25%,2026-08-27,System3,Complete,0,0,0,0,Current,0,None
L_0028,2024-02-02,2023-05-08,9,351,494300.0,479729.5,7.41,640-699,<60%,30-40%,FL,Purchase,Primary,Single Family,Servicer A,Current,0,0,0,0,0-10%,2026-08-27,System3,Pending,0,0,0,0,Current,0,None
L_0028,2024-03-03,2023-05-08,10,350,494300.0,483525.16,7.41,640-699,<60%,30-40%,FL,Purchase,Primary,Single Family,Servicer A,Current,0,0,0,0,25-50%,2026-08-27,System1,Complete,0,0,0,0,Current,0,None
L_0028,2024-04-02,2023-05-08,11,349,494300.0,475353.16,7.41,640-699,<60%,30-40%,FL,Purchase,Primary,Single Family,Servicer A,Current,0,0,0,0,0-10%,2026-08-27,System1,Pending,0,0,0,0,Current,0,None
L_0029,2023-04-21,2023-04-21,0,360,84800.0,84938.4,5.97,<640,60-80%,20-30%,GA,Refinance,Primary,Single Family,Servicer A,Current,0,0,0,0,0-10%,2026-08-27,System2,Complete,0,0,0,0,Current,0,None
L_0029,2023-05-21,2023-04-21,1,359,84800.0,84317.81,5.97,<640,60-80%,20-30%,GA,Refinance,Primary,Single Family,Servicer A,Current,0,0,0,0,10-25%,2026-08-27,System1,Complete,0,0,0,0,Current,0,None
L_0029,2023-06-20,2023-04-21,2,358,84800.0,84231.74,5.97,<640,60-80%,20-30%,GA,Refinance,Primary,Single Family,Servicer A,Current,0,0,0,0,0-10%,2026-08-27,System3,Complete,0,0,0,0,Current,0,None
L_0029,2023-07-20,2023-04-21,3,357,84800.0,83775.91,5.97,<640,60-80%,20-30%,GA,Refinance,Primary,Single Family,Servicer A,Current,0,0,0,0,0-10%,2026-08-27,System2,Complete,0,0,0,0,Current,0,None
L_0029,2023-08-19,2023-04-21,4,356,84800.0,83373.38,5.97,<640,60-80%,20-30%,GA,Refinance,Primary,Single Family,Servicer A,Current,0,0,0,0,25-50%,2026-08-27,System1,Complete,0,0,0,0,Current,0,None
L_0029,2023-09-18,2023-04-21,5,355,84800.0,83676.23,5.97,<640,60-80%,20-30%,GA,Refinance,Primary,Single Family,Servicer A,30 Days Delinquent,30,0,0,0,>50%,2026-08-27,System2,Complete,0,0,0,0,Delinquent,0,None
L_0029,2023-10-18,2023-04-21,6,354,84800.0,84152.78,5.97,<640,60-80%,20-30%,GA,Refinance,Primary,Single Family,Servicer A,Current,0,0,0,0,10-25%,2026-08-27,System1,Complete,0,0,0,0,Current,0,None
L_0029,2023-11-17,2023-04-21,7,353,84800.0,84633.82,5.97,<640,60-80%,20-30%,GA,Refinance,Primary,Single Family,Servicer A,Current,0,0,0,0,10-25%,2026-08-27,System2,Complete,0,0,0,0,Current,0,None
L_0029,2023-12-17,2023-04-21,8,352,84800.0,83910.68,5.97,<640,60-80%,20-30%,GA,Refinance,Primary,Single Family,Servicer A,Current,0,0,0,0,0-10%,2026-08-27,System1,Pending,0,0,0,0,Current,0,None
L_0029,2024-01-16,2023-04-21,9,351,84800.0,82598.76,5.97,<640,60-80%,20-30%,GA,Refinance,Primary,Single Family,Servicer A,Current,0,0,0,0,25-50%,2026-08-27,System1,Complete,0,0,0,0,Current,0,None
L_0029,2024-02-15,2023-04-21,10,350,84800.0,85018.42,5.97,<640,60-80%,20-30%,GA,Refinance,Primary,Single Family,Servicer A,Current,0,0,0,0,>50%,2026-08-27,System2,Complete,0,0,0,0,Current,0,None
L_0029,2024-03-16,2023-04-21,11,349,84800.0,81707.43,5.97,<640,60-80%,20-30%,GA,Refinance,Primary,Single Family,Servicer A,Current,0,0,0,0,0-10%,2026-08-27,System2,Complete,0,0,0,1,Current,0,None
L_0030,2023-05-16,2023-05-16,0,360,505700.0,503303.67,6.87,<640,80-90%,20-30%,TX,Purchase,Primary,Condo,Servicer B,Current,0,0,0,0,>50%,2026-08-27,System1,Complete,0,0,0,0,Current,0,None
L_0030,2023-06-15,2023-05-16,1,359,505700.0,502842.45,6.87,<640,80-90%,20-30%,TX,Purchase,Primary,Condo,Servicer B,Current,0,0,0,0,0-10%,2026-08-27,System1,Complete,0,0,0,0,Current,0,None
L_0030,2023-07-15,2023-05-16,2,358,505700.0,499613.8,6.87,<640,80-90%,20-30%,TX,Purchase,Primary,Condo,Servicer B,Current,0,0,0,0,0-10%,2026-08-27,System3,Complete,0,0,0,0,Current,0,None
L_0030,2023-08-14,2023-05-16,3,357,505700.0,494157.27,6.87,<640,80-90%,20-30%,TX,Purchase,Primary,Condo,Servicer B,Current,0,0,0,0,10-25%,2026-08-27,System1,Complete,0,0,0,0,Current,0,None
L_0030,2023-09-13,2023-05-16,4,356,505700.0,496709.07,6.87,<640,80-90%,20-30%,TX,Purchase,Primary,Condo,Servicer B,Current,0,0,0,0,25-50%,2026-08-27,System3,Complete,0,0,0,0,Current,0,None
L_0030,2023-10-13,2023-05-16,5,355,505700.0,499220.4,6.87,<640,80-90%,20-30%,TX,Purchase,Primary,Condo,Servicer B,Current,0,0,0,0,0-10%,2026-08-27,System3,Complete,0,0,0,0,Current,0,None
L_0030,2023-11-12,2023-05-16,6,354,505700.0,495463.06,6.87,<640,80-90%,20-30%,TX,Purchase,Primary,Condo,Servicer B,Current,0,0,0,0,0-10%,2026-08-27,System1,Complete,0,0,0,0,Current,0,None
L_0030,2023-12-12,2023-05-16,7,353,505700.0,502429.81,6.87,<640,80-90%,20-30%,TX,Purchase,Primary,Condo,Servicer B,Current,0,0,0,0,0-10%,2026-08-27,System2,Complete,0,0,0,0,Current,0,None
L_0030,2024-01-11,2023-05-16,8,352,505700.0,496279.56,6.87,<640,80-90%,20-30%,TX,Purchase,Primary,Condo,Servicer B,Current,0,0,0,0,10-25%,2026-08-27,System1,Complete,0,0,0,0,Current,0,None
L_0030,2024-02-10,2023-05-16,9,351,505700.0,498897.32,6.87,<640,80-90%,20-30%,TX,Purchase,Primary,Condo,Servicer B,30 Days Delinquent,30,0,0,0,0-10%,2026-08-27,System2,Pending,0,0,0,0,Delinquent,0,None
L_0030,2024-03-11,2023-05-16,10,350,505700.0,489964.09,6.87,<640,80-90%,20-30%,TX,Purchase,Primary,Condo,Servicer B,Current,0,0,0,0,0-10%,2026-08-27,System2,Complete,0,0,0,0,Current,0,None
L_0030,2024-04-10,2023-05-16,11,349,505700.0,500656.75,6.87,<640,80-90%,20-30%,TX,Purchase,Primary,Condo,Servicer B,Prepaid,0,0,1,0,0-10%,2026-08-27,System2,Complete,0,0,0,0,Current,0,None
L_0031,2023-04-16,2023-04-16,0,360,177900.0,179201.13,5.26,760+,80-90%,20-30%,OH,Refinance,Secondary,Single Family,Servicer B,Current,0,0,0,0,>50%,2026-08-27,System2,Pending,0,0,0,0,Current,0,None
L_0031,2023-05-16,2023-04-16,1,359,177900.0,178592.46,5.26,760+,80-90%,20-30%,OH,Refinance,Secondary,Single Family,Servicer B,Current,0,0,0,0,0-10%,2026-08-27,System1,Complete,0,0,0,0,Current,0,None
L_0031,2023-06-15,2023-04-16,2,358,177900.0,177596.71,5.26,760+,80-90%,20-30%,OH,Refinance,Secondary,Single Family,Servicer B,Current,0,0,0,0,25-50%,2026-08-27,System3,Complete,0,1,0,0,Current,0,None
L_0031,2023-07-15,2023-04-16,3,357,177900.0,175672.5,5.26,760+,80-90%,20-30%,OH,Refinance,Secondary,Single Family,Servicer B,Current,0,0,0,0,25-50%,2026-08-27,System3,Complete,0,0,0,0,Current,0,None
L_0031,2023-08-14,2023-04-16,4,356,177900.0,177428.26,5.26,760+,80-90%,20-30%,OH,Refinance,Secondary,Single Family,Servicer B,Current,0,0,0,0,10-25%,2026-08-27,System1,Complete,0,0,0,0,Current,0,None
L_0031,2023-09-13,2023-04-16,5,355,177900.0,177844.11,5.26,760+,80-90%,20-30%,OH,Refinance,Secondary,Single Family,Servicer B,Current,0,0,0,0,25-50%,2026-08-27,System3,Complete,1,0,0,0,Current,0,None
L_0031,2023-10-13,2023-04-16,6,354,177900.0,177906.36,5.26,760+,80-90%,20-30%,OH,Refinance,Secondary,Single Family,Servicer B,Current,0,0,0,0,25-50%,2026-08-27,System3,Complete,0,0,0,0,Current,0,None
L_0031,2023-11-12,2023-04-16,7,353,177900.0,177264.12,5.26,760+,80-90%,20-30%,OH,Refinance,Secondary,Single Family,Servicer B,Current,0,0,0,0,10-25%,2026-08-27,System2,Complete,0,0,0,0,Current,0,None
L_0031,2023-12-12,2023-04-16,8,352,177900.0,173449.55,5.26,760+,80-90%,20-30%,OH,Refinance,Secondary,Single Family,Servicer B,60 Days Delinquent,60,0,0,0,10-25%,2026-08-27,System2,Pending,0,0,0,0,Delinquent,0,None
L_0031,2024-01-11,2023-04-16,9,351,177900.0,173235.72,5.26,760+,80-90%,20-30%,OH,Refinance,Secondary,Single Family,Servicer B,Current,0,0,0,0,10-25%,2026-08-27,System1,Complete,0,0,0,0,Current,0,None
L_0031,2024-02-10,2023-04-16,10,350,177900.0,176107.45,5.26,760+,80-90%,20-30%,OH,Refinance,Secondary,Single Family,Servicer B,Current,0,0,0,0,>50%,2026-08-27,System2,Complete,0,0,0,0,Current,0,None
L_0031,2024-03-11,2023-04-16,11,349,177900.0,173711.03,5.26,760+,80-90%,20-30%,OH,Refinance,Secondary,Single Family,Servicer B,Current,0,0,0,0,10-25%,2026-08-27,System1,Complete,0,0,1,0,Current,0,None
L_0032,2023-05-24,2023-05-24,0,360,98800.0,99304.1,5.67,700-759,60-80%,<20%,TX,Cash-out Refinance,Primary,Single Family,Servicer B,Current,0,0,0,0,25-50%,2026-08-27,System1,Complete,0,0,0,0,Current,0,None
L_0032,2023-06-23,2023-05-24,1,359,98800.0,98124.38,5.67,700-759,60-80%,<20%,TX,Cash-out Refinance,Primary,Single Family,Servicer B,Current,0,0,0,0,0-10%,2026-08-27,System3,Complete,0,0,0,0,Current,0,None
L_0032,2023-07-23,2023-05-24,2,358,98800.0,96418.51,5.67,700-759,60-80%,<20%,TX,Cash-out Refinance,Primary,Single Family,Servicer B,Current,0,0,0,0,10-25%,2026-08-27,System3,Pending,0,0,0,0,Current,0,None
L_0032,2023-08-22,2023-05-24,3,357,98800.0,98349.66,5.67,700-759,60-80%,<20%,TX,Cash-out Refinance,Primary,Single Family,Servicer B,Current,0,0,0,0,0-10%,2026-08-27,System3,Complete,0,0,0,0,Current,0,None
L_0032,2023-09-21,2023-05-24,4,356,98800.0,97646.39,5.67,700-759,60-80%,<20%,TX,Cash-out Refinance,Primary,Single Family,Servicer B,Current,0,0,0,0,0-10%,2026-08-27,System2,Pending,0,0,0,0,Current,0,None
L_0032,2023-10-21,2023-05-24,5,355,98800.0,96493.45,5.67,700-759,60-80%,<20%,TX,Cash-out Refinance,Primary,Single Family,Servicer B,Current,0,0,0,0,0-10%,2026-08-27,System2,Pending,0,1,0,0,Current,0,None
L_0032,2023-11-20,2023-05-24,6,354,98800.0,96712.65,5.67,700-759,60-80%,<20%,TX,Cash-out Refinance,Primary,Single Family,Servicer B,Current,0,0,0,0,0-10%,2026-08-27,System3,Complete,0,0,0,0,Current,0,None
L_0032,2023-12-20,2023-05-24,7,353,98800.0,98164.45,5.67,700-759,60-80%,<20%,TX,Cash-out Refinance,Primary,Single Family,Servicer B,Current,0,0,0,0,0-10%,2026-08-27,System2,Complete,0,0,0,1,Current,0,None
L_0032,2024-01-19,2023-05-24,8,352,98800.0,97960.66,5.67,700-759,60-80%,<20%,TX,Cash-out Refinance,Primary,Single Family,Servicer B,Current,0,0,0,0,10-25%,2026-08-27,System1,Complete,1,0,0,0,Current,0,None
L_0032,2024-02-18,2023-05-24,9,351,98800.0,96231.08,5.67,700-759,60-80%,<20%,TX,Cash-out Refinance,Primary,Single Family,Servicer B,Current,0,0,0,0,>50%,2026-08-27,System3,Complete,0,0,0,0,Current,0,None
L_0032,2024-03-19,2023-05-24,10,350,98800.0,96293.29,5.67,700-759,60-80%,<20%,TX,Cash-out Refinance,Primary,Single Family,Servicer B,Current,0,0,0,0,0-10%,2026-08-27,System2,Complete,0,0,0,0,Current,0,None
L_0032,2024-04-18,2023-05-24,11,349,98800.0,96666.46,5.67,700-759,60-80%,<20%,TX,Cash-out Refinance,Primary,Single Family,Servicer B,Charged Off,120,0,0,1,10-25%,2026-08-27,System3,Complete,0,0,0,0,Current,1,High DPD
L_0033,2023-03-13,2023-03-13,0,360,761700.0,751499.61,5.21,<640,60-80%,<20%,NY,Cash-out Refinance,Primary,Single Family,Servicer D,Current,0,0,0,0,10-25%,2026-08-27,System1,Complete,0,0,0,0,Current,0,None
L_0033,2023-04-12,2023-03-13,1,359,761700.0,761390.93,5.21,<640,60-80%,<20%,NY,Cash-out Refinance,Primary,Single Family,Servicer D,Current,0,0,0,0,10-25%,2026-08-27,System2,Complete,0,0,0,0,Current,0,None
L_0033,2023-05-12,2023-03-13,2,358,761700.0,760655.5,5.21,<640,60-80%,<20%,NY,Cash-out Refinance,Primary,Single Family,Servicer D,Current,0,0,0,0,25-50%,2026-08-27,System2,Complete,0,0,0,0,Current,0,None
L_0033,2023-06-11,2023-03-13,3,357,761700.0,769937.42,5.21,<640,60-80%,<20%,NY,Cash-out Refinance,Primary,Single Family,Servicer D,Current,0,0,0,0,0-10%,2026-08-27,System2,Complete,0,0,0,0,Current,0,None
L_0033,2023-07-11,2023-03-13,4,356,761700.0,748172.79,5.21,<640,60-80%,<20%,NY,Cash-out Refinance,Primary,Single Family,Servicer D,Current,0,0,0,0,0-10%,2026-08-27,System2,Complete,0,0,0,0,Current,0,None
L_0033,2023-08-10,2023-03-13,5,355,761700.0,761554.44,5.21,<640,60-80%,<20%,NY,Cash-out Refinance,Primary,Single Family,Servicer D,Current,0,0,0,0,0-10%,2026-08-27,System3,Complete,0,1,0,0,Current,0,None
L_0033,2023-09-09,2023-03-13,6,354,761700.0,747766.85,5.21,<640,60-80%,<20%,NY,Cash-out Refinance,Primary,Single Family,Servicer D,Current,0,0,0,0,0-10%,2026-08-27,System1,Pending,0,0,0,0,Current,0,None
L_0033,2023-10-09,2023-03-13,7,353,761700.0,754188.0,5.21,<640,60-80%,<20%,NY,Cash-out Refinance,Primary,Single Family,Servicer D,Prepaid,0,0,1,0,>50%,2026-08-27,System1,Complete,0,0,0,0,Current,0,None
L_0033,2023-11-08,2023-03-13,8,352,761700.0,743125.44,5.21,<640,60-80%,<20%,NY,Cash-out Refinance,Primary,Single Family,Servicer D,Current,0,0,0,0,25-50%,2026-08-27,System2,Complete,1,0,0,1,Current,0,None
L_0033,2023-12-08,2023-03-13,9,351,761700.0,737048.06,5.21,<640,60-80%,<20%,NY,Cash-out Refinance,Primary,Single Family,Servicer D,Current,0,0,0,0,10-25%,2026-08-27,System1,Complete,0,0,0,0,Current,0,None
L_0033,2024-01-07,2023-03-13,10,350,761700.0,740072.53,5.21,<640,60-80%,<20%,NY,Cash-out Refinance,Primary,Single Family,Servicer D,Current,0,0,0,0,0-10%,2026-08-27,System3,Complete,0,0,0,0,Current,0,None
L_0033,2024-02-06,2023-03-13,11,349,761700.0,745670.19,5.21,<640,60-80%,<20%,NY,Cash-out Refinance,Primary,Single Family,Servicer D,90 Days Delinquent,90,0,0,0,>50%,2026-08-27,System3,Pending,0,0,0,0,Delinquent,0,None
L_0034,2023-05-09,2023-05-09,0,360,774200.0,777323.66,3.57,<640,<60%,20-30%,OH,Refinance,Primary,Single Family,Servicer D,Current,0,0,0,0,0-10%,2026-08-27,System3,Complete,0,0,0,0,Current,0,None
L_0034,2023-06-08,2023-05-09,1,359,774200.0,768406.96,3.57,<640,<60%,20-30%,OH,Refinance,Primary,Single Family,Servicer D,Current,0,0,0,0,10-25%,2026-08-27,System1,Complete,0,0,0,0,Current,0,None
L_0034,2023-07-08,2023-05-09,2,358,774200.0,762033.69,3.57,<640,<60%,20-30%,OH,Refinance,Primary,Single Family,Servicer D,Current,0,0,0,0,0-10%,2026-08-27,System1,Complete,0,0,0,0,Current,0,None
L_0034,2023-08-07,2023-05-09,3,357,774200.0,773306.84,3.57,<640,<60%,20-30%,OH,Refinance,Primary,Single Family,Servicer D,Current,0,0,0,0,25-50%,2026-08-27,System3,Pending,0,0,0,0,Current,0,None
L_0034,2023-09-06,2023-05-09,4,356,774200.0,766451.0,3.57,<640,<60%,20-30%,OH,Refinance,Primary,Single Family,Servicer D,Current,0,0,0,0,25-50%,2026-08-27,System3,Complete,0,0,0,0,Current,0,None
L_0034,2023-10-06,2023-05-09,5,355,774200.0,762408.83,3.57,<640,<60%,20-30%,OH,Refinance,Primary,Single Family,Servicer D,Current,0,0,0,0,10-25%,2026-08-27,System1,Complete,0,0,0,0,Current,0,None
L_0034,2023-11-05,2023-05-09,6,354,774200.0,765463.12,3.57,<640,<60%,20-30%,OH,Refinance,Primary,Single Family,Servicer D,Current,0,0,0,0,10-25%,2026-08-27,System3,Complete,0,0,0,0,Current,0,None
L_0034,2023-12-05,2023-05-09,7,353,774200.0,764998.94,3.57,<640,<60%,20-30%,OH,Refinance,Primary,Single Family,Servicer D,Current,0,0,0,0,10-25%,2026-08-27,System3,Complete,0,0,0,0,Current,0,None
L_0034,2024-01-04,2023-05-09,8,352,774200.0,759314.5,3.57,<640,<60%,20-30%,OH,Refinance,Primary,Single Family,Servicer D,Prepaid,0,0,1,0,10-25%,2026-08-27,System2,Complete,0,0,0,0,Current,0,None
L_0034,2024-02-03,2023-05-09,9,351,774200.0,766354.73,3.57,<640,<60%,20-30%,OH,Refinance,Primary,Single Family,Servicer D,Current,0,0,0,0,10-25%,2026-08-27,System2,Complete,0,0,0,0,Current,0,None
L_0034,2024-03-04,2023-05-09,10,350,774200.0,758662.55,3.57,<640,<60%,20-30%,OH,Refinance,Primary,Single Family,Servicer D,Current,0,0,0,0,0-10%,2026-08-27,System2,Complete,0,0,0,0,Current,0,None
L_0034,2024-04-03,2023-05-09,11,349,774200.0,755535.07,3.57,<640,<60%,20-30%,OH,Refinance,Primary,Single Family,Servicer D,Current,0,0,0,0,10-25%,2026-08-27,System1,Pending,0,0,0,0,Current,0,None
L_0035,2023-04-18,2023-04-18,0,360,656300.0,650212.4,6.47,700-759,60-80%,20-30%,FL,Purchase,Secondary,Townhouse,Servicer D,Current,0,0,0,0,10-25%,2026-08-27,System1,Complete,0,0,0,0,Current,0,None
L_0035,2023-05-18,2023-04-18,1,359,656300.0,661991.05,6.47,700-759,60-80%,20-30%,FL,Purchase,Secondary,Townhouse,Servicer D,Current,0,0,0,0,25-50%,2026-08-27,System3,Complete,0,0,0,0,Current,0,None
L_0035,2023-06-17,2023-04-18,2,358,656300.0,671180.06,6.47,700-759,60-80%,20-30%,FL,Purchase,Secondary,Townhouse,Servicer D,Current,0,0,0,0,10-25%,2026-08-27,System1,Complete,0,0,0,0,Current,0,None
L_0035,2023-07-17,2023-04-18,3,357,656300.0,652784.24,6.47,700-759,60-80%,20-30%,FL,Purchase,Secondary,Townhouse,Servicer D,Current,0,0,0,0,0-10%,2026-08-27,System3,Complete,0,0,0,0,Current,0,None
L_0035,2023-08-16,2023-04-18,4,356,656300.0,650117.85,6.47,700-759,60-80%,20-30%,FL,Purchase,Secondary,Townhouse,Servicer D,Current,0,0,0,0,>50%,2026-08-27,System2,Pending,0,0,0,0,Current,0,None
L_0035,2023-09-15,2023-04-18,5,355,656300.0,654850.63,6.47,700-759,60-80%,20-30%,FL,Purchase,Secondary,Townhouse,Servicer D,Current,0,0,0,0,10-25%,2026-08-27,System1,Complete,0,0,0,0,Current,0,None
L_0035,2023-10-15,2023-04-18,6,354,656300.0,655700.31,6.47,700-759,60-80%,20-30%,FL,Purchase,Secondary,Townhouse,Servicer D,Current,0,0,0,0,>50%,2026-08-27,System1,Complete,0,0,0,0,Current,0,None
L_0035,2023-11-14,2023-04-18,7,353,656300.0,641053.87,6.47,700-759,60-80%,20-30%,FL,Purchase,Secondary,Townhouse,Servicer D,Current,0,0,0,0,25-50%,2026-08-27,System1,Complete,0,0,0,0,Current,0,None
L_0035,2023-12-14,2023-04-18,8,352,656300.0,656578.04,6.47,700-759,60-80%,20-30%,FL,Purchase,Secondary,Townhouse,Servicer D,Current,0,0,0,0,25-50%,2026-08-27,System3,Complete,0,0,0,0,Current,0,None
L_0035,2024-01-13,2023-04-18,9,351,656300.0,638411.94,6.47,700-759,60-80%,20-30%,FL,Purchase,Secondary,Townhouse,Servicer D,Current,0,0,0,0,25-50%,2026-08-27,System1,Complete,0,0,0,0,Current,0,None
L_0035,2024-02-12,2023-04-18,10,350,656300.0,643669.31,6.47,700-759,60-80%,20-30%,FL,Purchase,Secondary,Townhouse,Servicer D,Current,0,0,0,0,0-10%,2026-08-27,System2,Complete,0,0,0,0,Current,0,None
L_0035,2024-03-13,2023-04-18,11,349,656300.0,635652.45,6.47,700-759,60-80%,20-30%,FL,Purchase,Secondary,Townhouse,Servicer D,Current,0,0,0,0,0-10%,2026-08-27,System2,Complete,0,0,0,0,Current,0,None
L_0036,2023-01-05,2023-01-05,0,360,278500.0,274648.53,4.04,<640,60-80%,>40%,TX,Refinance,Primary,Single Family,Servicer A,Current,0,0,0,0,10-25%,2026-08-27,System2,Complete,0,0,0,0,Current,0,None
L_0036,2023-02-04,2023-01-05,1,359,278500.0,274660.76,4.04,<640,60-80%,>40%,TX,Refinance,Primary,Single Family,Servicer A,Current,0,0,0,0,25-50%,2026-08-27,System3,Complete,0,0,0,0,Current,0,None
L_0036,2023-03-06,2023-01-05,2,358,278500.0,279559.28,4.04,<640,60-80%,>40%,TX,Refinance,Primary,Single Family,Servicer A,Current,0,0,0,0,10-25%,2026-08-27,System3,Complete,0,0,0,0,Current,0,None
L_0036,2023-04-05,2023-01-05,3,357,278500.0,278054.31,4.04,<640,60-80%,>40%,TX,Refinance,Primary,Single Family,Servicer A,Current,0,0,0,0,0-10%,2026-08-27,System2,Complete,0,0,0,0,Current,0,None
L_0036,2023-05-05,2023-01-05,4,356,278500.0,277271.51,4.04,<640,60-80%,>40%,TX,Refinance,Primary,Single Family,Servicer A,Current,0,0,0,0,0-10%,2026-08-27,System3,Complete,0,0,0,0,Current,0,None
L_0036,2023-06-04,2023-01-05,5,355,278500.0,278704.94,4.04,<640,60-80%,>40%,TX,Refinance,Primary,Single Family,Servicer A,30 Days Delinquent,30,0,0,0,25-50%,2026-08-27,System3,Complete,0,0,0,0,Delinquent,0,None
L_0036,2023-07-04,2023-01-05,6,354,278500.0,277322.4,4.04,<640,60-80%,>40%,TX,Refinance,Primary,Single Family,Servicer A,Current,0,0,0,0,0-10%,2026-08-27,System3,Complete,0,0,0,0,Current,0,None
L_0036,2023-08-03,2023-01-05,7,353,278500.0,273112.01,4.04,<640,60-80%,>40%,TX,Refinance,Primary,Single Family,Servicer A,Current,0,0,0,0,10-25%,2026-08-27,System2,Complete,0,0,0,0,Current,0,None
L_0036,2023-09-02,2023-01-05,8,352,278500.0,275657.17,4.04,<640,60-80%,>40%,TX,Refinance,Primary,Single Family,Servicer A,Current,0,0,0,0,0-10%,2026-08-27,System1,Pending,0,0,0,0,Current,0,None
L_0036,2023-10-02,2023-01-05,9,351,278500.0,273257.47,4.04,<640,60-80%,>40%,TX,Refinance,Primary,Single Family,Servicer A,Current,0,0,0,0,10-25%,2026-08-27,System3,Complete,0,0,0,0,Current,0,None
L_0036,2023-11-01,2023-01-05,10,350,278500.0,271845.93,4.04,<640,60-80%,>40%,TX,Refinance,Primary,Single Family,Servicer A,Current,0,0,0,0,>50%,2026-08-27,System1,Complete,0,0,0,0,Current,0,None
L_0036,2023-12-01,2023-01-05,11,349,278500.0,269370.71,4.04,<640,60-80%,>40%,TX,Refinance,Primary,Single Family,Servicer A,Current,0,0,0,0,0-10%,2026-08-27,System1,Complete,0,0,0,0,Current,0,None
L_0037,2023-01-03,2023-01-03,0,360,123300.0,122450.97,2.63,760+,60-80%,20-30%,MI,Purchase,Primary,Single Family,Servicer D,Current,0,0,0,0,25-50%,2026-08-27,System1,Pending,0,0,0,0,Current,0,None
L_0037,2023-02-02,2023-01-03,1,359,123300.0,122539.91,2.63,760+,60-80%,20-30%,MI,Purchase,Primary,Single Family,Servicer D,Current,0,0,0,0,0-10%,2026-08-27,System1,Complete,0,0,0,0,Current,0,None
L_0037,2023-03-04,2023-01-03,2,358,123300.0,124237.65,2.63,760+,60-80%,20-30%,MI,Purchase,Primary,Single Family,Servicer D,Current,0,0,0,0,25-50%,2026-08-27,System2,Complete,0,0,0,0,Current,0,None
L_0037,2023-04-03,2023-01-03,3,357,123300.0,122587.02,2.63,760+,60-80%,20-30%,MI,Purchase,Primary,Single Family,Servicer D,Current,0,0,0,0,>50%,2026-08-27,System3,Complete,0,0,0,0,Current,0,None
L_0037,2023-05-03,2023-01-03,4,356,123300.0,123760.85,2.63,760+,60-80%,20-30%,MI,Purchase,Primary,Single Family,Servicer D,Current,0,0,0,0,10-25%,2026-08-27,System2,Pending,0,0,0,0,Current,0,None
L_0037,2023-06-02,2023-01-03,5,355,123300.0,121018.67,2.63,760+,60-80%,20-30%,MI,Purchase,Primary,Single Family,Servicer D,Current,0,0,0,0,25-50%,2026-08-27,System3,Complete,0,1,0,0,Current,0,None
L_0037,2023-07-02,2023-01-03,6,354,123300.0,121842.35,2.63,760+,60-80%,20-30%,MI,Purchase,Primary,Single Family,Servicer D,Current,0,0,0,0,10-25%,2026-08-27,System3,Complete,0,0,0,0,Current,0,None
L_0037,2023-08-01,2023-01-03,7,353,123300.0,122148.39,2.63,760+,60-80%,20-30%,MI,Purchase,Primary,Single Family,Servicer D,Current,0,0,0,0,0-10%,2026-08-27,System2,Complete,0,0,0,0,Current,0,None
L_0037,2023-08-31,2023-01-03,8,352,123300.0,120132.14,2.63,760+,60-80%,20-30%,MI,Purchase,Primary,Single Family,Servicer D,Current,0,0,0,0,0-10%,2026-08-27,System3,Complete,1,0,0,0,Current,0,None
L_0037,2023-09-30,2023-01-03,9,351,123300.0,121321.16,2.63,760+,60-80%,20-30%,MI,Purchase,Primary,Single Family,Servicer D,Current,0,0,0,0,0-10%,2026-08-27,System3,Pending,0,0,0,0,Current,0,None
L_0037,2023-10-30,2023-01-03,10,350,123300.0,122393.02,2.63,760+,60-80%,20-30%,MI,Purchase,Primary,Single Family,Servicer D,Current,0,0,0,0,0-10%,2026-08-27,System3,Complete,0,0,0,1,Current,0,None
L_0037,2023-11-29,2023-01-03,11,349,123300.0,119031.4,2.63,760+,60-80%,20-30%,MI,Purchase,Primary,Single Family,Servicer D,90 Days Delinquent,90,0,0,0,25-50%,2026-08-27,System1,Complete,0,0,0,0,Delinquent,0,None
L_0038,2023-05-12,2023-05-12,0,360,563200.0,559096.23,6.05,700-759,60-80%,30-40%,OH,Purchase,Primary,Single Family,Servicer C,Current,0,0,0,0,10-25%,2026-08-27,System3,Complete,0,0,0,0,Current,0,None
L_0038,2023-06-11,2023-05-12,1,359,563200.0,574149.65,6.05,700-759,60-80%,30-40%,OH,Purchase,Primary,Single Family,Servicer C,Current,0,0,0,0,0-10%,2026-08-27,System2,Complete,0,0,0,0,Current,0,None
L_0038,2023-07-11,2023-05-12,2,358,563200.0,565847.79,6.05,700-759,60-80%,30-40%,OH,Purchase,Primary,Single Family,Servicer C,Current,0,0,0,0,25-50%,2026-08-27,System2,Complete,0,0,0,0,Current,0,None
L_0038,2023-08-10,2023-05-12,3,357,563200.0,559650.6,6.05,700-759,60-80%,30-40%,OH,Purchase,Primary,Single Family,Servicer C,Current,0,0,0,0,0-10%,2026-08-27,System3,Complete,0,0,0,0,Current,0,None
L_0038,2023-09-09,2023-05-12,4,356,563200.0,560712.52,6.05,700-759,60-80%,30-40%,OH,Purchase,Primary,Single Family,Servicer C,Current,0,0,0,0,10-25%,2026-08-27,System1,Complete,0,0,0,0,Current,0,None
L_0038,2023-10-09,2023-05-12,5,355,563200.0,558816.25,6.05,700-759,60-80%,30-40%,OH,Purchase,Primary,Single Family,Servicer C,Current,0,0,0,0,>50%,2026-08-27,System3,Complete,0,0,0,0,Current,0,None
L_0038,2023-11-08,2023-05-12,6,354,563200.0,553652.46,6.05,700-759,60-80%,30-40%,OH,Purchase,Primary,Single Family,Servicer C,30 Days Delinquent,30,0,0,0,>50%,2026-08-27,System1,Complete,0,0,0,0,Delinquent,0,None
L_0038,2023-12-08,2023-05-12,7,353,563200.0,563237.29,6.05,700-759,60-80%,30-40%,OH,Purchase,Primary,Single Family,Servicer C,Current,0,0,0,0,25-50%,2026-08-27,System3,Complete,0,0,0,0,Current,0,None
L_0038,2024-01-07,2023-05-12,8,352,563200.0,557358.79,6.05,700-759,60-80%,30-40%,OH,Purchase,Primary,Single Family,Servicer C,Current,0,0,0,0,0-10%,2026-08-27,System1,Complete,0,0,0,0,Current,0,None
L_0038,2024-02-06,2023-05-12,9,351,563200.0,549164.81,6.05,700-759,60-80%,30-40%,OH,Purchase,Primary,Single Family,Servicer C,Current,0,0,0,0,0-10%,2026-08-27,System3,Complete,0,0,0,0,Current,0,None
L_0038,2024-03-07,2023-05-12,10,350,563200.0,549687.52,6.05,700-759,60-80%,30-40%,OH,Purchase,Primary,Single Family,Servicer C,Prepaid,0,0,1,0,10-25%,2026-08-27,System1,Complete,0,1,0,0,Current,0,None
L_0038,2024-04-06,2023-05-12,11,349,563200.0,558914.18,6.05,700-759,60-80%,30-40%,OH,Purchase,Primary,Single Family,Servicer C,Current,0,0,0,0,25-50%,2026-08-27,System3,Complete,0,0,0,0,Current,0,None
L_0039,2023-04-14,2023-04-14,0,360,380100.0,380734.91,3.47,<640,60-80%,30-40%,CA,Purchase,Secondary,Single Family,Servicer C,Current,0,0,0,0,10-25%,2026-08-27,System2,Complete,0,0,0,0,Current,0,None
L_0039,2023-05-14,2023-04-14,1,359,380100.0,380923.15,3.47,<640,60-80%,30-40%,CA,Purchase,Secondary,Single Family,Servicer C,Current,0,0,0,0,25-50%,2026-08-27,System3,Complete,1,0,0,0,Current,0,None
L_0039,2023-06-13,2023-04-14,2,358,380100.0,380834.01,3.47,<640,60-80%,30-40%,CA,Purchase,Secondary,Single Family,Servicer C,Current,0,0,0,0,25-50%,2026-08-27,System1,Complete,0,0,0,0,Current,0,None
L_0039,2023-07-13,2023-04-14,3,357,380100.0,375590.66,3.47,<640,60-80%,30-40%,CA,Purchase,Secondary,Single Family,Servicer C,Current,0,0,0,0,0-10%,2026-08-27,System2,Missing,0,0,0,0,Current,0,None
L_0039,2023-08-12,2023-04-14,4,356,380100.0,382153.54,3.47,<640,60-80%,30-40%,CA,Purchase,Secondary,Single Family,Servicer C,90 Days Delinquent,90,0,0,0,10-25%,2026-08-27,System1,Complete,0,0,0,0,Delinquent,0,None
L_0039,2023-09-11,2023-04-14,5,355,380100.0,379633.73,3.47,<640,60-80%,30-40%,CA,Purchase,Secondary,Single Family,Servicer C,30 Days Delinquent,30,0,0,0,>50%,2026-08-27,System3,Complete,0,0,0,0,Delinquent,0,None
L_0039,2023-10-11,2023-04-14,6,354,380100.0,377957.98,3.47,<640,60-80%,30-40%,CA,Purchase,Secondary,Single Family,Servicer C,Current,0,0,0,0,0-10%,2026-08-27,System2,Pending,0,0,0,0,Current,0,None
L_0039,2023-11-10,2023-04-14,7,353,380100.0,368914.88,3.47,<640,60-80%,30-40%,CA,Purchase,Secondary,Single Family,Servicer C,Current,0,0,0,0,25-50%,2026-08-27,System1,Complete,0,0,0,0,Current,0,None
L_0039,2023-12-10,2023-04-14,8,352,380100.0,374465.72,3.47,<640,60-80%,30-40%,CA,Purchase,Secondary,Single Family,Servicer C,30 Days Delinquent,30,0,0,0,25-50%,2026-08-27,System2,Complete,0,0,0,0,Delinquent,0,None
L_0039,2024-01-09,2023-04-14,9,351,380100.0,370886.43,3.47,<640,60-80%,30-40%,CA,Purchase,Secondary,Single Family,Servicer C,Current,0,0,0,0,>50%,2026-08-27,System3,Complete,0,0,0,0,Current,0,None
L_0039,2024-02-08,2023-04-14,10,350,380100.0,378689.2,3.47,<640,60-80%,30-40%,CA,Purchase,Secondary,Single Family,Servicer C,Current,0,0,0,0,10-25%,2026-08-27,System2,Complete,0,0,0,0,Current,0,None
L_0039,2024-03-09,2023-04-14,11,349,380100.0,371933.99,3.47,<640,60-80%,30-40%,CA,Purchase,Secondary,Single Family,Servicer C,Current,0,0,0,0,10-25%,2026-08-27,System2,Missing,0,0,0,0,Current,0,None
L_0040,2023-03-05,2023-03-05,0,360,141500.0,140771.58,7.67,<640,<60%,<20%,GA,Purchase,Primary,Single Family,Servicer B,Current,0,0,0,0,>50%,2026-08-27,System3,Complete,0,0,0,0,Current,0,None
L_0040,2023-04-04,2023-03-05,1,359,141500.0,141560.91,7.67,<640,<60%,<20%,GA,Purchase,Primary,Single Family,Servicer B,Current,0,0,0,0,0-10%,2026-08-27,System1,Complete,0,0,0,0,Current,0,None
L_0040,2023-05-04,2023-03-05,2,358,141500.0,140581.93,7.67,<640,<60%,<20%,GA,Purchase,Primary,Single Family,Servicer B,Current,0,0,0,0,25-50%,2026-08-27,System1,Complete,0,0,0,0,Current,0,None
L_0040,2023-06-03,2023-03-05,3,357,141500.0,141099.39,7.67,<640,<60%,<20%,GA,Purchase,Primary,Single Family,Servicer B,Current,0,0,0,0,10-25%,2026-08-27,System1,Complete,0,0,0,0,Current,0,None
L_0040,2023-07-03,2023-03-05,4,356,141500.0,141976.87,7.67,<640,<60%,<20%,GA,Purchase,Primary,Single Family,Servicer B,Current,0,0,0,0,0-10%,2026-08-27,System2,Complete,0,0,0,0,Current,0,None
L_0040,2023-08-02,2023-03-05,5,355,141500.0,139947.74,7.67,<640,<60%,<20%,GA,Purchase,Primary,Single Family,Servicer B,Current,0,0,0,0,0-10%,2026-08-27,System1,Complete,0,0,0,0,Current,0,None
L_0040,2023-09-01,2023-03-05,6,354,141500.0,140444.78,7.67,<640,<60%,<20%,GA,Purchase,Primary,Single Family,Servicer B,Current,0,0,0,0,10-25%,2026-08-27,System1,Complete,0,0,0,0,Current,0,None
L_0040,2023-10-01,2023-03-05,7,353,141500.0,139275.09,7.67,<640,<60%,<20%,GA,Purchase,Primary,Single Family,Servicer B,Current,0,0,0,0,25-50%,2026-08-27,System1,Complete,0,0,0,0,Current,0,None
L_0040,2023-10-31,2023-03-05,8,352,141500.0,137882.41,7.67,<640,<60%,<20%,GA,Purchase,Primary,Single Family,Servicer B,Current,0,0,0,0,25-50%,2026-08-27,System1,Complete,0,0,0,0,Current,0,None
L_0040,2023-11-30,2023-03-05,9,351,141500.0,140317.96,7.67,<640,<60%,<20%,GA,Purchase,Primary,Single Family,Servicer B,Current,0,0,0,0,0-10%,2026-08-27,System2,Complete,0,0,0,0,Current,0,None
L_0040,2023-12-30,2023-03-05,10,350,141500.0,139218.85,7.67,<640,<60%,<20%,GA,Purchase,Primary,Single Family,Servicer B,Current,0,0,0,0,10-25%,2026-08-27,System2,Pending,0,0,0,0,Current,0,None
L_0040,2024-01-29,2023-03-05,11,349,141500.0,138751.72,7.67,<640,<60%,<20%,GA,Purchase,Primary,Single Family,Servicer B,Current,0,0,0,0,0-10%,2026-08-27,System2,Complete,0,0,0,0,Current,0,None
L_0041,2023-04-16,2023-04-16,0,360,421400.0,414060.46,7.75,760+,60-80%,30-40%,FL,Refinance,Primary,Single Family,Servicer D,Current,0,0,0,0,>50%,2026-08-27,System1,Complete,0,1,0,0,Current,0,None
L_0041,2023-05-16,2023-04-16,1,359,421400.0,418995.78,7.75,760+,60-80%,30-40%,FL,Refinance,Primary,Single Family,Servicer D,Current,0,0,0,0,0-10%,2026-08-27,System1,Pending,0,0,0,0,Current,0,None
L_0041,2023-06-15,2023-04-16,2,358,421400.0,422601.62,7.75,760+,60-80%,30-40%,FL,Refinance,Primary,Single Family,Servicer D,Current,0,0,0,0,25-50%,2026-08-27,System3,Complete,0,0,0,0,Current,0,None
L_0041,2023-07-15,2023-04-16,3,357,421400.0,425744.15,7.75,760+,60-80%,30-40%,FL,Refinance,Primary,Single Family,Servicer D,Current,0,0,0,0,10-25%,2026-08-27,System2,Complete,1,0,0,0,Current,0,None
L_0041,2023-08-14,2023-04-16,4,356,421400.0,417686.22,7.75,760+,60-80%,30-40%,FL,Refinance,Primary,Single Family,Servicer D,Current,0,0,0,0,10-25%,2026-08-27,System1,Complete,0,0,0,0,Current,0,None
L_0041,2023-09-13,2023-04-16,5,355,421400.0,421736.76,7.75,760+,60-80%,30-40%,FL,Refinance,Primary,Single Family,Servicer D,30 Days Delinquent,30,1,0,0,25-50%,2026-08-27,System3,Complete,0,0,0,0,Delinquent,0,None
L_0041,2023-10-13,2023-04-16,6,354,421400.0,424479.78,7.75,760+,60-80%,30-40%,FL,Refinance,Primary,Single Family,Servicer D,60 Days Delinquent,60,0,0,0,0-10%,2026-08-27,System2,Complete,0,0,0,0,Delinquent,0,None
L_0041,2023-11-12,2023-04-16,7,353,421400.0,420671.94,7.75,760+,60-80%,30-40%,FL,Refinance,Primary,Single Family,Servicer D,Current,0,0,0,0,0-10%,2026-08-27,System3,Complete,0,0,0,0,Current,0,None
L_0041,2023-12-12,2023-04-16,8,352,421400.0,414340.84,7.75,760+,60-80%,30-40%,FL,Refinance,Primary,Single Family,Servicer D,Current,0,0,0,0,25-50%,2026-08-27,System2,Complete,0,0,0,0,Current,0,None
L_0041,2024-01-11,2023-04-16,9,351,421400.0,413204.34,7.75,760+,60-80%,30-40%,FL,Refinance,Primary,Single Family,Servicer D,Current,0,0,0,0,10-25%,2026-08-27,System1,Complete,0,0,0,0,Current,0,None
L_0041,2024-02-10,2023-04-16,10,350,421400.0,418973.62,7.75,760+,60-80%,30-40%,FL,Refinance,Primary,Single Family,Servicer D,Current,0,0,0,0,0-10%,2026-08-27,System1,Complete,0,0,0,0,Current,0,None
L_0041,2024-03-11,2023-04-16,11,349,421400.0,411806.79,7.75,760+,60-80%,30-40%,FL,Refinance,Primary,Single Family,Servicer D,Current,0,0,0,0,0-10%,2026-08-27,System2,Complete,0,0,0,0,Current,0,None
L_0042,2023-04-08,2023-04-08,0,360,75800.0,75854.49,7.53,640-699,60-80%,<20%,TX,Refinance,Secondary,Single Family,Servicer C,Current,0,0,0,0,>50%,2026-08-27,System3,Pending,0,0,0,0,Current,0,None
L_0042,2023-05-08,2023-04-08,1,359,75800.0,76005.04,7.53,640-699,60-80%,<20%,TX,Refinance,Secondary,Single Family,Servicer C,Current,0,0,0,0,0-10%,2026-08-27,System2,Pending,0,0,0,0,Current,0,None
L_0042,2023-06-07,2023-04-08,2,358,75800.0,74660.11,7.53,640-699,60-80%,<20%,TX,Refinance,Secondary,Single Family,Servicer C,Current,0,0,0,0,0-10%,2026-08-27,System3,Complete,0,0,0,0,Current,0,None
L_0042,2023-07-07,2023-04-08,3,357,75800.0,76546.26,7.53,640-699,60-80%,<20%,TX,Refinance,Secondary,Single Family,Servicer C,30 Days Delinquent,30,0,0,0,0-10%,2026-08-27,System3,Complete,0,0,0,0,Delinquent,0,None
L_0042,2023-08-06,2023-04-08,4,356,75800.0,75797.26,7.53,640-699,60-80%,<20%,TX,Refinance,Secondary,Single Family,Servicer C,Current,0,0,0,0,25-50%,2026-08-27,System1,Pending,0,1,0,0,Current,0,None
L_0042,2023-09-05,2023-04-08,5,355,75800.0,77215.61,7.53,640-699,60-80%,<20%,TX,Refinance,Secondary,Single Family,Servicer C,Current,0,0,0,0,0-10%,2026-08-27,System1,Complete,0,0,0,0,Current,0,None
L_0042,2023-10-05,2023-04-08,6,354,75800.0,74791.44,7.53,640-699,60-80%,<20%,TX,Refinance,Secondary,Single Family,Servicer C,Current,0,0,0,0,10-25%,2026-08-27,System1,Complete,0,0,0,0,Current,0,None
L_0042,2023-11-04,2023-04-08,7,353,75800.0,74347.37,7.53,640-699,60-80%,<20%,TX,Refinance,Secondary,Single Family,Servicer C,Current,0,0,0,0,25-50%,2026-08-27,System3,Complete,1,0,0,0,Current,0,None
L_0042,2023-12-04,2023-04-08,8,352,75800.0,75451.95,7.53,640-699,60-80%,<20%,TX,Refinance,Secondary,Single Family,Servicer C,Current,0,0,0,0,0-10%,2026-08-27,System2,Missing,0,0,0,0,Current,0,None
L_0042,2024-01-03,2023-04-08,9,351,75800.0,75159.93,7.53,640-699,60-80%,<20%,TX,Refinance,Secondary,Single Family,Servicer C,Current,0,0,0,0,25-50%,2026-08-27,System1,Complete,0,0,0,0,Current,0,None
L_0042,2024-02-02,2023-04-08,10,350,75800.0,73955.35,7.53,640-699,60-80%,<20%,TX,Refinance,Secondary,Single Family,Servicer C,90 Days Delinquent,90,0,0,0,10-25%,2026-08-27,System3,Complete,0,0,0,0,Delinquent,0,None
L_0042,2024-03-03,2023-04-08,11,349,75800.0,73879.48,7.53,640-699,60-80%,<20%,TX,Refinance,Secondary,Single Family,Servicer C,30 Days Delinquent,30,0,0,0,0-10%,2026-08-27,System3,Complete,0,0,0,0,Delinquent,0,None
L_0043,2023-01-10,2023-01-10,0,360,732000.0,724869.43,4.54,640-699,60-80%,>40%,FL,Purchase,Secondary,Condo,Servicer B,Current,0,0,0,0,10-25%,2026-08-27,System2,Missing,0,1,0,0,Current,0,None
L_0043,2023-02-09,2023-01-10,1,359,732000.0,735674.79,4.54,640-699,60-80%,>40%,FL,Purchase,Secondary,Condo,Servicer B,Current,0,0,0,0,>50%,2026-08-27,System3,Complete,0,0,0,0,Current,0,None
L_0043,2023-03-11,2023-01-10,2,358,732000.0,736973.21,4.54,640-699,60-80%,>40%,FL,Purchase,Secondary,Condo,Servicer B,Current,0,0,0,0,10-25%,2026-08-27,System1,Complete,0,0,0,0,Current,0,None
L_0043,2023-04-10,2023-01-10,3,357,732000.0,720446.7,4.54,640-699,60-80%,>40%,FL,Purchase,Secondary,Condo,Servicer B,30 Days Delinquent,30,0,0,0,25-50%,2026-08-27,System3,Complete,1,0,0,0,Delinquent,0,None
L_0043,2023-05-10,2023-01-10,4,356,732000.0,722099.89,4.54,640-699,60-80%,>40%,FL,Purchase,Secondary,Condo,Servicer B,Current,0,0,0,0,>50%,2026-08-27,System1,Complete,0,0,0,0,Current,0,None
L_0043,2023-06-09,2023-01-10,5,355,732000.0,719896.88,4.54,640-699,60-80%,>40%,FL,Purchase,Secondary,Condo,Servicer B,Current,0,0,0,0,25-50%,2026-08-27,System3,Complete,0,0,0,0,Current,0,None
L_0043,2023-07-09,2023-01-10,6,354,732000.0,725100.9,4.54,640-699,60-80%,>40%,FL,Purchase,Secondary,Condo,Servicer B,Charged Off,120,0,0,0,0-10%,2026-08-27,System1,Complete,0,0,0,0,Current,1,High DPD
L_0043,2023-08-08,2023-01-10,7,353,732000.0,723907.54,4.54,640-699,60-80%,>40%,FL,Purchase,Secondary,Condo,Servicer B,Current,0,0,0,0,25-50%,2026-08-27,System1,Complete,0,0,0,0,Current,0,None
L_0043,2023-09-07,2023-01-10,8,352,732000.0,721228.09,4.54,640-699,60-80%,>40%,FL,Purchase,Secondary,Condo,Servicer B,Current,0,0,0,0,25-50%,2026-08-27,System3,Complete,0,0,0,0,Current,0,None
L_0043,2023-10-07,2023-01-10,9,351,732000.0,706542.76,4.54,640-699,60-80%,>40%,FL,Purchase,Secondary,Condo,Servicer B,Current,0,0,0,0,0-10%,2026-08-27,System1,Complete,0,0,0,0,Current,0,None
L_0043,2023-11-06,2023-01-10,10,350,732000.0,731292.49,4.54,640-699,60-80%,>40%,FL,Purchase,Secondary,Condo,Servicer B,Current,0,0,0,0,10-25%,2026-08-27,System2,Complete,0,0,0,0,Current,0,None
L_0043,2023-12-06,2023-01-10,11,349,732000.0,702030.56,4.54,640-699,60-80%,>40%,FL,Purchase,Secondary,Condo,Servicer B,Current,0,0,0,0,25-50%,2026-08-27,System1,Complete,0,0,0,0,Current,0,None
L_0044,2023-05-29,2023-05-29,0,360,244100.0,242195.5,2.59,760+,<60%,<20%,IL,Purchase,Primary,Single Family,Servicer D,Current,0,0,0,0,25-50%,2026-08-27,System1,Complete,0,0,0,0,Current,0,None
L_0044,2023-06-28,2023-05-29,1,359,244100.0,245758.42,2.59,760+,<60%,<20%,IL,Purchase,Primary,Single Family,Servicer D,Current,0,0,0,0,25-50%,2026-08-27,System1,Pending,0,0,0,0,Current,0,None
L_0044,2023-07-28,2023-05-29,2,358,244100.0,238512.95,2.59,760+,<60%,<20%,IL,Purchase,Primary,Single Family,Servicer D,Current,0,0,0,0,0-10%,2026-08-27,System3,Complete,0,0,0,0,Current,0,None
L_0044,2023-08-27,2023-05-29,3,357,244100.0,242617.0,2.59,760+,<60%,<20%,IL,Purchase,Primary,Single Family,Servicer D,Current,0,0,0,0,0-10%,2026-08-27,System2,Complete,0,0,0,0,Current,0,None
L_0044,2023-09-26,2023-05-29,4,356,244100.0,249635.94,2.59,760+,<60%,<20%,IL,Purchase,Primary,Single Family,Servicer D,Current,0,0,0,0,0-10%,2026-08-27,System1,Complete,0,0,0,0,Current,0,None
L_0044,2023-10-26,2023-05-29,5,355,244100.0,238120.04,2.59,760+,<60%,<20%,IL,Purchase,Primary,Single Family,Servicer D,30 Days Delinquent,30,0,0,0,25-50%,2026-08-27,System3,Complete,0,0,0,0,Delinquent,0,None
L_0044,2023-11-25,2023-05-29,6,354,244100.0,238063.43,2.59,760+,<60%,<20%,IL,Purchase,Primary,Single Family,Servicer D,Current,0,0,0,0,0-10%,2026-08-27,System1,Pending,0,0,0,0,Current,0,None
L_0044,2023-12-25,2023-05-29,7,353,244100.0,242027.79,2.59,760+,<60%,<20%,IL,Purchase,Primary,Single Family,Servicer D,Current,0,0,0,0,0-10%,2026-08-27,System1,Pending,0,0,0,0,Current,0,None
L_0044,2024-01-24,2023-05-29,8,352,244100.0,239659.21,2.59,760+,<60%,<20%,IL,Purchase,Primary,Single Family,Servicer D,Current,0,0,0,0,25-50%,2026-08-27,System3,Complete,0,0,0,0,Current,0,None
L_0044,2024-02-23,2023-05-29,9,351,244100.0,240287.01,2.59,760+,<60%,<20%,IL,Purchase,Primary,Single Family,Servicer D,Current,0,0,0,0,>50%,2026-08-27,System2,Complete,0,0,0,0,Current,0,None
L_0044,2024-03-24,2023-05-29,10,350,244100.0,239870.03,2.59,760+,<60%,<20%,IL,Purchase,Primary,Single Family,Servicer D,30 Days Delinquent,30,0,0,0,0-10%,2026-08-27,System1,Pending,0,0,0,0,Delinquent,0,None
L_0044,2024-04-23,2023-05-29,11,349,244100.0,237261.84,2.59,760+,<60%,<20%,IL,Purchase,Primary,Single Family,Servicer D,Current,0,0,0,0,25-50%,2026-08-27,System1,Complete,0,0,0,0,Current,0,None
L_0045,2023-05-08,2023-05-08,0,360,546900.0,546329.59,7.61,760+,80-90%,20-30%,GA,Cash-out Refinance,Secondary,Single Family,Servicer A,Current,0,0,0,0,10-25%,2026-08-27,System1,Pending,0,0,0,0,Current,0,None
L_0045,2023-06-07,2023-05-08,1,359,546900.0,542341.79,7.61,760+,80-90%,20-30%,GA,Cash-out Refinance,Secondary,Single Family,Servicer A,Current,0,0,0,0,0-10%,2026-08-27,System2,Pending,0,0,0,0,Current,0,None
L_0045,2023-07-07,2023-05-08,2,358,546900.0,548197.25,7.61,760+,80-90%,20-30%,GA,Cash-out Refinance,Secondary,Single Family,Servicer A,Current,0,0,0,0,>50%,2026-08-27,System1,Complete,0,0,0,0,Current,0,None
L_0045,2023-08-06,2023-05-08,3,357,546900.0,542259.24,7.61,760+,80-90%,20-30%,GA,Cash-out Refinance,Secondary,Single Family,Servicer A,Current,0,0,0,0,25-50%,2026-08-27,System2,Complete,0,0,0,0,Current,0,None
L_0045,2023-09-05,2023-05-08,4,356,546900.0,541621.62,7.61,760+,80-90%,20-30%,GA,Cash-out Refinance,Secondary,Single Family,Servicer A,Current,0,0,0,0,0-10%,2026-08-27,System1,Complete,0,0,0,0,Current,0,None
L_0045,2023-10-05,2023-05-08,5,355,546900.0,538887.38,7.61,760+,80-90%,20-30%,GA,Cash-out Refinance,Secondary,Single Family,Servicer A,Current,0,0,0,0,>50%,2026-08-27,System3,Complete,0,0,0,0,Current,0,None
L_0045,2023-11-04,2023-05-08,6,354,546900.0,545717.78,7.61,760+,80-90%,20-30%,GA,Cash-out Refinance,Secondary,Single Family,Servicer A,Current,0,0,0,0,25-50%,2026-08-27,System3,Complete,0,0,0,0,Current,0,None
L_0045,2023-12-04,2023-05-08,7,353,546900.0,542097.65,7.61,760+,80-90%,20-30%,GA,Cash-out Refinance,Secondary,Single Family,Servicer A,Current,0,0,0,0,0-10%,2026-08-27,System2,Pending,0,0,0,0,Current,0,None
L_0045,2024-01-03,2023-05-08,8,352,546900.0,537006.02,7.61,760+,80-90%,20-30%,GA,Cash-out Refinance,Secondary,Single Family,Servicer A,Current,0,0,0,0,25-50%,2026-08-27,System1,Complete,0,0,0,0,Current,0,None
L_0045,2024-02-02,2023-05-08,9,351,546900.0,543387.41,7.61,760+,80-90%,20-30%,GA,Cash-out Refinance,Secondary,Single Family,Servicer A,30 Days Delinquent,30,0,0,0,>50%,2026-08-27,System1,Pending,0,0,1,0,Delinquent,0,None
L_0045,2024-03-03,2023-05-08,10,350,546900.0,542756.13,7.61,760+,80-90%,20-30%,GA,Cash-out Refinance,Secondary,Single Family,Servicer A,Current,0,0,0,0,0-10%,2026-08-27,System2,Complete,0,0,0,0,Current,0,None
L_0045,2024-04-02,2023-05-08,11,349,546900.0,536412.51,7.61,760+,80-90%,20-30%,GA,Cash-out Refinance,Secondary,Single Family,Servicer A,Current,0,0,0,0,25-50%,2026-08-27,System2,Complete,0,1,0,0,Current,0,None
L_0046,2023-02-15,2023-02-15,0,360,283800.0,281333.06,4.86,760+,60-80%,<20%,MI,Purchase,Primary,Townhouse,Servicer C,Current,0,0,0,0,0-10%,2026-08-27,System1,Complete,0,1,0,0,Current,0,None
L_0046,2023-03-17,2023-02-15,1,359,283800.0,282261.01,4.86,760+,60-80%,<20%,MI,Purchase,Primary,Townhouse,Servicer C,Current,0,0,0,0,25-50%,2026-08-27,System3,Complete,0,0,0,0,Current,0,None
L_0046,2023-04-16,2023-02-15,2,358,283800.0,283578.33,4.86,760+,60-80%,<20%,MI,Purchase,Primary,Townhouse,Servicer C,Current,0,0,0,0,25-50%,2026-08-27,System2,Complete,1,0,0,0,Current,0,None
L_0046,2023-05-16,2023-02-15,3,357,283800.0,285718.81,4.86,760+,60-80%,<20%,MI,Purchase,Primary,Townhouse,Servicer C,Current,0,0,0,0,25-50%,2026-08-27,System2,Complete,1,1,0,0,Current,0,None
L_0046,2023-06-15,2023-02-15,4,356,283800.0,280231.27,4.86,760+,60-80%,<20%,MI,Purchase,Primary,Townhouse,Servicer C,Current,0,0,0,0,10-25%,2026-08-27,System1,Complete,0,0,1,0,Current,0,None
L_0046,2023-07-15,2023-02-15,5,355,283800.0,283087.66,4.86,760+,60-80%,<20%,MI,Purchase,Primary,Townhouse,Servicer C,90 Days Delinquent,90,0,0,0,25-50%,2026-08-27,System3,Complete,0,0,0,0,Delinquent,0,None
L_0046,2023-08-14,2023-02-15,6,354,283800.0,280299.28,4.86,760+,60-80%,<20%,MI,Purchase,Primary,Townhouse,Servicer C,60 Days Delinquent,60,0,0,0,0-10%,2026-08-27,System3,Missing,1,0,0,0,Delinquent,0,None
L_0046,2023-09-13,2023-02-15,7,353,283800.0,275364.25,4.86,760+,60-80%,<20%,MI,Purchase,Primary,Townhouse,Servicer C,Current,0,0,0,0,0-10%,2026-08-27,System3,Complete,0,0,0,0,Current,0,None
L_0046,2023-10-13,2023-02-15,8,352,283800.0,281651.62,4.86,760+,60-80%,<20%,MI,Purchase,Primary,Townhouse,Servicer C,Current,0,0,0,0,10-25%,2026-08-27,System2,Complete,0,0,0,0,Current,0,None
L_0046,2023-11-12,2023-02-15,9,351,283800.0,283366.31,4.86,760+,60-80%,<20%,MI,Purchase,Primary,Townhouse,Servicer C,Charged Off,120,0,0,1,10-25%,2026-08-27,System3,Pending,0,0,0,0,Current,1,High DPD
L_0046,2023-12-12,2023-02-15,10,350,283800.0,279483.45,4.86,760+,60-80%,<20%,MI,Purchase,Primary,Townhouse,Servicer C,Current,0,0,0,0,0-10%,2026-08-27,System1,Complete,0,1,0,0,Current,0,None
L_0046,2024-01-11,2023-02-15,11,349,283800.0,274043.33,4.86,760+,60-80%,<20%,MI,Purchase,Primary,Townhouse,Servicer C,Current,0,0,0,0,0-10%,2026-08-27,System1,Complete,0,0,0,0,Current,0,None
L_0047,2023-06-04,2023-06-04,0,360,440100.0,435783.24,7.82,760+,80-90%,>40%,OH,Purchase,Primary,Single Family,Servicer A,Current,0,0,0,0,10-25%,2026-08-27,System3,Complete,0,1,0,0,Current,0,None
L_0047,2023-07-04,2023-06-04,1,359,440100.0,439365.25,7.82,760+,80-90%,>40%,OH,Purchase,Primary,Single Family,Servicer A,Current,0,0,0,0,25-50%,2026-08-27,System1,Complete,1,0,0,0,Current,0,None
L_0047,2023-08-03,2023-06-04,2,358,440100.0,436935.67,7.82,760+,80-90%,>40%,OH,Purchase,Primary,Single Family,Servicer A,Current,0,0,0,0,0-10%,2026-08-27,System3,Complete,0,0,0,0,Current,0,None
L_0047,2023-09-02,2023-06-04,3,357,440100.0,433537.29,7.82,760+,80-90%,>40%,OH,Purchase,Primary,Single Family,Servicer A,Current,0,0,0,0,0-10%,2026-08-27,System1,Pending,1,0,0,0,Current,0,None
L_0047,2023-10-02,2023-06-04,4,356,440100.0,441895.42,7.82,760+,80-90%,>40%,OH,Purchase,Primary,Single Family,Servicer A,Charged Off,120,0,0,1,25-50%,2026-08-27,System2,Complete,0,0,0,0,Current,1,High DPD
L_0047,2023-11-01,2023-06-04,5,355,440100.0,436808.29,7.82,760+,80-90%,>40%,OH,Purchase,Primary,Single Family,Servicer A,Current,0,0,0,0,0-10%,2026-08-27,System3,Complete,0,0,0,0,Current,0,None
L_0047,2023-12-01,2023-06-04,6,354,440100.0,435760.98,7.82,760+,80-90%,>40%,OH,Purchase,Primary,Single Family,Servicer A,60 Days Delinquent,60,0,0,0,25-50%,2026-08-27,System3,Complete,0,0,0,0,Delinquent,0,None
L_0047,2023-12-31,2023-06-04,7,353,440100.0,432622.25,7.82,760+,80-90%,>40%,OH,Purchase,Primary,Single Family,Servicer A,Current,0,0,0,0,10-25%,2026-08-27,System3,Complete,0,0,0,0,Current,0,None
L_0047,2024-01-30,2023-06-04,8,352,440100.0,434661.63,7.82,760+,80-90%,>40%,OH,Purchase,Primary,Single Family,Servicer A,Current,0,0,0,0,>50%,2026-08-27,System1,Complete,0,0,0,0,Current,0,None
L_0047,2024-02-29,2023-06-04,9,351,440100.0,434703.48,7.82,760+,80-90%,>40%,OH,Purchase,Primary,Single Family,Servicer A,Current,0,0,0,0,25-50%,2026-08-27,System2,Complete,0,0,0,0,Current,0,None
L_0047,2024-03-30,2023-06-04,10,350,440100.0,430575.33,7.82,760+,80-90%,>40%,OH,Purchase,Primary,Single Family,Servicer A,Current,0,0,0,0,0-10%,2026-08-27,System1,Pending,0,0,0,0,Current,0,None
L_0047,2024-04-29,2023-06-04,11,349,440100.0,431233.04,7.82,760+,80-90%,>40%,OH,Purchase,Primary,Single Family,Servicer A,Current,0,0,0,0,0-10%,2026-08-27,System2,Complete,0,0,0,0,Current,0,None
L_0048,2023-03-07,2023-03-07,0,360,460000.0,457256.51,7.8,640-699,80-90%,20-30%,OH,Purchase,Primary,Single Family,Servicer D,Current,0,0,0,0,0-10%,2026-08-27,System3,Complete,0,0,0,0,Current,0,None
L_0048,2023-04-06,2023-03-07,1,359,460000.0,457706.52,7.8,640-699,80-90%,20-30%,OH,Purchase,Primary,Single Family,Servicer D,Current,0,0,0,0,0-10%,2026-08-27,System1,Complete,0,0,0,0,Current,0,None
L_0048,2023-05-06,2023-03-07,2,358,460000.0,458288.65,7.8,640-699,80-90%,20-30%,OH,Purchase,Primary,Single Family,Servicer D,Current,0,0,0,0,10-25%,2026-08-27,System1,Pending,0,0,0,0,Current,0,None
L_0048,2023-06-05,2023-03-07,3,357,460000.0,457716.57,7.8,640-699,80-90%,20-30%,OH,Purchase,Primary,Single Family,Servicer D,Current,0,0,0,0,0-10%,2026-08-27,System2,Complete,0,0,0,0,Current,0,None
L_0048,2023-07-05,2023-03-07,4,356,460000.0,459630.73,7.8,640-699,80-90%,20-30%,OH,Purchase,Primary,Single Family,Servicer D,Current,0,0,0,0,25-50%,2026-08-27,System2,Complete,0,0,0,0,Current,0,None
L_0048,2023-08-04,2023-03-07,5,355,460000.0,456022.4,7.8,640-699,80-90%,20-30%,OH,Purchase,Primary,Single Family,Servicer D,Current,0,0,0,0,10-25%,2026-08-27,System2,Complete,0,0,0,0,Current,0,None
L_0048,2023-09-03,2023-03-07,6,354,460000.0,453584.72,7.8,640-699,80-90%,20-30%,OH,Purchase,Primary,Single Family,Servicer D,Current,0,0,0,0,10-25%,2026-08-27,System2,Pending,0,0,0,0,Current,0,None
L_0048,2023-10-03,2023-03-07,7,353,460000.0,450789.74,7.8,640-699,80-90%,20-30%,OH,Purchase,Primary,Single Family,Servicer D,Current,0,0,0,0,25-50%,2026-08-27,System2,Complete,0,0,0,0,Current,0,None
L_0048,2023-11-02,2023-03-07,8,352,460000.0,451274.83,7.8,640-699,80-90%,20-30%,OH,Purchase,Primary,Single Family,Servicer D,Current,0,0,0,0,10-25%,2026-08-27,System1,Complete,0,0,0,0,Current,0,None
L_0048,2023-12-02,2023-03-07,9,351,460000.0,452086.54,7.8,640-699,80-90%,20-30%,OH,Purchase,Primary,Single Family,Servicer D,Current,0,0,0,0,>50%,2026-08-27,System1,Complete,0,0,0,1,Current,0,None
L_0048,2024-01-01,2023-03-07,10,350,460000.0,452284.53,7.8,640-699,80-90%,20-30%,OH,Purchase,Primary,Single Family,Servicer D,Current,0,0,0,0,0-10%,2026-08-27,System1,Complete,0,0,0,0,Current,0,None
L_0048,2024-01-31,2023-03-07,11,349,460000.0,450511.15,7.8,640-699,80-90%,20-30%,OH,Purchase,Primary,Single Family,Servicer D,Current,0,0,0,0,0-10%,2026-08-27,System3,Complete,0,0,0,0,Current,0,None
L_0049,2023-06-18,2023-06-18,0,360,188600.0,187675.44,7.19,<640,60-80%,30-40%,OH,Refinance,Primary,Single Family,Servicer C,Current,0,0,0,0,10-25%,2026-08-27,System1,Pending,0,0,0,0,Current,0,None
L_0049,2023-07-18,2023-06-18,1,359,188600.0,186218.35,7.19,<640,60-80%,30-40%,OH,Refinance,Primary,Single Family,Servicer C,Current,0,0,0,0,10-25%,2026-08-27,System2,Complete,0,0,0,0,Current,0,None
L_0049,2023-08-17,2023-06-18,2,358,188600.0,187923.37,7.19,<640,60-80%,30-40%,OH,Refinance,Primary,Single Family,Servicer C,Current,0,0,0,0,0-10%,2026-08-27,System2,Complete,0,0,0,0,Current,0,None
L_0049,2023-09-16,2023-06-18,3,357,188600.0,186582.24,7.19,<640,60-80%,30-40%,OH,Refinance,Primary,Single Family,Servicer C,Current,0,0,0,0,10-25%,2026-08-27,System3,Complete,0,0,0,0,Current,0,None
L_0049,2023-10-16,2023-06-18,4,356,188600.0,185099.13,7.19,<640,60-80%,30-40%,OH,Refinance,Primary,Single Family,Servicer C,Current,0,0,0,0,>50%,2026-08-27,System2,Complete,0,1,0,0,Current,0,None
L_0049,2023-11-15,2023-06-18,5,355,188600.0,186399.12,7.19,<640,60-80%,30-40%,OH,Refinance,Primary,Single Family,Servicer C,Current,0,0,0,0,10-25%,2026-08-27,System2,Complete,0,0,0,0,Current,0,None
L_0049,2023-12-15,2023-06-18,6,354,188600.0,185023.85,7.19,<640,60-80%,30-40%,OH,Refinance,Primary,Single Family,Servicer C,Current,0,0,0,0,10-25%,2026-08-27,System3,Complete,0,0,0,0,Current,0,None
L_0049,2024-01-14,2023-06-18,7,353,188600.0,184478.14,7.19,<640,60-80%,30-40%,OH,Refinance,Primary,Single Family,Servicer C,30 Days Delinquent,30,0,0,0,>50%,2026-08-27,System1,Complete,1,0,0,0,Delinquent,0,None
L_0049,2024-02-13,2023-06-18,8,352,188600.0,184299.31,7.19,<640,60-80%,30-40%,OH,Refinance,Primary,Single Family,Servicer C,Current,0,0,0,0,25-50%,2026-08-27,System2,Complete,0,0,0,0,Current,0,None
L_0049,2024-03-14,2023-06-18,9,351,188600.0,186478.6,7.19,<640,60-80%,30-40%,OH,Refinance,Primary,Single Family,Servicer C,Prepaid,0,0,1,0,10-25%,2026-08-27,System1,Complete,0,0,0,0,Current,0,None
L_0049,2024-04-13,2023-06-18,10,350,188600.0,181554.33,7.19,<640,60-80%,30-40%,OH,Refinance,Primary,Single Family,Servicer C,90 Days Delinquent,90,0,0,0,10-25%,2026-08-27,System1,Complete,0,0,0,0,Delinquent,0,None
L_0049,2024-05-13,2023-06-18,11,349,188600.0,183266.67,7.19,<640,60-80%,30-40%,OH,Refinance,Primary,Single Family,Servicer C,Current,0,0,0,0,10-25%,2026-08-27,System1,Complete,0,0,0,0,Current,0,None
L_0050,2023-04-22,2023-04-22,0,360,777200.0,778596.07,4.12,760+,<60%,<20%,GA,Refinance,Primary,Single Family,Servicer D,Current,0,0,0,0,>50%,2026-08-27,System2,Complete,0,0,0,0,Current,0,None
L_0050,2023-05-22,2023-04-22,1,359,777200.0,763962.5,4.12,760+,<60%,<20%,GA,Refinance,Primary,Single Family,Servicer D,Current,0,0,0,0,0-10%,2026-08-27,System2,Complete,0,0,0,0,Current,0,None
L_0050,2023-06-21,2023-04-22,2,358,777200.0,767898.52,4.12,760+,<60%,<20%,GA,Refinance,Primary,Single Family,Servicer D,Current,0,0,0,0,25-50%,2026-08-27,System3,Complete,0,0,0,0,Current,0,None
L_0050,2023-07-21,2023-04-22,3,357,777200.0,770449.19,4.12,760+,<60%,<20%,GA,Refinance,Primary,Single Family,Servicer D,Current,0,0,0,0,25-50%,2026-08-27,System3,Complete,0,0,0,0,Current,0,None
L_0050,2023-08-20,2023-04-22,4,356,777200.0,773383.98,4.12,760+,<60%,<20%,GA,Refinance,Primary,Single Family,Servicer D,30 Days Delinquent,30,0,0,0,25-50%,2026-08-27,System1,Pending,0,0,0,0,Delinquent,0,None
L_0050,2023-09-19,2023-04-22,5,355,777200.0,762613.47,4.12,760+,<60%,<20%,GA,Refinance,Primary,Single Family,Servicer D,Current,0,0,0,0,10-25%,2026-08-27,System1,Complete,0,0,0,0,Current,0,None
L_0050,2023-10-19,2023-04-22,6,354,777200.0,759585.97,4.12,760+,<60%,<20%,GA,Refinance,Primary,Single Family,Servicer D,Current,0,0,0,0,0-10%,2026-08-27,System2,Pending,0,0,0,0,Current,0,None
L_0050,2023-11-18,2023-04-22,7,353,777200.0,776189.17,4.12,760+,<60%,<20%,GA,Refinance,Primary,Single Family,Servicer D,30 Days Delinquent,30,0,0,0,0-10%,2026-08-27,System1,Complete,0,0,0,0,Delinquent,0,None
L_0050,2023-12-18,2023-04-22,8,352,777200.0,766520.33,4.12,760+,<60%,<20%,GA,Refinance,Primary,Single Family,Servicer D,Current,0,0,0,0,25-50%,2026-08-27,System3,Pending,0,0,0,0,Current,0,None
L_0050,2024-01-17,2023-04-22,9,351,777200.0,762846.33,4.12,760+,<60%,<20%,GA,Refinance,Primary,Single Family,Servicer D,Current,0,1,0,0,10-25%,2026-08-27,System1,Complete,0,0,0,0,Current,0,None
L_0050,2024-02-16,2023-04-22,10,350,777200.0,765729.39,4.12,760+,<60%,<20%,GA,Refinance,Primary,Single Family,Servicer D,Current,0,0,0,0,10-25%,2026-08-27,System3,Complete,0,0,0,0,Current,0,None
L_0050,2024-03-17,2023-04-22,11,349,777200.0,767830.47,4.12,760+,<60%,<20%,GA,Refinance,Primary,Single Family,Servicer D,Current,0,0,0,0,0-10%,2026-08-27,System3,Complete,0,0,0,0,Current,0,None
L_0051,2023-01-13,2023-01-13,0,360,631300.0,634296.36,4.62,700-759,60-80%,30-40%,CA,Purchase,Investment,Single Family,Servicer A,Current,0,0,0,0,0-10%,2026-08-27,System1,Pending,0,0,0,0,Current,0,None
L_0051,2023-02-12,2023-01-13,1,359,631300.0,639281.07,4.62,700-759,60-80%,30-40%,CA,Purchase,Investment,Single Family,Servicer A,Current,0,0,0,0,25-50%,2026-08-27,System1,Pending,0,0,0,0,Current,0,None
L_0051,2023-03-14,2023-01-13,2,358,631300.0,632972.01,4.62,700-759,60-80%,30-40%,CA,Purchase,Investment,Single Family,Servicer A,Current,0,0,0,0,>50%,2026-08-27,System2,Complete,0,0,0,0,Current,0,None
L_0051,2023-04-13,2023-01-13,3,357,631300.0,622281.87,4.62,700-759,60-80%,30-40%,CA,Purchase,Investment,Single Family,Servicer A,Current,0,0,0,0,0-10%,2026-08-27,System1,Pending,0,0,0,0,Current,0,None
L_0051,2023-05-13,2023-01-13,4,356,631300.0,624772.17,4.62,700-759,60-80%,30-40%,CA,Purchase,Investment,Single Family,Servicer A,30 Days Delinquent,30,0,0,0,0-10%,2026-08-27,System2,Complete,0,0,0,0,Delinquent,0,None
L_0051,2023-06-12,2023-01-13,5,355,631300.0,622444.02,4.62,700-759,60-80%,30-40%,CA,Purchase,Investment,Single Family,Servicer A,Current,0,0,0,0,>50%,2026-08-27,System3,Complete,0,0,0,0,Current,0,None
L_0051,2023-07-12,2023-01-13,6,354,631300.0,615803.11,4.62,700-759,60-80%,30-40%,CA,Purchase,Investment,Single Family,Servicer A,Current,0,0,0,0,0-10%,2026-08-27,System3,Complete,0,0,0,0,Current,0,None
L_0051,2023-08-11,2023-01-13,7,353,631300.0,626625.07,4.62,700-759,60-80%,30-40%,CA,Purchase,Investment,Single Family,Servicer A,Current,0,0,0,0,0-10%,2026-08-27,System1,Complete,0,0,0,0,Current,0,None
L_0051,2023-09-10,2023-01-13,8,352,631300.0,621293.52,4.62,700-759,60-80%,30-40%,CA,Purchase,Investment,Single Family,Servicer A,Current,0,0,0,0,>50%,2026-08-27,System2,Complete,0,0,0,0,Current,0,None
L_0051,2023-10-10,2023-01-13,9,351,631300.0,613893.42,4.62,700-759,60-80%,30-40%,CA,Purchase,Investment,Single Family,Servicer A,Current,0,0,0,0,25-50%,2026-08-27,System2,Pending,0,0,0,0,Current,0,None
L_0051,2023-11-09,2023-01-13,10,350,631300.0,616575.89,4.62,700-759,60-80%,30-40%,CA,Purchase,Investment,Single Family,Servicer A,Current,0,0,0,0,0-10%,2026-08-27,System3,Complete,0,0,0,0,Current,0,None
L_0051,2023-12-09,2023-01-13,11,349,631300.0,624615.26,4.62,700-759,60-80%,30-40%,CA,Purchase,Investment,Single Family,Servicer A,Current,0,0,0,0,25-50%,2026-08-27,System3,Complete,0,0,0,1,Current,0,None
L_0052,2023-05-17,2023-05-17,0,360,754600.0,753467.22,7.18,700-759,60-80%,20-30%,NY,Purchase,Primary,Multi-family,Servicer C,Current,0,0,0,0,10-25%,2026-08-27,System3,Complete,0,0,0,0,Current,0,None
L_0052,2023-06-16,2023-05-17,1,359,754600.0,743571.69,7.18,700-759,60-80%,20-30%,NY,Purchase,Primary,Multi-family,Servicer C,Current,0,0,0,0,10-25%,2026-08-27,System2,Complete,0,0,0,0,Current,0,None
L_0052,2023-07-16,2023-05-17,2,358,754600.0,755392.27,7.18,700-759,60-80%,20-30%,NY,Purchase,Primary,Multi-family,Servicer C,Current,0,0,0,0,10-25%,2026-08-27,System1,Complete,0,0,0,0,Current,0,None
L_0052,2023-08-15,2023-05-17,3,357,754600.0,749641.89,7.18,700-759,60-80%,20-30%,NY,Purchase,Primary,Multi-family,Servicer C,Current,0,0,0,0,0-10%,2026-08-27,System1,Complete,0,0,0,0,Current,0,None
L_0052,2023-09-14,2023-05-17,4,356,754600.0,759247.48,7.18,700-759,60-80%,20-30%,NY,Purchase,Primary,Multi-family,Servicer C,Current,0,0,0,0,10-25%,2026-08-27,System2,Pending,0,0,0,0,Current,0,None
L_0052,2023-10-14,2023-05-17,5,355,754600.0,743920.6,7.18,700-759,60-80%,20-30%,NY,Purchase,Primary,Multi-family,Servicer C,Current,0,0,0,0,25-50%,2026-08-27,System2,Pending,0,0,0,0,Current,0,None
L_0052,2023-11-13,2023-05-17,6,354,754600.0,755389.08,7.18,700-759,60-80%,20-30%,NY,Purchase,Primary,Multi-family,Servicer C,Current,0,0,0,0,0-10%,2026-08-27,System1,Complete,0,0,0,0,Current,0,None
L_0052,2023-12-13,2023-05-17,7,353,754600.0,737529.49,7.18,700-759,60-80%,20-30%,NY,Purchase,Primary,Multi-family,Servicer C,Current,0,0,0,0,10-25%,2026-08-27,System3,Complete,0,0,0,0,Current,0,None
L_0052,2024-01-12,2023-05-17,8,352,754600.0,743153.87,7.18,700-759,60-80%,20-30%,NY,Purchase,Primary,Multi-family,Servicer C,Current,0,0,0,0,>50%,2026-08-27,System2,Complete,0,0,0,0,Current,0,None
L_0052,2024-02-11,2023-05-17,9,351,754600.0,746930.48,7.18,700-759,60-80%,20-30%,NY,Purchase,Primary,Multi-family,Servicer C,Current,0,1,0,0,>50%,2026-08-27,System3,Pending,0,0,0,0,Current,0,None
L_0052,2024-03-12,2023-05-17,10,350,754600.0,750738.35,7.18,700-759,60-80%,20-30%,NY,Purchase,Primary,Multi-family,Servicer C,Current,0,0,0,0,0-10%,2026-08-27,System1,Complete,0,0,0,0,Current,0,None
L_0052,2024-04-11,2023-05-17,11,349,754600.0,743064.55,7.18,700-759,60-80%,20-30%,NY,Purchase,Primary,Multi-family,Servicer C,Prepaid,0,0,1,0,10-25%,2026-08-27,System2,Complete,0,0,0,0,Current,0,None
L_0053,2023-06-13,2023-06-13,0,360,721100.0,721902.78,4.24,760+,80-90%,>40%,PA,Refinance,Primary,Single Family,Servicer A,Current,0,0,0,0,10-25%,2026-08-27,System2,Complete,0,0,0,0,Current,0,None
L_0053,2023-07-13,2023-06-13,1,359,721100.0,728181.54,4.24,760+,80-90%,>40%,PA,Refinance,Primary,Single Family,Servicer A,Current,0,0,0,0,>50%,2026-08-27,System1,Complete,0,0,0,0,Current,0,None
L_0053,2023-08-12,2023-06-13,2,358,721100.0,721943.59,4.24,760+,80-90%,>40%,PA,Refinance,Primary,Single Family,Servicer A,Current,0,0,0,0,0-10%,2026-08-27,System3,Complete,0,0,0,0,Current,0,None
L_0053,2023-09-11,2023-06-13,3,357,721100.0,709767.12,4.24,760+,80-90%,>40%,PA,Refinance,Primary,Single Family,Servicer A,Current,0,0,0,0,0-10%,2026-08-27,System1,Complete,0,0,0,0,Current,0,None
L_0053,2023-10-11,2023-06-13,4,356,721100.0,721171.85,4.24,760+,80-90%,>40%,PA,Refinance,Primary,Single Family,Servicer A,Current,0,0,0,0,25-50%,2026-08-27,System1,Complete,0,0,0,0,Current,0,None
L_0053,2023-11-10,2023-06-13,5,355,721100.0,713799.19,4.24,760+,80-90%,>40%,PA,Refinance,Primary,Single Family,Servicer A,Current,0,0,0,0,>50%,2026-08-27,System1,Complete,0,0,0,0,Current,0,None
L_0053,2023-12-10,2023-06-13,6,354,721100.0,709746.8,4.24,760+,80-90%,>40%,PA,Refinance,Primary,Single Family,Servicer A,Current,0,0,0,0,0-10%,2026-08-27,System2,Complete,0,0,0,0,Current,0,None
L_0053,2024-01-09,2023-06-13,7,353,721100.0,697714.75,4.24,760+,80-90%,>40%,PA,Refinance,Primary,Single Family,Servicer A,Current,0,0,0,0,10-25%,2026-08-27,System3,Complete,0,0,0,0,Current,0,None
L_0053,2024-02-08,2023-06-13,8,352,721100.0,702483.51,4.24,760+,80-90%,>40%,PA,Refinance,Primary,Single Family,Servicer A,Current,0,1,0,0,10-25%,2026-08-27,System2,Complete,0,0,0,0,Current,0,None
L_0053,2024-03-09,2023-06-13,9,351,721100.0,708104.05,4.24,760+,80-90%,>40%,PA,Refinance,Primary,Single Family,Servicer A,Current,0,0,0,0,>50%,2026-08-27,System3,Complete,0,0,0,0,Current,0,None
L_0053,2024-04-08,2023-06-13,10,350,721100.0,703378.59,4.24,760+,80-90%,>40%,PA,Refinance,Primary,Single Family,Servicer A,Current,0,0,0,0,25-50%,2026-08-27,System3,Pending,0,0,0,0,Current,0,None
L_0053,2024-05-08,2023-06-13,11,349,721100.0,700818.97,4.24,760+,80-90%,>40%,PA,Refinance,Primary,Single Family,Servicer A,Current,0,0,0,0,>50%,2026-08-27,System3,Complete,0,0,0,0,Current,0,None
L_0054,2023-03-27,2023-03-27,0,360,498400.0,495561.86,3.43,<640,60-80%,20-30%,NC,Refinance,Primary,Single Family,Servicer D,Current,0,0,0,0,10-25%,2026-08-27,System1,Complete,0,0,0,0,Current,0,None
L_0054,2023-04-26,2023-03-27,1,359,498400.0,496786.31,3.43,<640,60-80%,20-30%,NC,Refinance,Primary,Single Family,Servicer D,Current,0,0,0,0,0-10%,2026-08-27,System1,Complete,0,0,0,0,Current,0,None
L_0054,2023-05-26,2023-03-27,2,358,498400.0,497158.67,3.43,<640,60-80%,20-30%,NC,Refinance,Primary,Single Family,Servicer D,Current,0,0,0,0,10-25%,2026-08-27,System2,Complete,0,0,0,0,Current,0,None
L_0054,2023-06-25,2023-03-27,3,357,498400.0,486782.58,3.43,<640,60-80%,20-30%,NC,Refinance,Primary,Single Family,Servicer D,Current,0,0,0,0,25-50%,2026-08-27,System3,Complete,0,1,0,0,Current,0,None
L_0054,2023-07-25,2023-03-27,4,356,498400.0,495737.05,3.43,<640,60-80%,20-30%,NC,Refinance,Primary,Single Family,Servicer D,Current,0,0,0,0,>50%,2026-08-27,System2,Complete,0,1,0,0,Current,0,None
L_0054,2023-08-24,2023-03-27,5,355,498400.0,489352.55,3.43,<640,60-80%,20-30%,NC,Refinance,Primary,Single Family,Servicer D,Current,0,0,0,0,0-10%,2026-08-27,System3,Complete,0,0,0,0,Current,0,None
L_0054,2023-09-23,2023-03-27,6,354,498400.0,487429.18,3.43,<640,60-80%,20-30%,NC,Refinance,Primary,Single Family,Servicer D,Current,0,0,0,0,0-10%,2026-08-27,System2,Complete,1,0,0,0,Current,0,None
L_0054,2023-10-23,2023-03-27,7,353,498400.0,482402.11,3.43,<640,60-80%,20-30%,NC,Refinance,Primary,Single Family,Servicer D,Current,0,0,0,0,0-10%,2026-08-27,System2,Complete,1,0,0,0,Current,0,None
L_0054,2023-11-22,2023-03-27,8,352,498400.0,491018.34,3.43,<640,60-80%,20-30%,NC,Refinance,Primary,Single Family,Servicer D,30 Days Delinquent,30,0,0,0,0-10%,2026-08-27,System3,Complete,0,0,0,0,Delinquent,0,None
L_0054,2023-12-22,2023-03-27,9,351,498400.0,485176.68,3.43,<640,60-80%,20-30%,NC,Refinance,Primary,Single Family,Servicer D,60 Days Delinquent,60,0,0,0,>50%,2026-08-27,System3,Pending,0,1,0,0,Delinquent,0,None
L_0054,2024-01-21,2023-03-27,10,350,498400.0,488447.37,3.43,<640,60-80%,20-30%,NC,Refinance,Primary,Single Family,Servicer D,Charged Off,120,0,0,0,10-25%,2026-08-27,System1,Complete,0,0,0,0,Current,1,High DPD
L_0054,2024-02-20,2023-03-27,11,349,498400.0,493430.61,3.43,<640,60-80%,20-30%,NC,Refinance,Primary,Single Family,Servicer D,Current,0,0,0,0,25-50%,2026-08-27,System2,Complete,0,0,0,0,Current,0,None
L_0055,2023-03-31,2023-03-31,0,360,741400.0,738540.62,5.56,700-759,<60%,<20%,TX,Purchase,Investment,Condo,Servicer D,Current,0,0,0,0,25-50%,2026-08-27,System3,Complete,1,0,0,0,Current,0,None
L_0055,2023-04-30,2023-03-31,1,359,741400.0,743132.16,5.56,700-759,<60%,<20%,TX,Purchase,Investment,Condo,Servicer D,Current,0,0,0,0,0-10%,2026-08-27,System1,Complete,0,1,0,0,Current,0,None
L_0055,2023-05-30,2023-03-31,2,358,741400.0,732138.93,5.56,700-759,<60%,<20%,TX,Purchase,Investment,Condo,Servicer D,Current,0,0,0,0,10-25%,2026-08-27,System3,Complete,0,0,0,0,Current,0,None
L_0055,2023-06-29,2023-03-31,3,357,741400.0,737488.7,5.56,700-759,<60%,<20%,TX,Purchase,Investment,Condo,Servicer D,90 Days Delinquent,90,0,0,0,10-25%,2026-08-27,System2,Pending,0,0,0,0,Delinquent,0,None
L_0055,2023-07-29,2023-03-31,4,356,741400.0,730646.42,5.56,700-759,<60%,<20%,TX,Purchase,Investment,Condo,Servicer D,Current,0,0,0,0,10-25%,2026-08-27,System3,Complete,1,0,0,0,Current,0,None
L_0055,2023-08-28,2023-03-31,5,355,741400.0,732255.91,5.56,700-759,<60%,<20%,TX,Purchase,Investment,Condo,Servicer D,Current,0,0,0,0,0-10%,2026-08-27,System2,Complete,0,0,0,0,Current,0,None
L_0055,2023-09-27,2023-03-31,6,354,741400.0,740466.26,5.56,700-759,<60%,<20%,TX,Purchase,Investment,Condo,Servicer D,30 Days Delinquent,30,0,0,0,25-50%,2026-08-27,System1,Complete,0,0,0,0,Delinquent,0,None
L_0055,2023-10-27,2023-03-31,7,353,741400.0,733324.9,5.56,700-759,<60%,<20%,TX,Purchase,Investment,Condo,Servicer D,60 Days Delinquent,60,0,0,0,25-50%,2026-08-27,System2,Complete,0,0,0,0,Delinquent,0,None
L_0055,2023-11-26,2023-03-31,8,352,741400.0,722759.18,5.56,700-759,<60%,<20%,TX,Purchase,Investment,Condo,Servicer D,Current,0,0,0,0,25-50%,2026-08-27,System1,Complete,0,0,0,0,Current,0,None
L_0055,2023-12-26,2023-03-31,9,351,741400.0,738092.65,5.56,700-759,<60%,<20%,TX,Purchase,Investment,Condo,Servicer D,Current,0,0,0,0,25-50%,2026-08-27,System2,Complete,0,0,0,0,Current,0,None
L_0055,2024-01-25,2023-03-31,10,350,741400.0,720339.31,5.56,700-759,<60%,<20%,TX,Purchase,Investment,Condo,Servicer D,Current,0,0,0,0,>50%,2026-08-27,System3,Complete,0,0,0,0,Current,0,None
L_0055,2024-02-24,2023-03-31,11,349,741400.0,723885.56,5.56,700-759,<60%,<20%,TX,Purchase,Investment,Condo,Servicer D,Current,0,0,0,0,0-10%,2026-08-27,System2,Complete,0,1,0,0,Current,0,None
L_0056,2023-02-27,2023-02-27,0,360,116400.0,115154.11,7.65,<640,60-80%,<20%,CA,Cash-out Refinance,Primary,Single Family,Servicer A,Current,0,0,0,0,>50%,2026-08-27,System3,Complete,0,0,0,0,Current,0,None
L_0056,2023-03-29,2023-02-27,1,359,116400.0,117228.79,7.65,<640,60-80%,<20%,CA,Cash-out Refinance,Primary,Single Family,Servicer A,Current,0,0,0,0,0-10%,2026-08-27,System3,Complete,0,0,0,0,Current,0,None
L_0056,2023-04-28,2023-02-27,2,358,116400.0,113689.56,7.65,<640,60-80%,<20%,CA,Cash-out Refinance,Primary,Single Family,Servicer A,Current,0,0,0,0,>50%,2026-08-27,System2,Pending,1,0,0,0,Current,0,None
L_0056,2023-05-28,2023-02-27,3,357,116400.0,113430.68,7.65,<640,60-80%,<20%,CA,Cash-out Refinance,Primary,Single Family,Servicer A,Current,0,0,0,0,0-10%,2026-08-27,System1,Complete,0,0,0,0,Current,0,None
L_0056,2023-06-27,2023-02-27,4,356,116400.0,113894.55,7.65,<640,60-80%,<20%,CA,Cash-out Refinance,Primary,Single Family,Servicer A,Current,0,0,0,0,25-50%,2026-08-27,System3,Complete,0,0,0,0,Current,0,None
L_0056,2023-07-27,2023-02-27,5,355,116400.0,116072.47,7.65,<640,60-80%,<20%,CA,Cash-out Refinance,Primary,Single Family,Servicer A,60 Days Delinquent,60,0,0,0,0-10%,2026-08-27,System2,Complete,0,0,0,0,Delinquent,0,None
L_0056,2023-08-26,2023-02-27,6,354,116400.0,115270.57,7.65,<640,60-80%,<20%,CA,Cash-out Refinance,Primary,Single Family,Servicer A,Current,0,0,0,0,0-10%,2026-08-27,System3,Complete,0,0,0,0,Current,0,None
L_0056,2023-09-25,2023-02-27,7,353,116400.0,115805.05,7.65,<640,60-80%,<20%,CA,Cash-out Refinance,Primary,Single Family,Servicer A,Current,0,0,0,0,25-50%,2026-08-27,System2,Complete,0,0,0,0,Current,0,None
L_0056,2023-10-25,2023-02-27,8,352,116400.0,116264.84,7.65,<640,60-80%,<20%,CA,Cash-out Refinance,Primary,Single Family,Servicer A,Current,0,0,0,0,10-25%,2026-08-27,System3,Pending,0,0,0,0,Current,0,None
L_0056,2023-11-24,2023-02-27,9,351,116400.0,113709.91,7.65,<640,60-80%,<20%,CA,Cash-out Refinance,Primary,Single Family,Servicer A,Current,0,0,0,0,10-25%,2026-08-27,System1,Complete,0,0,0,0,Current,0,None
L_0056,2023-12-24,2023-02-27,10,350,116400.0,113576.91,7.65,<640,60-80%,<20%,CA,Cash-out Refinance,Primary,Single Family,Servicer A,Current,0,0,0,0,0-10%,2026-08-27,System3,Complete,0,0,0,0,Current,0,None
L_0056,2024-01-23,2023-02-27,11,349,116400.0,113862.75,7.65,<640,60-80%,<20%,CA,Cash-out Refinance,Primary,Single Family,Servicer A,Current,0,0,0,0,>50%,2026-08-27,System2,Complete,0,0,0,0,Current,0,None
L_0057,2023-02-23,2023-02-23,0,360,197000.0,198088.93,6.33,700-759,60-80%,20-30%,MI,Purchase,Primary,Single Family,Servicer C,Current,0,0,0,0,0-10%,2026-08-27,System2,Complete,0,0,0,0,Current,0,None
L_0057,2023-03-25,2023-02-23,1,359,197000.0,195959.23,6.33,700-759,60-80%,20-30%,MI,Purchase,Primary,Single Family,Servicer C,Current,0,0,0,0,10-25%,2026-08-27,System2,Complete,0,0,0,0,Current,0,None
L_0057,2023-04-24,2023-02-23,2,358,197000.0,198768.77,6.33,700-759,60-80%,20-30%,MI,Purchase,Primary,Single Family,Servicer C,Current,0,0,0,0,10-25%,2026-08-27,System2,Complete,0,0,0,0,Current,0,None
L_0057,2023-05-24,2023-02-23,3,357,197000.0,194806.39,6.33,700-759,60-80%,20-30%,MI,Purchase,Primary,Single Family,Servicer C,Current,0,0,0,0,10-25%,2026-08-27,System1,Complete,0,0,0,0,Current,0,None
L_0057,2023-06-23,2023-02-23,4,356,197000.0,198829.02,6.33,700-759,60-80%,20-30%,MI,Purchase,Primary,Single Family,Servicer C,Current,0,0,0,0,0-10%,2026-08-27,System2,Complete,0,0,0,0,Current,0,None
L_0057,2023-07-23,2023-02-23,5,355,197000.0,199036.87,6.33,700-759,60-80%,20-30%,MI,Purchase,Primary,Single Family,Servicer C,Current,0,0,0,0,0-10%,2026-08-27,System3,Complete,0,0,0,0,Current,0,None
L_0057,2023-08-22,2023-02-23,6,354,197000.0,191308.24,6.33,700-759,60-80%,20-30%,MI,Purchase,Primary,Single Family,Servicer C,Current,0,0,0,0,0-10%,2026-08-27,System2,Complete,0,0,1,0,Current,0,None
L_0057,2023-09-21,2023-02-23,7,353,197000.0,193160.07,6.33,700-759,60-80%,20-30%,MI,Purchase,Primary,Single Family,Servicer C,30 Days Delinquent,30,0,0,0,10-25%,2026-08-27,System2,Complete,0,0,0,0,Delinquent,0,None
L_0057,2023-10-21,2023-02-23,8,352,197000.0,197523.43,6.33,700-759,60-80%,20-30%,MI,Purchase,Primary,Single Family,Servicer C,30 Days Delinquent,30,0,0,0,>50%,2026-08-27,System3,Complete,0,0,0,0,Delinquent,0,None
L_0057,2023-11-20,2023-02-23,9,351,197000.0,193213.81,6.33,700-759,60-80%,20-30%,MI,Purchase,Primary,Single Family,Servicer C,Current,0,0,0,0,25-50%,2026-08-27,System2,Complete,0,0,0,0,Current,0,None
L_0057,2023-12-20,2023-02-23,10,350,197000.0,194464.92,6.33,700-759,60-80%,20-30%,MI,Purchase,Primary,Single Family,Servicer C,Current,0,0,0,0,10-25%,2026-08-27,System3,Missing,0,0,0,0,Current,0,None
L_0057,2024-01-19,2023-02-23,11,349,197000.0,196934.12,6.33,700-759,60-80%,20-30%,MI,Purchase,Primary,Single Family,Servicer C,Current,0,0,0,0,25-50%,2026-08-27,System1,Complete,0,0,0,0,Current,0,None
L_0058,2023-01-12,2023-01-12,0,360,83900.0,84043.13,5.64,<640,80-90%,30-40%,TX,Purchase,Primary,Single Family,Servicer A,Current,0,0,0,0,0-10%,2026-08-27,System1,Missing,0,1,0,0,Current,0,None
L_0058,2023-02-11,2023-01-12,1,359,83900.0,83431.09,5.64,<640,80-90%,30-40%,TX,Purchase,Primary,Single Family,Servicer A,Current,0,0,0,0,0-10%,2026-08-27,System3,Complete,0,0,0,0,Current,0,None
L_0058,2023-03-13,2023-01-12,2,358,83900.0,84140.3,5.64,<640,80-90%,30-40%,TX,Purchase,Primary,Single Family,Servicer A,Current,0,0,0,0,0-10%,2026-08-27,System1,Missing,0,0,0,0,Current,0,None
L_0058,2023-04-12,2023-01-12,3,357,83900.0,82826.47,5.64,<640,80-90%,30-40%,TX,Purchase,Primary,Single Family,Servicer A,Current,0,0,0,0,0-10%,2026-08-27,System3,Pending,1,0,0,0,Current,0,None
L_0058,2023-05-12,2023-01-12,4,356,83900.0,83353.31,5.64,<640,80-90%,30-40%,TX,Purchase,Primary,Single Family,Servicer A,30 Days Delinquent,30,0,0,0,25-50%,2026-08-27,System3,Complete,0,0,0,0,Delinquent,0,None
L_0058,2023-06-11,2023-01-12,5,355,83900.0,83142.26,5.64,<640,80-90%,30-40%,TX,Purchase,Primary,Single Family,Servicer A,30 Days Delinquent,30,0,0,0,0-10%,2026-08-27,System1,Complete,0,0,0,0,Delinquent,0,None
L_0058,2023-07-11,2023-01-12,6,354,83900.0,83290.68,5.64,<640,80-90%,30-40%,TX,Purchase,Primary,Single Family,Servicer A,Charged Off,120,0,0,1,0-10%,2026-08-27,System2,Missing,0,0,0,0,Current,1,High DPD
L_0058,2023-08-10,2023-01-12,7,353,83900.0,83328.42,5.64,<640,80-90%,30-40%,TX,Purchase,Primary,Single Family,Servicer A,Current,0,0,0,0,25-50%,2026-08-27,System3,Complete,0,0,0,1,Current,0,None
L_0058,2023-09-09,2023-01-12,8,352,83900.0,82715.81,5.64,<640,80-90%,30-40%,TX,Purchase,Primary,Single Family,Servicer A,30 Days Delinquent,30,1,0,0,0-10%,2026-08-27,System3,Pending,0,0,0,0,Delinquent,0,None
L_0058,2023-10-09,2023-01-12,9,351,83900.0,83377.27,5.64,<640,80-90%,30-40%,TX,Purchase,Primary,Single Family,Servicer A,Current,0,0,0,0,25-50%,2026-08-27,System2,Pending,0,0,0,0,Current,0,None
L_0058,2023-11-08,2023-01-12,10,350,83900.0,81507.25,5.64,<640,80-90%,30-40%,TX,Purchase,Primary,Single Family,Servicer A,Current,0,0,0,0,10-25%,2026-08-27,System1,Complete,0,0,0,0,Current,0,None
L_0058,2023-12-08,2023-01-12,11,349,83900.0,82045.28,5.64,<640,80-90%,30-40%,TX,Purchase,Primary,Single Family,Servicer A,Current,0,0,0,0,0-10%,2026-08-27,System3,Complete,0,0,0,0,Current,0,None
L_0059,2023-01-14,2023-01-14,0,360,294000.0,291083.39,3.03,<640,60-80%,<20%,OH,Cash-out Refinance,Primary,Multi-family,Servicer D,Current,0,0,0,0,10-25%,2026-08-27,System1,Complete,0,0,0,0,Current,0,None
L_0059,2023-02-13,2023-01-14,1,359,294000.0,291787.39,3.03,<640,60-80%,<20%,OH,Cash-out Refinance,Primary,Multi-family,Servicer D,Current,0,0,0,0,25-50%,2026-08-27,System1,Complete,0,0,0,0,Current,0,None
L_0059,2023-03-15,2023-01-14,2,358,294000.0,289012.64,3.03,<640,60-80%,<20%,OH,Cash-out Refinance,Primary,Multi-family,Servicer D,Current,0,0,0,0,10-25%,2026-08-27,System1,Complete,0,0,0,0,Current,0,None
L_0059,2023-04-14,2023-01-14,3,357,294000.0,286820.81,3.03,<640,60-80%,<20%,OH,Cash-out Refinance,Primary,Multi-family,Servicer D,30 Days Delinquent,30,0,0,0,0-10%,2026-08-27,System2,Pending,0,0,0,0,Delinquent,0,None
L_0059,2023-05-14,2023-01-14,4,356,294000.0,289351.34,3.03,<640,60-80%,<20%,OH,Cash-out Refinance,Primary,Multi-family,Servicer D,Current,0,0,0,0,>50%,2026-08-27,System1,Pending,0,0,0,0,Current,0,None
L_0059,2023-06-13,2023-01-14,5,355,294000.0,287001.59,3.03,<640,60-80%,<20%,OH,Cash-out Refinance,Primary,Multi-family,Servicer D,30 Days Delinquent,30,0,0,0,10-25%,2026-08-27,System1,Complete,0,0,0,0,Delinquent,0,None
L_0059,2023-07-13,2023-01-14,6,354,294000.0,289809.64,3.03,<640,60-80%,<20%,OH,Cash-out Refinance,Primary,Multi-family,Servicer D,Current,0,0,0,0,>50%,2026-08-27,System2,Complete,0,0,0,0,Current,0,None
L_0059,2023-08-12,2023-01-14,7,353,294000.0,294054.93,3.03,<640,60-80%,<20%,OH,Cash-out Refinance,Primary,Multi-family,Servicer D,Prepaid,30,0,1,0,>50%,2026-08-27,System1,Complete,0,0,0,0,Current,0,None
L_0059,2023-09-11,2023-01-14,8,352,294000.0,281805.94,3.03,<640,60-80%,<20%,OH,Cash-out Refinance,Primary,Multi-family,Servicer D,Current,0,0,0,0,25-50%,2026-08-27,System3,Pending,0,0,0,0,Current,0,None
L_0059,2023-10-11,2023-01-14,9,351,294000.0,294661.77,3.03,<640,60-80%,<20%,OH,Cash-out Refinance,Primary,Multi-family,Servicer D,Current,0,0,0,0,0-10%,2026-08-27,System2,Complete,0,0,0,0,Current,0,None
L_0059,2023-11-10,2023-01-14,10,350,294000.0,283623.58,3.03,<640,60-80%,<20%,OH,Cash-out Refinance,Primary,Multi-family,Servicer D,Current,0,0,0,0,25-50%,2026-08-27,System3,Complete,0,0,0,0,Current,0,None
L_0059,2023-12-10,2023-01-14,11,349,294000.0,292766.56,3.03,<640,60-80%,<20%,OH,Cash-out Refinance,Primary,Multi-family,Servicer D,Current,0,0,0,0,25-50%,2026-08-27,System2,Complete,0,0,0,0,Current,0,None
L_0060,2023-05-01,2023-05-01,0,360,341500.0,345919.64,5.88,<640,60-80%,30-40%,FL,Purchase,Investment,Single Family,Servicer A,Current,0,0,0,0,10-25%,2026-08-27,System1,Complete,0,0,0,0,Current,0,None
L_0060,2023-05-31,2023-05-01,1,359,341500.0,339958.01,5.88,<640,60-80%,30-40%,FL,Purchase,Investment,Single Family,Servicer A,Current,0,0,0,0,25-50%,2026-08-27,System1,Pending,0,0,0,0,Current,0,None
L_0060,2023-06-30,2023-05-01,2,358,341500.0,337425.42,5.88,<640,60-80%,30-40%,FL,Purchase,Investment,Single Family,Servicer A,Current,0,0,0,0,10-25%,2026-08-27,System2,Complete,0,0,0,0,Current,0,None
L_0060,2023-07-30,2023-05-01,3,357,341500.0,340020.64,5.88,<640,60-80%,30-40%,FL,Purchase,Investment,Single Family,Servicer A,Current,0,0,0,0,25-50%,2026-08-27,System3,Complete,0,0,0,0,Current,0,None
L_0060,2023-08-29,2023-05-01,4,356,341500.0,341811.55,5.88,<640,60-80%,30-40%,FL,Purchase,Investment,Single Family,Servicer A,Current,0,0,0,0,>50%,2026-08-27,System2,Complete,0,0,0,0,Current,0,None
L_0060,2023-09-28,2023-05-01,5,355,341500.0,334877.92,5.88,<640,60-80%,30-40%,FL,Purchase,Investment,Single Family,Servicer A,30 Days Delinquent,30,0,0,0,0-10%,2026-08-27,System2,Complete,0,0,0,0,Delinquent,0,None
L_0060,2023-10-28,2023-05-01,6,354,341500.0,338870.5,5.88,<640,60-80%,30-40%,FL,Purchase,Investment,Single Family,Servicer A,Current,0,0,0,0,10-25%,2026-08-27,System1,Pending,0,0,0,0,Current,0,None
L_0060,2023-11-27,2023-05-01,7,353,341500.0,342349.1,5.88,<640,60-80%,30-40%,FL,Purchase,Investment,Single Family,Servicer A,Current,0,0,0,0,0-10%,2026-08-27,System2,Complete,0,0,0,0,Current,0,None
L_0060,2023-12-27,2023-05-01,8,352,341500.0,338975.46,5.88,<640,60-80%,30-40%,FL,Purchase,Investment,Single Family,Servicer A,Current,0,0,0,0,25-50%,2026-08-27,System1,Complete,0,0,0,1,Current,0,None
L_0060,2024-01-26,2023-05-01,9,351,341500.0,336503.14,5.88,<640,60-80%,30-40%,FL,Purchase,Investment,Single Family,Servicer A,Current,0,0,0,0,0-10%,2026-08-27,System3,Complete,0,0,0,0,Current,0,None
L_0060,2024-02-25,2023-05-01,10,350,341500.0,344177.59,5.88,<640,60-80%,30-40%,FL,Purchase,Investment,Single Family,Servicer A,Current,0,0,0,0,0-10%,2026-08-27,System2,Complete,0,0,0,0,Current,0,None
L_0060,2024-03-26,2023-05-01,11,349,341500.0,339443.35,5.88,<640,60-80%,30-40%,FL,Purchase,Investment,Single Family,Servicer A,Current,0,0,0,0,10-25%,2026-08-27,System2,Complete,0,0,0,0,Current,0,None
L_0061,2023-06-11,2023-06-11,0,360,253500.0,256341.35,7.95,700-759,>90%,20-30%,MI,Refinance,Investment,Single Family,Servicer D,Current,0,0,0,0,0-10%,2026-08-27,System2,Complete,0,0,0,0,Current,0,None
L_0061,2023-07-11,2023-06-11,1,359,253500.0,251666.6,7.95,700-759,>90%,20-30%,MI,Refinance,Investment,Single Family,Servicer D,Current,0,0,0,0,0-10%,2026-08-27,System3,Complete,0,0,0,0,Current,0,None
L_0061,2023-08-10,2023-06-11,2,358,253500.0,255825.74,7.95,700-759,>90%,20-30%,MI,Refinance,Investment,Single Family,Servicer D,Current,0,0,0,0,>50%,2026-08-27,System1,Complete,0,1,0,0,Current,0,None
L_0061,2023-09-09,2023-06-11,3,357,253500.0,251552.85,7.95,700-759,>90%,20-30%,MI,Refinance,Investment,Single Family,Servicer D,Current,0,0,0,0,10-25%,2026-08-27,System1,Complete,0,0,0,0,Current,0,None
L_0061,2023-10-09,2023-06-11,4,356,253500.0,253629.38,7.95,700-759,>90%,20-30%,MI,Refinance,Investment,Single Family,Servicer D,30 Days Delinquent,30,0,0,0,10-25%,2026-08-27,System3,Complete,0,0,0,0,Delinquent,0,None
L_0061,2023-11-08,2023-06-11,5,355,253500.0,252354.27,7.95,700-759,>90%,20-30%,MI,Refinance,Investment,Single Family,Servicer D,Current,0,0,0,0,10-25%,2026-08-27,System3,Complete,1,0,0,0,Current,0,None
L_0061,2023-12-08,2023-06-11,6,354,253500.0,249775.73,7.95,700-759,>90%,20-30%,MI,Refinance,Investment,Single Family,Servicer D,Current,0,0,0,0,10-25%,2026-08-27,System1,Complete,0,0,0,0,Current,0,None
L_0061,2024-01-07,2023-06-11,7,353,253500.0,253034.71,7.95,700-759,>90%,20-30%,MI,Refinance,Investment,Single Family,Servicer D,30 Days Delinquent,30,1,0,0,0-10%,2026-08-27,System2,Complete,0,0,0,0,Delinquent,0,None
L_0061,2024-02-06,2023-06-11,8,352,253500.0,250000.96,7.95,700-759,>90%,20-30%,MI,Refinance,Investment,Single Family,Servicer D,Prepaid,60,0,1,0,>50%,2026-08-27,System1,Complete,0,0,0,0,Current,0,None
L_0061,2024-03-07,2023-06-11,9,351,253500.0,245953.76,7.95,700-759,>90%,20-30%,MI,Refinance,Investment,Single Family,Servicer D,Current,0,0,0,0,25-50%,2026-08-27,System2,Complete,0,0,0,0,Current,0,None
L_0061,2024-04-06,2023-06-11,10,350,253500.0,244431.47,7.95,700-759,>90%,20-30%,MI,Refinance,Investment,Single Family,Servicer D,Current,0,0,0,0,0-10%,2026-08-27,System1,Complete,0,0,0,0,Current,0,None
L_0061,2024-05-06,2023-06-11,11,349,253500.0,246194.21,7.95,700-759,>90%,20-30%,MI,Refinance,Investment,Single Family,Servicer D,Current,0,0,0,0,0-10%,2026-08-27,System1,Complete,0,0,0,0,Current,0,None
L_0062,2023-05-01,2023-05-01,0,360,671600.0,668157.82,3.27,700-759,80-90%,20-30%,TX,Purchase,Primary,Single Family,Servicer A,Current,0,0,0,0,25-50%,2026-08-27,System1,Complete,0,0,0,0,Current,0,None
L_0062,2023-05-31,2023-05-01,1,359,671600.0,664884.51,3.27,700-759,80-90%,20-30%,TX,Purchase,Primary,Single Family,Servicer A,Current,0,0,0,0,10-25%,2026-08-27,System1,Pending,0,0,0,0,Current,0,None
L_0062,2023-06-30,2023-05-01,2,358,671600.0,663931.82,3.27,700-759,80-90%,20-30%,TX,Purchase,Primary,Single Family,Servicer A,Current,0,0,0,0,>50%,2026-08-27,System2,Complete,0,0,0,0,Current,0,None
L_0062,2023-07-30,2023-05-01,3,357,671600.0,665364.91,3.27,700-759,80-90%,20-30%,TX,Purchase,Primary,Single Family,Servicer A,Current,0,0,0,0,25-50%,2026-08-27,System2,Complete,0,1,0,0,Current,0,None
L_0062,2023-08-29,2023-05-01,4,356,671600.0,667964.87,3.27,700-759,80-90%,20-30%,TX,Purchase,Primary,Single Family,Servicer A,Current,0,0,0,0,10-25%,2026-08-27,System3,Complete,0,0,0,0,Current,0,None
L_0062,2023-09-28,2023-05-01,5,355,671600.0,664718.89,3.27,700-759,80-90%,20-30%,TX,Purchase,Primary,Single Family,Servicer A,Current,0,0,0,0,10-25%,2026-08-27,System3,Pending,0,1,0,0,Current,0,None
L_0062,2023-10-28,2023-05-01,6,354,671600.0,666247.76,3.27,700-759,80-90%,20-30%,TX,Purchase,Primary,Single Family,Servicer A,Current,0,0,0,0,10-25%,2026-08-27,System1,Complete,1,0,0,0,Current,0,None
L_0062,2023-11-27,2023-05-01,7,353,671600.0,664548.57,3.27,700-759,80-90%,20-30%,TX,Purchase,Primary,Single Family,Servicer A,Current,0,0,0,0,>50%,2026-08-27,System1,Complete,0,0,0,0,Current,0,None
L_0062,2023-12-27,2023-05-01,8,352,671600.0,656295.06,3.27,700-759,80-90%,20-30%,TX,Purchase,Primary,Single Family,Servicer A,Current,0,0,0,0,10-25%,2026-08-27,System3,Pending,1,0,0,0,Current,0,None
L_0062,2024-01-26,2023-05-01,9,351,671600.0,659786.7,3.27,700-759,80-90%,20-30%,TX,Purchase,Primary,Single Family,Servicer A,90 Days Delinquent,90,0,0,0,0-10%,2026-08-27,System2,Complete,0,0,0,0,Delinquent,0,None
L_0062,2024-02-25,2023-05-01,10,350,671600.0,650953.03,3.27,700-759,80-90%,20-30%,TX,Purchase,Primary,Single Family,Servicer A,Current,0,0,0,0,25-50%,2026-08-27,System3,Pending,0,0,0,0,Current,0,None
L_0062,2024-03-26,2023-05-01,11,349,671600.0,656379.0,3.27,700-759,80-90%,20-30%,TX,Purchase,Primary,Single Family,Servicer A,60 Days Delinquent,60,0,0,0,0-10%,2026-08-27,System2,Complete,0,0,0,0,Delinquent,0,None
L_0063,2023-01-20,2023-01-20,0,360,317600.0,319695.21,5.35,700-759,60-80%,20-30%,OH,Purchase,Investment,Single Family,Servicer C,Current,0,0,0,0,10-25%,2026-08-27,System2,Complete,0,0,0,0,Current,0,None
L_0063,2023-02-19,2023-01-20,1,359,317600.0,313563.2,5.35,700-759,60-80%,20-30%,OH,Purchase,Investment,Single Family,Servicer C,Current,0,0,0,0,10-25%,2026-08-27,System2,Pending,0,0,0,0,Current,0,None
L_0063,2023-03-21,2023-01-20,2,358,317600.0,315064.34,5.35,700-759,60-80%,20-30%,OH,Purchase,Investment,Single Family,Servicer C,Current,0,0,0,0,25-50%,2026-08-27,System1,Complete,0,1,0,0,Current,0,None
L_0063,2023-04-20,2023-01-20,3,357,317600.0,312442.3,5.35,700-759,60-80%,20-30%,OH,Purchase,Investment,Single Family,Servicer C,Current,0,0,0,0,10-25%,2026-08-27,System2,Complete,0,0,0,0,Current,0,None
L_0063,2023-05-20,2023-01-20,4,356,317600.0,313940.37,5.35,700-759,60-80%,20-30%,OH,Purchase,Investment,Single Family,Servicer C,Current,0,0,0,0,10-25%,2026-08-27,System2,Pending,0,0,0,0,Current,0,None
L_0063,2023-06-19,2023-01-20,5,355,317600.0,310337.63,5.35,700-759,60-80%,20-30%,OH,Purchase,Investment,Single Family,Servicer C,Current,0,0,0,0,25-50%,2026-08-27,System3,Complete,1,0,0,0,Current,0,None
L_0063,2023-07-19,2023-01-20,6,354,317600.0,317215.7,5.35,700-759,60-80%,20-30%,OH,Purchase,Investment,Single Family,Servicer C,Current,0,0,0,0,25-50%,2026-08-27,System2,Complete,0,0,0,0,Current,0,None
L_0063,2023-08-18,2023-01-20,7,353,317600.0,308530.0,5.35,700-759,60-80%,20-30%,OH,Purchase,Investment,Single Family,Servicer C,30 Days Delinquent,30,0,0,0,0-10%,2026-08-27,System3,Complete,0,0,0,0,Delinquent,0,None
L_0063,2023-09-17,2023-01-20,8,352,317600.0,313473.34,5.35,700-759,60-80%,20-30%,OH,Purchase,Investment,Single Family,Servicer C,90 Days Delinquent,90,0,0,0,25-50%,2026-08-27,System2,Complete,0,0,0,0,Delinquent,0,None
L_0063,2023-10-17,2023-01-20,9,351,317600.0,307972.79,5.35,700-759,60-80%,20-30%,OH,Purchase,Investment,Single Family,Servicer C,Current,0,0,0,0,10-25%,2026-08-27,System2,Complete,0,0,0,0,Current,0,None
L_0063,2023-11-16,2023-01-20,10,350,317600.0,309039.91,5.35,700-759,60-80%,20-30%,OH,Purchase,Investment,Single Family,Servicer C,Current,0,0,0,0,>50%,2026-08-27,System2,Complete,0,0,0,0,Current,0,None
L_0063,2023-12-16,2023-01-20,11,349,317600.0,312615.0,5.35,700-759,60-80%,20-30%,OH,Purchase,Investment,Single Family,Servicer C,Current,0,0,0,0,10-25%,2026-08-27,System1,Pending,0,0,0,0,Current,0,None
L_0064,2023-03-16,2023-03-16,0,360,260700.0,260254.86,7.33,760+,<60%,20-30%,TX,Cash-out Refinance,Primary,Single Family,Servicer C,Current,0,0,0,0,>50%,2026-08-27,System2,Complete,0,0,0,0,Current,0,None
L_0064,2023-04-15,2023-03-16,1,359,260700.0,253918.08,7.33,760+,<60%,20-30%,TX,Cash-out Refinance,Primary,Single Family,Servicer C,Current,0,0,0,0,25-50%,2026-08-27,System2,Complete,0,0,0,0,Current,0,None
L_0064,2023-05-15,2023-03-16,2,358,260700.0,257875.82,7.33,760+,<60%,20-30%,TX,Cash-out Refinance,Primary,Single Family,Servicer C,Current,0,0,0,0,0-10%,2026-08-27,System3,Complete,0,0,0,0,Current,0,None
L_0064,2023-06-14,2023-03-16,3,357,260700.0,257536.38,7.33,760+,<60%,20-30%,TX,Cash-out Refinance,Primary,Single Family,Servicer C,Current,0,0,0,0,10-25%,2026-08-27,System1,Pending,0,0,0,0,Current,0,None
L_0064,2023-07-14,2023-03-16,4,356,260700.0,260657.49,7.33,760+,<60%,20-30%,TX,Cash-out Refinance,Primary,Single Family,Servicer C,Current,0,0,0,0,0-10%,2026-08-27,System3,Complete,0,0,0,0,Current,0,None
L_0064,2023-08-13,2023-03-16,5,355,260700.0,257472.11,7.33,760+,<60%,20-30%,TX,Cash-out Refinance,Primary,Single Family,Servicer C,Current,0,0,0,0,25-50%,2026-08-27,System2,Complete,0,0,0,0,Current,0,None
L_0064,2023-09-12,2023-03-16,6,354,260700.0,258395.74,7.33,760+,<60%,20-30%,TX,Cash-out Refinance,Primary,Single Family,Servicer C,Current,0,0,0,0,10-25%,2026-08-27,System1,Complete,0,0,0,0,Current,0,None
L_0064,2023-10-12,2023-03-16,7,353,260700.0,253433.65,7.33,760+,<60%,20-30%,TX,Cash-out Refinance,Primary,Single Family,Servicer C,Current,0,0,0,0,10-25%,2026-08-27,System3,Complete,0,0,0,0,Current,0,None
L_0064,2023-11-11,2023-03-16,8,352,260700.0,254944.77,7.33,760+,<60%,20-30%,TX,Cash-out Refinance,Primary,Single Family,Servicer C,Current,0,0,0,0,10-25%,2026-08-27,System1,Pending,0,0,0,0,Current,0,None
L_0064,2023-12-11,2023-03-16,9,351,260700.0,255816.9,7.33,760+,<60%,20-30%,TX,Cash-out Refinance,Primary,Single Family,Servicer C,Current,0,0,0,0,25-50%,2026-08-27,System2,Complete,0,0,0,0,Current,0,None
L_0064,2024-01-10,2023-03-16,10,350,260700.0,253780.59,7.33,760+,<60%,20-30%,TX,Cash-out Refinance,Primary,Single Family,Servicer C,30 Days Delinquent,30,0,0,0,>50%,2026-08-27,System2,Complete,0,0,0,0,Delinquent,0,None
L_0064,2024-02-09,2023-03-16,11,349,260700.0,256888.41,7.33,760+,<60%,20-30%,TX,Cash-out Refinance,Primary,Single Family,Servicer C,Current,0,0,0,0,10-25%,2026-08-27,System1,Missing,0,0,0,0,Current,0,None
L_0065,2023-05-24,2023-05-24,0,360,457000.0,464953.01,6.57,640-699,<60%,30-40%,FL,Purchase,Secondary,Single Family,Servicer A,Current,0,0,0,0,>50%,2026-08-27,System1,Complete,0,0,0,0,Current,0,None
L_0065,2023-06-23,2023-05-24,1,359,457000.0,452842.72,6.57,640-699,<60%,30-40%,FL,Purchase,Secondary,Single Family,Servicer A,Current,0,0,0,0,10-25%,2026-08-27,System2,Complete,0,0,0,0,Current,0,None
L_0065,2023-07-23,2023-05-24,2,358,457000.0,454586.89,6.57,640-699,<60%,30-40%,FL,Purchase,Secondary,Single Family,Servicer A,Current,0,0,0,0,10-25%,2026-08-27,System3,Complete,0,0,0,0,Current,0,None
L_0065,2023-08-22,2023-05-24,3,357,457000.0,451297.71,6.57,640-699,<60%,30-40%,FL,Purchase,Secondary,Single Family,Servicer A,Current,0,0,0,0,10-25%,2026-08-27,System1,Complete,0,0,0,0,Current,0,None
L_0065,2023-09-21,2023-05-24,4,356,457000.0,461523.62,6.57,640-699,<60%,30-40%,FL,Purchase,Secondary,Single Family,Servicer A,Current,0,0,0,0,10-25%,2026-08-27,System1,Complete,0,0,0,0,Current,0,None
L_0065,2023-10-21,2023-05-24,5,355,457000.0,452750.88,6.57,640-699,<60%,30-40%,FL,Purchase,Secondary,Single Family,Servicer A,Current,0,0,0,0,0-10%,2026-08-27,System1,Pending,0,0,0,0,Current,0,None
L_0065,2023-11-20,2023-05-24,6,354,457000.0,447963.44,6.57,640-699,<60%,30-40%,FL,Purchase,Secondary,Single Family,Servicer A,Current,0,0,0,0,10-25%,2026-08-27,System1,Complete,0,0,0,0,Current,0,None
L_0065,2023-12-20,2023-05-24,7,353,457000.0,447067.05,6.57,640-699,<60%,30-40%,FL,Purchase,Secondary,Single Family,Servicer A,Current,0,0,0,0,25-50%,2026-08-27,System3,Pending,0,0,0,0,Current,0,None
L_0065,2024-01-19,2023-05-24,8,352,457000.0,446606.51,6.57,640-699,<60%,30-40%,FL,Purchase,Secondary,Single Family,Servicer A,Current,0,1,0,0,0-10%,2026-08-27,System1,Complete,0,0,0,0,Current,0,None
L_0065,2024-02-18,2023-05-24,9,351,457000.0,454266.69,6.57,640-699,<60%,30-40%,FL,Purchase,Secondary,Single Family,Servicer A,Current,0,0,0,0,10-25%,2026-08-27,System1,Complete,0,1,0,0,Current,0,None
L_0065,2024-03-19,2023-05-24,10,350,457000.0,446802.19,6.57,640-699,<60%,30-40%,FL,Purchase,Secondary,Single Family,Servicer A,Current,0,0,0,0,25-50%,2026-08-27,System3,Complete,0,0,0,0,Current,0,None
L_0065,2024-04-18,2023-05-24,11,349,457000.0,448476.78,6.57,640-699,<60%,30-40%,FL,Purchase,Secondary,Single Family,Servicer A,Current,0,0,0,0,0-10%,2026-08-27,System1,Complete,0,0,0,0,Current,0,None
L_0066,2023-03-11,2023-03-11,0,360,155700.0,158330.07,6.33,640-699,60-80%,<20%,OH,Refinance,Primary,Condo,Servicer A,Current,0,0,0,0,10-25%,2026-08-27,System2,Complete,1,0,0,0,Current,0,None
L_0066,2023-04-10,2023-03-11,1,359,155700.0,157983.47,6.33,640-699,60-80%,<20%,OH,Refinance,Primary,Condo,Servicer A,Current,0,0,0,0,10-25%,2026-08-27,System1,Pending,0,0,0,0,Current,0,None
L_0066,2023-05-10,2023-03-11,2,358,155700.0,156008.88,6.33,640-699,60-80%,<20%,OH,Refinance,Primary,Condo,Servicer A,Current,0,0,0,0,10-25%,2026-08-27,System1,Complete,0,0,0,0,Current,0,None
L_0066,2023-06-09,2023-03-11,3,357,155700.0,152370.22,6.33,640-699,60-80%,<20%,OH,Refinance,Primary,Condo,Servicer A,60 Days Delinquent,60,0,0,0,10-25%,2026-08-27,System1,Complete,0,0,0,0,Delinquent,0,None
L_0066,2023-07-09,2023-03-11,4,356,155700.0,154211.18,6.33,640-699,60-80%,<20%,OH,Refinance,Primary,Condo,Servicer A,Current,0,0,0,0,10-25%,2026-08-27,System3,Complete,0,0,0,0,Current,0,None
L_0066,2023-08-08,2023-03-11,5,355,155700.0,152455.5,6.33,640-699,60-80%,<20%,OH,Refinance,Primary,Condo,Servicer A,Current,0,0,0,0,25-50%,2026-08-27,System2,Complete,0,1,0,0,Current,0,None
L_0066,2023-09-07,2023-03-11,6,354,155700.0,152352.71,6.33,640-699,60-80%,<20%,OH,Refinance,Primary,Condo,Servicer A,Current,0,0,0,0,10-25%,2026-08-27,System1,Complete,0,0,0,0,Current,0,None
L_0066,2023-10-07,2023-03-11,7,353,155700.0,149966.77,6.33,640-699,60-80%,<20%,OH,Refinance,Primary,Condo,Servicer A,Current,0,0,0,0,0-10%,2026-08-27,System3,Complete,0,0,0,0,Current,0,None
L_0066,2023-11-06,2023-03-11,8,352,155700.0,152941.19,6.33,640-699,60-80%,<20%,OH,Refinance,Primary,Condo,Servicer A,Current,0,0,0,0,0-10%,2026-08-27,System3,Complete,1,0,0,0,Current,0,None
L_0066,2023-12-06,2023-03-11,9,351,155700.0,152936.07,6.33,640-699,60-80%,<20%,OH,Refinance,Primary,Condo,Servicer A,Current,0,0,0,0,0-10%,2026-08-27,System1,Pending,0,0,0,0,Current,0,None
L_0066,2024-01-05,2023-03-11,10,350,155700.0,151435.71,6.33,640-699,60-80%,<20%,OH,Refinance,Primary,Condo,Servicer A,Current,0,0,0,0,0-10%,2026-08-27,System2,Complete,0,0,0,0,Current,0,None
L_0066,2024-02-04,2023-03-11,11,349,155700.0,152857.28,6.33,640-699,60-80%,<20%,OH,Refinance,Primary,Condo,Servicer A,90 Days Delinquent,90,0,0,0,>50%,2026-08-27,System2,Complete,0,0,0,0,Delinquent,0,None
L_0067,2023-02-25,2023-02-25,0,360,651600.0,654767.87,6.36,760+,<60%,<20%,NY,Purchase,Primary,Single Family,Servicer C,Current,0,0,0,0,10-25%,2026-08-27,System2,Complete,0,0,0,0,Current,0,None
L_0067,2023-03-27,2023-02-25,1,359,651600.0,648181.39,6.36,760+,<60%,<20%,NY,Purchase,Primary,Single Family,Servicer C,Current,0,0,0,0,0-10%,2026-08-27,System3,Complete,0,0,0,0,Current,0,None
L_0067,2023-04-26,2023-02-25,2,358,651600.0,654825.91,6.36,760+,<60%,<20%,NY,Purchase,Primary,Single Family,Servicer C,Current,0,0,0,0,25-50%,2026-08-27,System1,Complete,0,0,0,0,Current,0,None
L_0067,2023-05-26,2023-02-25,3,357,651600.0,647934.56,6.36,760+,<60%,<20%,NY,Purchase,Primary,Single Family,Servicer C,Current,0,0,0,0,0-10%,2026-08-27,System1,Complete,0,0,0,0,Current,0,None
L_0067,2023-06-25,2023-02-25,4,356,651600.0,653100.62,6.36,760+,<60%,<20%,NY,Purchase,Primary,Single Family,Servicer C,Current,0,0,0,0,10-25%,2026-08-27,System2,Complete,0,0,0,0,Current,0,None
L_0067,2023-07-25,2023-02-25,5,355,651600.0,645684.95,6.36,760+,<60%,<20%,NY,Purchase,Primary,Single Family,Servicer C,Current,0,0,0,0,0-10%,2026-08-27,System2,Complete,0,0,0,0,Current,0,None
L_0067,2023-08-24,2023-02-25,6,354,651600.0,653975.38,6.36,760+,<60%,<20%,NY,Purchase,Primary,Single Family,Servicer C,Current,0,0,0,0,0-10%,2026-08-27,System3,Complete,0,0,0,0,Current,0,None
L_0067,2023-09-23,2023-02-25,7,353,651600.0,643523.94,6.36,760+,<60%,<20%,NY,Purchase,Primary,Single Family,Servicer C,Current,0,0,0,0,25-50%,2026-08-27,System2,Pending,0,0,0,0,Current,0,None
L_0067,2023-10-23,2023-02-25,8,352,651600.0,647287.34,6.36,760+,<60%,<20%,NY,Purchase,Primary,Single Family,Servicer C,Current,0,0,0,0,25-50%,2026-08-27,System1,Complete,0,0,0,0,Current,0,None
L_0067,2023-11-22,2023-02-25,9,351,651600.0,645158.02,6.36,760+,<60%,<20%,NY,Purchase,Primary,Single Family,Servicer C,Current,0,0,0,0,10-25%,2026-08-27,System2,Complete,0,0,0,0,Current,0,None
L_0067,2023-12-22,2023-02-25,10,350,651600.0,643424.35,6.36,760+,<60%,<20%,NY,Purchase,Primary,Single Family,Servicer C,Current,0,0,0,0,25-50%,2026-08-27,System1,Complete,0,0,0,0,Current,0,None
L_0067,2024-01-21,2023-02-25,11,349,651600.0,626157.61,6.36,760+,<60%,<20%,NY,Purchase,Primary,Single Family,Servicer C,Current,0,0,0,0,0-10%,2026-08-27,System1,Complete,0,0,0,1,Current,0,None
L_0068,2023-04-11,2023-04-11,0,360,105900.0,105609.2,4.48,640-699,<60%,>40%,CA,Purchase,Primary,Single Family,Servicer D,Current,0,0,0,0,25-50%,2026-08-27,System3,Complete,0,0,0,0,Current,0,None
L_0068,2023-05-11,2023-04-11,1,359,105900.0,106611.05,4.48,640-699,<60%,>40%,CA,Purchase,Primary,Single Family,Servicer D,Current,0,0,0,0,>50%,2026-08-27,System2,Complete,0,0,0,0,Current,0,None
L_0068,2023-06-10,2023-04-11,2,358,105900.0,105484.17,4.48,640-699,<60%,>40%,CA,Purchase,Primary,Single Family,Servicer D,Current,0,0,0,0,0-10%,2026-08-27,System1,Complete,0,0,0,0,Current,0,None
L_0068,2023-07-10,2023-04-11,3,357,105900.0,103708.21,4.48,640-699,<60%,>40%,CA,Purchase,Primary,Single Family,Servicer D,Current,0,0,0,0,0-10%,2026-08-27,System3,Complete,0,0,0,0,Current,0,None
L_0068,2023-08-09,2023-04-11,4,356,105900.0,104745.95,4.48,640-699,<60%,>40%,CA,Purchase,Primary,Single Family,Servicer D,Current,0,0,0,0,>50%,2026-08-27,System3,Complete,0,1,0,0,Current,0,None
L_0068,2023-09-08,2023-04-11,5,355,105900.0,104561.38,4.48,640-699,<60%,>40%,CA,Purchase,Primary,Single Family,Servicer D,Current,0,0,0,0,25-50%,2026-08-27,System3,Complete,0,0,0,0,Current,0,None
L_0068,2023-10-08,2023-04-11,6,354,105900.0,104429.73,4.48,640-699,<60%,>40%,CA,Purchase,Primary,Single Family,Servicer D,Current,0,0,0,0,25-50%,2026-08-27,System3,Complete,0,0,0,0,Current,0,None
L_0068,2023-11-07,2023-04-11,7,353,105900.0,102827.83,4.48,640-699,<60%,>40%,CA,Purchase,Primary,Single Family,Servicer D,Current,0,0,0,0,0-10%,2026-08-27,System3,Complete,1,0,0,0,Current,0,None
L_0068,2023-12-07,2023-04-11,8,352,105900.0,104866.85,4.48,640-699,<60%,>40%,CA,Purchase,Primary,Single Family,Servicer D,30 Days Delinquent,30,0,0,0,>50%,2026-08-27,System1,Complete,0,0,0,0,Delinquent,0,None
L_0068,2024-01-06,2023-04-11,9,351,105900.0,103875.27,4.48,640-699,<60%,>40%,CA,Purchase,Primary,Single Family,Servicer D,Current,0,0,0,0,>50%,2026-08-27,System1,Missing,0,0,0,0,Current,0,None
L_0068,2024-02-05,2023-04-11,10,350,105900.0,105372.32,4.48,640-699,<60%,>40%,CA,Purchase,Primary,Single Family,Servicer D,90 Days Delinquent,90,0,0,0,10-25%,2026-08-27,System1,Pending,0,0,0,0,Delinquent,0,None
L_0068,2024-03-06,2023-04-11,11,349,105900.0,101182.62,4.48,640-699,<60%,>40%,CA,Purchase,Primary,Single Family,Servicer D,Prepaid,0,0,1,0,0-10%,2026-08-27,System1,Pending,0,1,0,0,Current,0,None
L_0069,2023-05-12,2023-05-12,0,360,790200.0,782466.46,4.11,760+,60-80%,>40%,IL,Purchase,Primary,Condo,Servicer C,Current,0,0,0,0,25-50%,2026-08-27,System2,Complete,0,0,0,0,Current,0,None
L_0069,2023-06-11,2023-05-12,1,359,790200.0,785764.04,4.11,760+,60-80%,>40%,IL,Purchase,Primary,Condo,Servicer C,Current,0,0,0,0,10-25%,2026-08-27,System2,Pending,0,0,0,0,Current,0,None
L_0069,2023-07-11,2023-05-12,2,358,790200.0,787724.05,4.11,760+,60-80%,>40%,IL,Purchase,Primary,Condo,Servicer C,Current,0,0,0,0,0-10%,2026-08-27,System2,Complete,1,0,0,0,Current,0,None
L_0069,2023-08-10,2023-05-12,3,357,790200.0,777320.32,4.11,760+,60-80%,>40%,IL,Purchase,Primary,Condo,Servicer C,Current,0,0,0,0,10-25%,2026-08-27,System1,Pending,0,1,0,0,Current,0,None
L_0069,2023-09-09,2023-05-12,4,356,790200.0,787409.74,4.11,760+,60-80%,>40%,IL,Purchase,Primary,Condo,Servicer C,Current,0,0,0,0,10-25%,2026-08-27,System3,Missing,0,1,0,0,Current,0,None
L_0069,2023-10-09,2023-05-12,5,355,790200.0,780250.27,4.11,760+,60-80%,>40%,IL,Purchase,Primary,Condo,Servicer C,60 Days Delinquent,60,0,0,0,10-25%,2026-08-27,System1,Complete,0,0,0,0,Delinquent,0,None
L_0069,2023-11-08,2023-05-12,6,354,790200.0,778218.52,4.11,760+,60-80%,>40%,IL,Purchase,Primary,Condo,Servicer C,Current,0,0,0,0,>50%,2026-08-27,System2,Complete,1,0,0,0,Current,0,None
L_0069,2023-12-08,2023-05-12,7,353,790200.0,760398.41,4.11,760+,60-80%,>40%,IL,Purchase,Primary,Condo,Servicer C,Current,0,0,0,0,10-25%,2026-08-27,System1,Complete,1,0,0,0,Current,0,None
L_0069,2024-01-07,2023-05-12,8,352,790200.0,787612.94,4.11,760+,60-80%,>40%,IL,Purchase,Primary,Condo,Servicer C,Current,0,0,0,0,0-10%,2026-08-27,System2,Pending,0,0,0,0,Current,0,None
L_0069,2024-02-06,2023-05-12,9,351,790200.0,791107.75,4.11,760+,60-80%,>40%,IL,Purchase,Primary,Condo,Servicer C,60 Days Delinquent,60,0,0,0,10-25%,2026-08-27,System2,Complete,0,0,0,0,Delinquent,0,None
L_0069,2024-03-07,2023-05-12,10,350,790200.0,764756.58,4.11,760+,60-80%,>40%,IL,Purchase,Primary,Condo,Servicer C,90 Days Delinquent,90,0,0,0,10-25%,2026-08-27,System2,Pending,0,0,0,0,Delinquent,0,None
L_0069,2024-04-06,2023-05-12,11,349,790200.0,772610.93,4.11,760+,60-80%,>40%,IL,Purchase,Primary,Condo,Servicer C,Current,0,0,0,0,25-50%,2026-08-27,System2,Pending,0,0,0,0,Current,0,None
L_0070,2023-04-21,2023-04-21,0,360,629200.0,635281.5,6.95,<640,<60%,20-30%,NC,Refinance,Primary,Townhouse,Servicer D,Current,0,0,0,0,0-10%,2026-08-27,System2,Complete,0,0,0,0,Current,0,None
L_0070,2023-05-21,2023-04-21,1,359,629200.0,623694.62,6.95,<640,<60%,20-30%,NC,Refinance,Primary,Townhouse,Servicer D,Current,0,0,0,0,25-50%,2026-08-27,System3,Complete,0,0,0,0,Current,0,None
L_0070,2023-06-20,2023-04-21,2,358,629200.0,627355.05,6.95,<640,<60%,20-30%,NC,Refinance,Primary,Townhouse,Servicer D,Current,0,0,0,0,10-25%,2026-08-27,System1,Complete,0,0,0,0,Current,0,None
L_0070,2023-07-20,2023-04-21,3,357,629200.0,623430.66,6.95,<640,<60%,20-30%,NC,Refinance,Primary,Townhouse,Servicer D,Current,0,0,0,0,10-25%,2026-08-27,System1,Complete,0,1,0,0,Current,0,None
L_0070,2023-08-19,2023-04-21,4,356,629200.0,627849.09,6.95,<640,<60%,20-30%,NC,Refinance,Primary,Townhouse,Servicer D,Current,0,0,0,0,0-10%,2026-08-27,System2,Complete,0,0,0,0,Current,0,None
L_0070,2023-09-18,2023-04-21,5,355,629200.0,627651.43,6.95,<640,<60%,20-30%,NC,Refinance,Primary,Townhouse,Servicer D,Current,0,0,0,0,0-10%,2026-08-27,System1,Complete,0,0,0,0,Current,0,None
L_0070,2023-10-18,2023-04-21,6,354,629200.0,626928.29,6.95,<640,<60%,20-30%,NC,Refinance,Primary,Townhouse,Servicer D,Current,0,0,0,0,10-25%,2026-08-27,System2,Complete,1,0,0,0,Current,0,None
L_0070,2023-11-17,2023-04-21,7,353,629200.0,612484.2,6.95,<640,<60%,20-30%,NC,Refinance,Primary,Townhouse,Servicer D,Current,0,0,0,0,25-50%,2026-08-27,System1,Complete,0,0,0,0,Current,0,None
L_0070,2023-12-17,2023-04-21,8,352,629200.0,618069.84,6.95,<640,<60%,20-30%,NC,Refinance,Primary,Townhouse,Servicer D,Current,0,0,0,0,0-10%,2026-08-27,System3,Missing,0,0,0,0,Current,0,None
L_0070,2024-01-16,2023-04-21,9,351,629200.0,620613.05,6.95,<640,<60%,20-30%,NC,Refinance,Primary,Townhouse,Servicer D,60 Days Delinquent,60,0,0,0,25-50%,2026-08-27,System1,Complete,0,0,0,0,Delinquent,0,None
L_0070,2024-02-15,2023-04-21,10,350,629200.0,608989.71,6.95,<640,<60%,20-30%,NC,Refinance,Primary,Townhouse,Servicer D,Current,0,0,0,0,10-25%,2026-08-27,System3,Complete,0,0,0,0,Current,0,None
L_0070,2024-03-16,2023-04-21,11,349,629200.0,612618.95,6.95,<640,<60%,20-30%,NC,Refinance,Primary,Townhouse,Servicer D,Current,0,0,0,0,0-10%,2026-08-27,System3,Complete,0,0,0,0,Current,0,None
L_0071,2023-05-05,2023-05-05,0,360,199000.0,196381.09,6.96,760+,80-90%,20-30%,GA,Purchase,Primary,Single Family,Servicer A,Current,0,0,0,0,25-50%,2026-08-27,System3,Complete,0,0,0,0,Current,0,None
L_0071,2023-06-04,2023-05-05,1,359,199000.0,197161.59,6.96,760+,80-90%,20-30%,GA,Purchase,Primary,Single Family,Servicer A,Current,0,0,0,0,0-10%,2026-08-27,System2,Pending,0,0,0,0,Current,0,None
L_0071,2023-07-04,2023-05-05,2,358,199000.0,201885.28,6.96,760+,80-90%,20-30%,GA,Purchase,Primary,Single Family,Servicer A,Current,0,0,0,0,0-10%,2026-08-27,System2,Missing,0,0,0,0,Current,0,None
L_0071,2023-08-03,2023-05-05,3,357,199000.0,200269.97,6.96,760+,80-90%,20-30%,GA,Purchase,Primary,Single Family,Servicer A,Current,0,0,0,0,10-25%,2026-08-27,System3,Complete,0,0,0,0,Current,0,None
L_0071,2023-09-02,2023-05-05,4,356,199000.0,197725.02,6.96,760+,80-90%,20-30%,GA,Purchase,Primary,Single Family,Servicer A,Current,0,0,0,0,0-10%,2026-08-27,System3,Complete,0,0,0,0,Current,0,None
L_0071,2023-10-02,2023-05-05,5,355,199000.0,199693.54,6.96,760+,80-90%,20-30%,GA,Purchase,Primary,Single Family,Servicer A,Current,0,0,0,0,10-25%,2026-08-27,System1,Complete,0,0,0,0,Current,0,None
L_0071,2023-11-01,2023-05-05,6,354,199000.0,192867.18,6.96,760+,80-90%,20-30%,GA,Purchase,Primary,Single Family,Servicer A,Current,0,0,0,0,25-50%,2026-08-27,System2,Complete,0,0,0,0,Current,0,None
L_0071,2023-12-01,2023-05-05,7,353,199000.0,199048.14,6.96,760+,80-90%,20-30%,GA,Purchase,Primary,Single Family,Servicer A,Current,0,0,0,0,10-25%,2026-08-27,System1,Pending,0,0,0,0,Current,0,None
L_0071,2023-12-31,2023-05-05,8,352,199000.0,201548.06,6.96,760+,80-90%,20-30%,GA,Purchase,Primary,Single Family,Servicer A,Current,0,0,0,0,25-50%,2026-08-27,System3,Complete,0,0,0,0,Current,0,None
L_0071,2024-01-30,2023-05-05,9,351,199000.0,193474.85,6.96,760+,80-90%,20-30%,GA,Purchase,Primary,Single Family,Servicer A,Current,0,0,0,0,10-25%,2026-08-27,System1,Complete,0,1,0,0,Current,0,None
L_0071,2024-02-29,2023-05-05,10,350,199000.0,193117.49,6.96,760+,80-90%,20-30%,GA,Purchase,Primary,Single Family,Servicer A,Current,0,0,0,0,25-50%,2026-08-27,System3,Complete,0,0,0,0,Current,0,None
L_0071,2024-03-30,2023-05-05,11,349,199000.0,195979.67,6.96,760+,80-90%,20-30%,GA,Purchase,Primary,Single Family,Servicer A,Current,0,0,0,0,25-50%,2026-08-27,System1,Complete,0,0,0,0,Current,0,None
L_0072,2023-05-12,2023-05-12,0,360,54100.0,53364.26,7.27,<640,<60%,30-40%,NC,Refinance,Primary,Single Family,Servicer A,Current,0,0,0,0,25-50%,2026-08-27,System1,Complete,1,0,0,0,Current,0,None
L_0072,2023-06-11,2023-05-12,1,359,54100.0,54654.71,7.27,<640,<60%,30-40%,NC,Refinance,Primary,Single Family,Servicer A,Current,0,0,0,0,0-10%,2026-08-27,System1,Complete,0,0,0,0,Current,0,None
L_0072,2023-07-11,2023-05-12,2,358,54100.0,52588.42,7.27,<640,<60%,30-40%,NC,Refinance,Primary,Single Family,Servicer A,Current,0,0,0,0,0-10%,2026-08-27,System3,Pending,0,0,0,0,Current,0,None
L_0072,2023-08-10,2023-05-12,3,357,54100.0,54524.2,7.27,<640,<60%,30-40%,NC,Refinance,Primary,Single Family,Servicer A,Charged Off,120,0,0,0,10-25%,2026-08-27,System1,Complete,0,0,0,0,Current,1,High DPD
L_0072,2023-09-09,2023-05-12,4,356,54100.0,53421.7,7.27,<640,<60%,30-40%,NC,Refinance,Primary,Single Family,Servicer A,30 Days Delinquent,30,0,0,0,10-25%,2026-08-27,System2,Pending,0,0,0,0,Delinquent,0,None
L_0072,2023-10-09,2023-05-12,5,355,54100.0,53618.11,7.27,<640,<60%,30-40%,NC,Refinance,Primary,Single Family,Servicer A,Current,0,0,0,0,10-25%,2026-08-27,System1,Complete,0,0,0,0,Current,0,None
L_0072,2023-11-08,2023-05-12,6,354,54100.0,54357.05,7.27,<640,<60%,30-40%,NC,Refinance,Primary,Single Family,Servicer A,30 Days Delinquent,30,0,0,0,10-25%,2026-08-27,System1,Complete,0,0,0,0,Delinquent,0,None
L_0072,2023-12-08,2023-05-12,7,353,54100.0,53718.17,7.27,<640,<60%,30-40%,NC,Refinance,Primary,Single Family,Servicer A,Current,0,0,0,0,10-25%,2026-08-27,System1,Complete,0,0,0,0,Current,0,None
L_0072,2024-01-07,2023-05-12,8,352,54100.0,53503.63,7.27,<640,<60%,30-40%,NC,Refinance,Primary,Single Family,Servicer A,Current,0,0,0,0,10-25%,2026-08-27,System1,Complete,0,0,0,0,Current,0,None
L_0072,2024-02-06,2023-05-12,9,351,54100.0,53080.14,7.27,<640,<60%,30-40%,NC,Refinance,Primary,Single Family,Servicer A,Current,0,0,0,0,10-25%,2026-08-27,System1,Complete,0,0,0,1,Current,0,None
L_0072,2024-03-07,2023-05-12,10,350,54100.0,53286.2,7.27,<640,<60%,30-40%,NC,Refinance,Primary,Single Family,Servicer A,Current,0,0,0,0,10-25%,2026-08-27,System2,Complete,0,0,0,0,Current,0,None
L_0072,2024-04-06,2023-05-12,11,349,54100.0,53963.18,7.27,<640,<60%,30-40%,NC,Refinance,Primary,Single Family,Servicer A,Current,0,0,0,0,0-10%,2026-08-27,System1,Complete,0,0,0,0,Current,0,None
L_0073,2023-01-20,2023-01-20,0,360,661600.0,647615.99,7.52,760+,60-80%,20-30%,MI,Purchase,Secondary,Single Family,Servicer D,Current,0,0,0,0,10-25%,2026-08-27,System1,Complete,0,0,0,0,Current,0,None
L_0073,2023-02-19,2023-01-20,1,359,661600.0,659271.44,7.52,760+,60-80%,20-30%,MI,Purchase,Secondary,Single Family,Servicer D,Current,0,0,0,0,0-10%,2026-08-27,System3,Complete,0,0,0,0,Current,0,None
L_0073,2023-03-21,2023-01-20,2,358,661600.0,661093.92,7.52,760+,60-80%,20-30%,MI,Purchase,Secondary,Single Family,Servicer D,Current,0,0,0,0,>50%,2026-08-27,System1,Complete,0,0,0,0,Current,0,None
L_0073,2023-04-20,2023-01-20,3,357,661600.0,658364.51,7.52,760+,60-80%,20-30%,MI,Purchase,Secondary,Single Family,Servicer D,Current,0,0,0,0,10-25%,2026-08-27,System1,Complete,0,0,0,0,Current,0,None
L_0073,2023-05-20,2023-01-20,4,356,661600.0,651431.76,7.52,760+,60-80%,20-30%,MI,Purchase,Secondary,Single Family,Servicer D,Current,0,0,0,0,0-10%,2026-08-27,System1,Pending,0,0,0,0,Current,0,None
L_0073,2023-06-19,2023-01-20,5,355,661600.0,645417.4,7.52,760+,60-80%,20-30%,MI,Purchase,Secondary,Single Family,Servicer D,Current,0,0,0,0,10-25%,2026-08-27,System2,Pending,0,1,0,0,Current,0,None
L_0073,2023-07-19,2023-01-20,6,354,661600.0,658152.54,7.52,760+,60-80%,20-30%,MI,Purchase,Secondary,Single Family,Servicer D,Current,0,0,0,0,25-50%,2026-08-27,System1,Complete,0,0,0,0,Current,0,None
L_0073,2023-08-18,2023-01-20,7,353,661600.0,649855.5,7.52,760+,60-80%,20-30%,MI,Purchase,Secondary,Single Family,Servicer D,Current,0,0,0,0,25-50%,2026-08-27,System3,Complete,0,0,0,0,Current,0,None
L_0073,2023-09-17,2023-01-20,8,352,661600.0,658615.73,7.52,760+,60-80%,20-30%,MI,Purchase,Secondary,Single Family,Servicer D,Current,0,0,0,0,10-25%,2026-08-27,System2,Complete,1,0,0,0,Current,0,None
L_0073,2023-10-17,2023-01-20,9,351,661600.0,649703.59,7.52,760+,60-80%,20-30%,MI,Purchase,Secondary,Single Family,Servicer D,Prepaid,0,0,1,0,10-25%,2026-08-27,System3,Complete,0,0,0,0,Current,0,None
L_0073,2023-11-16,2023-01-20,10,350,661600.0,647663.3,7.52,760+,60-80%,20-30%,MI,Purchase,Secondary,Single Family,Servicer D,Current,0,0,0,0,0-10%,2026-08-27,System2,Complete,0,0,0,0,Current,0,None
L_0073,2023-12-16,2023-01-20,11,349,661600.0,644597.18,7.52,760+,60-80%,20-30%,MI,Purchase,Secondary,Single Family,Servicer D,60 Days Delinquent,60,0,0,0,25-50%,2026-08-27,System3,Complete,0,0,0,0,Delinquent,0,None
L_0074,2023-05-18,2023-05-18,0,360,580100.0,591651.94,5.31,700-759,60-80%,<20%,NC,Cash-out Refinance,Primary,Multi-family,Servicer A,Current,0,0,0,0,10-25%,2026-08-27,System2,Pending,0,1,0,0,Current,0,None
L_0074,2023-06-17,2023-05-18,1,359,580100.0,581214.53,5.31,700-759,60-80%,<20%,NC,Cash-out Refinance,Primary,Multi-family,Servicer A,Current,0,0,0,0,25-50%,2026-08-27,System2,Pending,0,0,0,0,Current,0,None
L_0074,2023-07-17,2023-05-18,2,358,580100.0,575034.29,5.31,700-759,60-80%,<20%,NC,Cash-out Refinance,Primary,Multi-family,Servicer A,Current,0,0,0,0,0-10%,2026-08-27,System2,Complete,0,0,0,0,Current,0,None
L_0074,2023-08-16,2023-05-18,3,357,580100.0,583386.09,5.31,700-759,60-80%,<20%,NC,Cash-out Refinance,Primary,Multi-family,Servicer A,Current,0,0,0,0,0-10%,2026-08-27,System1,Complete,1,1,0,0,Current,0,None
L_0074,2023-09-15,2023-05-18,4,356,580100.0,577966.66,5.31,700-759,60-80%,<20%,NC,Cash-out Refinance,Primary,Multi-family,Servicer A,30 Days Delinquent,30,0,0,0,25-50%,2026-08-27,System2,Complete,0,0,0,0,Delinquent,0,None
L_0074,2023-10-15,2023-05-18,5,355,580100.0,577502.37,5.31,700-759,60-80%,<20%,NC,Cash-out Refinance,Primary,Multi-family,Servicer A,Current,0,0,0,0,10-25%,2026-08-27,System3,Complete,0,0,0,0,Current,0,None
L_0074,2023-11-14,2023-05-18,6,354,580100.0,570426.86,5.31,700-759,60-80%,<20%,NC,Cash-out Refinance,Primary,Multi-family,Servicer A,60 Days Delinquent,60,0,0,0,0-10%,2026-08-27,System1,Complete,1,0,0,0,Delinquent,0,None
L_0074,2023-12-14,2023-05-18,7,353,580100.0,572812.95,5.31,700-759,60-80%,<20%,NC,Cash-out Refinance,Primary,Multi-family,Servicer A,Current,0,0,0,0,10-25%,2026-08-27,System1,Complete,0,0,0,0,Current,0,None
L_0074,2024-01-13,2023-05-18,8,352,580100.0,572242.31,5.31,700-759,60-80%,<20%,NC,Cash-out Refinance,Primary,Multi-family,Servicer A,Current,0,0,0,0,>50%,2026-08-27,System2,Pending,0,0,0,0,Current,0,None
L_0074,2024-02-12,2023-05-18,9,351,580100.0,571932.44,5.31,700-759,60-80%,<20%,NC,Cash-out Refinance,Primary,Multi-family,Servicer A,60 Days Delinquent,60,0,0,0,10-25%,2026-08-27,System2,Complete,0,0,0,0,Delinquent,0,None
L_0074,2024-03-13,2023-05-18,10,350,580100.0,564503.4,5.31,700-759,60-80%,<20%,NC,Cash-out Refinance,Primary,Multi-family,Servicer A,Current,0,0,0,0,10-25%,2026-08-27,System1,Complete,0,0,0,0,Current,0,None
L_0074,2024-04-12,2023-05-18,11,349,580100.0,556528.14,5.31,700-759,60-80%,<20%,NC,Cash-out Refinance,Primary,Multi-family,Servicer A,Current,0,0,0,0,0-10%,2026-08-27,System1,Pending,0,0,0,0,Current,0,None
L_0075,2023-01-24,2023-01-24,0,360,596800.0,593693.08,5.26,760+,>90%,<20%,OH,Purchase,Primary,Townhouse,Servicer D,Current,0,0,0,0,0-10%,2026-08-27,System3,Complete,0,0,0,0,Current,0,None
L_0075,2023-02-23,2023-01-24,1,359,596800.0,598685.02,5.26,760+,>90%,<20%,OH,Purchase,Primary,Townhouse,Servicer D,Current,0,0,0,0,25-50%,2026-08-27,System3,Complete,0,0,0,0,Current,0,None
L_0075,2023-03-25,2023-01-24,2,358,596800.0,591511.44,5.26,760+,>90%,<20%,OH,Purchase,Primary,Townhouse,Servicer D,Current,0,0,0,0,10-25%,2026-08-27,System2,Complete,0,0,0,0,Current,0,None
L_0075,2023-04-24,2023-01-24,3,357,596800.0,598143.72,5.26,760+,>90%,<20%,OH,Purchase,Primary,Townhouse,Servicer D,Current,0,0,0,0,25-50%,2026-08-27,System1,Complete,0,0,0,0,Current,0,None
L_0075,2023-05-24,2023-01-24,4,356,596800.0,594045.69,5.26,760+,>90%,<20%,OH,Purchase,Primary,Townhouse,Servicer D,30 Days Delinquent,30,0,0,0,10-25%,2026-08-27,System2,Pending,0,0,0,0,Delinquent,0,None
L_0075,2023-06-23,2023-01-24,5,355,596800.0,599696.1,5.26,760+,>90%,<20%,OH,Purchase,Primary,Townhouse,Servicer D,Current,0,0,0,0,0-10%,2026-08-27,System3,Complete,0,0,0,0,Current,0,None
L_0075,2023-07-23,2023-01-24,6,354,596800.0,598273.73,5.26,760+,>90%,<20%,OH,Purchase,Primary,Townhouse,Servicer D,Current,0,0,0,0,0-10%,2026-08-27,System3,Complete,0,0,0,0,Current,0,None
L_0075,2023-08-22,2023-01-24,7,353,596800.0,600804.28,5.26,760+,>90%,<20%,OH,Purchase,Primary,Townhouse,Servicer D,Current,0,0,0,0,>50%,2026-08-27,System3,Pending,0,0,0,0,Current,0,None
L_0075,2023-09-21,2023-01-24,8,352,596800.0,581305.01,5.26,760+,>90%,<20%,OH,Purchase,Primary,Townhouse,Servicer D,Current,0,0,0,0,0-10%,2026-08-27,System1,Missing,0,0,0,0,Current,0,None
L_0075,2023-10-21,2023-01-24,9,351,596800.0,587367.89,5.26,760+,>90%,<20%,OH,Purchase,Primary,Townhouse,Servicer D,Current,0,0,0,0,0-10%,2026-08-27,System3,Complete,0,0,0,0,Current,0,None
L_0075,2023-11-20,2023-01-24,10,350,596800.0,586181.46,5.26,760+,>90%,<20%,OH,Purchase,Primary,Townhouse,Servicer D,Current,0,0,0,0,0-10%,2026-08-27,System2,Complete,0,0,0,0,Current,0,None
L_0075,2023-12-20,2023-01-24,11,349,596800.0,592887.08,5.26,760+,>90%,<20%,OH,Purchase,Primary,Townhouse,Servicer D,Current,0,0,0,0,0-10%,2026-08-27,System1,Missing,0,1,0,0,Current,0,None
L_0076,2023-06-03,2023-06-03,0,360,628500.0,633184.59,6.89,<640,<60%,30-40%,NY,Refinance,Investment,Single Family,Servicer B,Current,0,0,0,0,0-10%,2026-08-27,System2,Complete,0,0,0,0,Current,0,None
L_0076,2023-07-03,2023-06-03,1,359,628500.0,627829.62,6.89,<640,<60%,30-40%,NY,Refinance,Investment,Single Family,Servicer B,Current,0,0,0,0,>50%,2026-08-27,System2,Complete,0,0,0,0,Current,0,None
L_0076,2023-08-02,2023-06-03,2,358,628500.0,630388.64,6.89,<640,<60%,30-40%,NY,Refinance,Investment,Single Family,Servicer B,Current,0,0,0,0,10-25%,2026-08-27,System2,Complete,1,0,0,0,Current,0,None
L_0076,2023-09-01,2023-06-03,3,357,628500.0,623964.81,6.89,<640,<60%,30-40%,NY,Refinance,Investment,Single Family,Servicer B,Current,0,0,0,0,25-50%,2026-08-27,System3,Complete,0,0,0,0,Current,0,None
L_0076,2023-10-01,2023-06-03,4,356,628500.0,619806.88,6.89,<640,<60%,30-40%,NY,Refinance,Investment,Single Family,Servicer B,Current,0,0,0,0,0-10%,2026-08-27,System2,Pending,0,0,0,0,Current,0,None
L_0076,2023-10-31,2023-06-03,5,355,628500.0,623649.9,6.89,<640,<60%,30-40%,NY,Refinance,Investment,Single Family,Servicer B,Charged Off,120,0,0,0,0-10%,2026-08-27,System1,Complete,0,0,0,0,Current,1,High DPD
L_0076,2023-11-30,2023-06-03,6,354,628500.0,615034.75,6.89,<640,<60%,30-40%,NY,Refinance,Investment,Single Family,Servicer B,Current,0,0,0,0,10-25%,2026-08-27,System1,Complete,0,0,0,0,Current,0,None
L_0076,2023-12-30,2023-06-03,7,353,628500.0,622509.82,6.89,<640,<60%,30-40%,NY,Refinance,Investment,Single Family,Servicer B,Current,0,0,0,0,10-25%,2026-08-27,System3,Complete,0,0,0,0,Current,0,None
L_0076,2024-01-29,2023-06-03,8,352,628500.0,622680.87,6.89,<640,<60%,30-40%,NY,Refinance,Investment,Single Family,Servicer B,30 Days Delinquent,30,0,0,0,25-50%,2026-08-27,System3,Complete,0,0,0,0,Delinquent,0,None
L_0076,2024-02-28,2023-06-03,9,351,628500.0,617934.99,6.89,<640,<60%,30-40%,NY,Refinance,Investment,Single Family,Servicer B,Current,0,0,0,0,0-10%,2026-08-27,System1,Complete,0,0,0,0,Current,0,None
L_0076,2024-03-29,2023-06-03,10,350,628500.0,616105.31,6.89,<640,<60%,30-40%,NY,Refinance,Investment,Single Family,Servicer B,Current,0,0,0,0,>50%,2026-08-27,System3,Pending,0,0,0,0,Current,0,None
L_0076,2024-04-28,2023-06-03,11,349,628500.0,614806.57,6.89,<640,<60%,30-40%,NY,Refinance,Investment,Single Family,Servicer B,Current,0,0,0,0,0-10%,2026-08-27,System1,Complete,0,0,0,0,Current,0,None
L_0077,2023-02-06,2023-02-06,0,360,105500.0,106192.86,6.07,700-759,60-80%,30-40%,IL,Refinance,Primary,Condo,Servicer C,Current,0,0,0,0,0-10%,2026-08-27,System2,Pending,0,1,0,0,Current,0,None
L_0077,2023-03-08,2023-02-06,1,359,105500.0,105454.05,6.07,700-759,60-80%,30-40%,IL,Refinance,Primary,Condo,Servicer C,Current,0,0,0,0,25-50%,2026-08-27,System3,Complete,0,0,0,0,Current,0,None
L_0077,2023-04-07,2023-02-06,2,358,105500.0,105839.39,6.07,700-759,60-80%,30-40%,IL,Refinance,Primary,Condo,Servicer C,Current,0,0,0,0,0-10%,2026-08-27,System3,Complete,0,0,0,0,Current,0,None
L_0077,2023-05-07,2023-02-06,3,357,105500.0,105337.31,6.07,700-759,60-80%,30-40%,IL,Refinance,Primary,Condo,Servicer C,Current,0,0,0,0,25-50%,2026-08-27,System2,Complete,1,0,0,0,Current,0,None
L_0077,2023-06-06,2023-02-06,4,356,105500.0,104752.68,6.07,700-759,60-80%,30-40%,IL,Refinance,Primary,Condo,Servicer C,Current,0,0,0,0,>50%,2026-08-27,System1,Complete,0,0,0,0,Current,0,None
L_0077,2023-07-06,2023-02-06,5,355,105500.0,102810.83,6.07,700-759,60-80%,30-40%,IL,Refinance,Primary,Condo,Servicer C,Current,0,0,0,0,10-25%,2026-08-27,System3,Complete,0,0,0,0,Current,0,None
L_0077,2023-08-05,2023-02-06,6,354,105500.0,105418.04,6.07,700-759,60-80%,30-40%,IL,Refinance,Primary,Condo,Servicer C,60 Days Delinquent,60,0,0,0,10-25%,2026-08-27,System1,Complete,0,0,0,0,Delinquent,0,None
L_0077,2023-09-04,2023-02-06,7,353,105500.0,103862.81,6.07,700-759,60-80%,30-40%,IL,Refinance,Primary,Condo,Servicer C,Current,0,0,0,0,10-25%,2026-08-27,System3,Complete,0,0,0,0,Current,0,None
L_0077,2023-10-04,2023-02-06,8,352,105500.0,105464.06,6.07,700-759,60-80%,30-40%,IL,Refinance,Primary,Condo,Servicer C,Current,0,0,0,0,10-25%,2026-08-27,System3,Complete,0,0,0,0,Current,0,None
L_0077,2023-11-03,2023-02-06,9,351,105500.0,104509.28,6.07,700-759,60-80%,30-40%,IL,Refinance,Primary,Condo,Servicer C,Current,0,0,0,0,>50%,2026-08-27,System2,Complete,0,0,0,0,Current,0,None
L_0077,2023-12-03,2023-02-06,10,350,105500.0,104404.65,6.07,700-759,60-80%,30-40%,IL,Refinance,Primary,Condo,Servicer C,Current,0,0,0,0,10-25%,2026-08-27,System1,Complete,0,0,0,0,Current,0,None
L_0077,2024-01-02,2023-02-06,11,349,105500.0,103869.7,6.07,700-759,60-80%,30-40%,IL,Refinance,Primary,Condo,Servicer C,30 Days Delinquent,30,0,0,0,0-10%,2026-08-27,System1,Complete,0,0,0,0,Delinquent,0,None
L_0078,2023-02-23,2023-02-23,0,360,318800.0,314771.1,6.36,760+,>90%,<20%,CA,Refinance,Primary,Single Family,Servicer B,Current,0,0,0,0,0-10%,2026-08-27,System3,Complete,0,0,0,0,Current,0,None
L_0078,2023-03-25,2023-02-23,1,359,318800.0,313801.8,6.36,760+,>90%,<20%,CA,Refinance,Primary,Single Family,Servicer B,Current,0,0,0,0,10-25%,2026-08-27,System1,Complete,0,0,0,0,Current,0,None
L_0078,2023-04-24,2023-02-23,2,358,318800.0,324049.47,6.36,760+,>90%,<20%,CA,Refinance,Primary,Single Family,Servicer B,Current,0,0,0,0,10-25%,2026-08-27,System1,Complete,0,0,0,0,Current,0,None
L_0078,2023-05-24,2023-02-23,3,357,318800.0,318733.21,6.36,760+,>90%,<20%,CA,Refinance,Primary,Single Family,Servicer B,Current,0,0,0,0,10-25%,2026-08-27,System1,Complete,0,0,0,0,Current,0,None
L_0078,2023-06-23,2023-02-23,4,356,318800.0,315429.09,6.36,760+,>90%,<20%,CA,Refinance,Primary,Single Family,Servicer B,Current,0,0,0,0,10-25%,2026-08-27,System2,Complete,0,0,0,0,Current,0,None
L_0078,2023-07-23,2023-02-23,5,355,318800.0,324609.4,6.36,760+,>90%,<20%,CA,Refinance,Primary,Single Family,Servicer B,Current,0,0,0,0,10-25%,2026-08-27,System3,Complete,0,0,0,0,Current,0,None
L_0078,2023-08-22,2023-02-23,6,354,318800.0,314494.29,6.36,760+,>90%,<20%,CA,Refinance,Primary,Single Family,Servicer B,30 Days Delinquent,30,0,0,0,10-25%,2026-08-27,System1,Pending,0,0,0,0,Delinquent,0,None
L_0078,2023-09-21,2023-02-23,7,353,318800.0,320197.2,6.36,760+,>90%,<20%,CA,Refinance,Primary,Single Family,Servicer B,Current,0,0,0,0,25-50%,2026-08-27,System1,Missing,0,0,0,0,Current,0,None
L_0078,2023-10-21,2023-02-23,8,352,318800.0,314612.7,6.36,760+,>90%,<20%,CA,Refinance,Primary,Single Family,Servicer B,Current,0,0,0,0,10-25%,2026-08-27,System3,Complete,0,0,0,0,Current,0,None
L_0078,2023-11-20,2023-02-23,9,351,318800.0,311923.39,6.36,760+,>90%,<20%,CA,Refinance,Primary,Single Family,Servicer B,Current,0,0,0,0,10-25%,2026-08-27,System1,Complete,0,0,0,0,Current,0,None
L_0078,2023-12-20,2023-02-23,10,350,318800.0,317944.61,6.36,760+,>90%,<20%,CA,Refinance,Primary,Single Family,Servicer B,Current,0,0,0,0,>50%,2026-08-27,System3,Pending,0,0,0,0,Current,0,None
L_0078,2024-01-19,2023-02-23,11,349,318800.0,308468.23,6.36,760+,>90%,<20%,CA,Refinance,Primary,Single Family,Servicer B,30 Days Delinquent,30,0,0,0,25-50%,2026-08-27,System1,Complete,0,0,0,0,Delinquent,0,None
L_0079,2023-04-13,2023-04-13,0,360,136900.0,135553.91,6.88,700-759,80-90%,20-30%,CA,Refinance,Primary,Single Family,Servicer D,Current,0,0,0,0,10-25%,2026-08-27,System1,Complete,0,1,0,0,Current,0,None
L_0079,2023-05-13,2023-04-13,1,359,136900.0,136435.58,6.88,700-759,80-90%,20-30%,CA,Refinance,Primary,Single Family,Servicer D,Current,0,0,0,0,10-25%,2026-08-27,System3,Complete,0,0,0,0,Current,0,None
L_0079,2023-06-12,2023-04-13,2,358,136900.0,134762.44,6.88,700-759,80-90%,20-30%,CA,Refinance,Primary,Single Family,Servicer D,Current,0,0,0,0,0-10%,2026-08-27,System1,Complete,0,0,0,0,Current,0,None
L_0079,2023-07-12,2023-04-13,3,357,136900.0,136886.13,6.88,700-759,80-90%,20-30%,CA,Refinance,Primary,Single Family,Servicer D,Current,0,0,0,0,>50%,2026-08-27,System1,Complete,1,0,0,0,Current,0,None
L_0079,2023-08-11,2023-04-13,4,356,136900.0,137178.26,6.88,700-759,80-90%,20-30%,CA,Refinance,Primary,Single Family,Servicer D,Current,0,0,0,0,>50%,2026-08-27,System3,Pending,0,0,0,0,Current,0,None
L_0079,2023-09-10,2023-04-13,5,355,136900.0,136461.56,6.88,700-759,80-90%,20-30%,CA,Refinance,Primary,Single Family,Servicer D,Current,0,0,0,0,>50%,2026-08-27,System1,Complete,0,0,0,0,Current,0,None
L_0079,2023-10-10,2023-04-13,6,354,136900.0,136459.04,6.88,700-759,80-90%,20-30%,CA,Refinance,Primary,Single Family,Servicer D,60 Days Delinquent,60,0,0,0,0-10%,2026-08-27,System1,Complete,0,0,0,0,Delinquent,0,None
L_0079,2023-11-09,2023-04-13,7,353,136900.0,137152.65,6.88,700-759,80-90%,20-30%,CA,Refinance,Primary,Single Family,Servicer D,30 Days Delinquent,30,0,0,0,>50%,2026-08-27,System1,Complete,0,0,0,0,Delinquent,0,None
L_0079,2023-12-09,2023-04-13,8,352,136900.0,135829.11,6.88,700-759,80-90%,20-30%,CA,Refinance,Primary,Single Family,Servicer D,Current,0,0,0,0,10-25%,2026-08-27,System2,Complete,0,0,0,0,Current,0,None
L_0079,2024-01-08,2023-04-13,9,351,136900.0,133594.45,6.88,700-759,80-90%,20-30%,CA,Refinance,Primary,Single Family,Servicer D,Current,0,0,0,0,0-10%,2026-08-27,System2,Complete,0,0,0,0,Current,0,None
L_0079,2024-02-07,2023-04-13,10,350,136900.0,132915.45,6.88,700-759,80-90%,20-30%,CA,Refinance,Primary,Single Family,Servicer D,Current,0,0,0,0,10-25%,2026-08-27,System1,Complete,0,0,0,0,Current,0,None
L_0079,2024-03-08,2023-04-13,11,349,136900.0,132369.88,6.88,700-759,80-90%,20-30%,CA,Refinance,Primary,Single Family,Servicer D,Current,0,0,0,0,>50%,2026-08-27,System1,Complete,0,0,0,0,Current,0,None
L_0080,2023-05-29,2023-05-29,0,360,697300.0,699200.52,7.4,700-759,80-90%,20-30%,FL,Refinance,Secondary,Single Family,Servicer C,Current,0,0,0,0,0-10%,2026-08-27,System2,Complete,0,0,0,0,Current,0,None
L_0080,2023-06-28,2023-05-29,1,359,697300.0,691461.87,7.4,700-759,80-90%,20-30%,FL,Refinance,Secondary,Single Family,Servicer C,Current,0,0,0,0,25-50%,2026-08-27,System3,Complete,0,0,0,0,Current,0,None
L_0080,2023-07-28,2023-05-29,2,358,697300.0,683302.07,7.4,700-759,80-90%,20-30%,FL,Refinance,Secondary,Single Family,Servicer C,Current,0,0,0,0,25-50%,2026-08-27,System2,Complete,0,0,0,0,Current,0,None
L_0080,2023-08-27,2023-05-29,3,357,697300.0,687595.83,7.4,700-759,80-90%,20-30%,FL,Refinance,Secondary,Single Family,Servicer C,30 Days Delinquent,30,0,0,0,10-25%,2026-08-27,System3,Complete,0,1,0,0,Delinquent,0,None
L_0080,2023-09-26,2023-05-29,4,356,697300.0,683736.02,7.4,700-759,80-90%,20-30%,FL,Refinance,Secondary,Single Family,Servicer C,Current,0,0,0,0,0-10%,2026-08-27,System1,Complete,0,0,0,0,Current,0,None
L_0080,2023-10-26,2023-05-29,5,355,697300.0,705916.42,7.4,700-759,80-90%,20-30%,FL,Refinance,Secondary,Single Family,Servicer C,Current,0,0,0,0,25-50%,2026-08-27,System3,Complete,0,0,0,0,Current,0,None
L_0080,2023-11-25,2023-05-29,6,354,697300.0,690157.17,7.4,700-759,80-90%,20-30%,FL,Refinance,Secondary,Single Family,Servicer C,Current,0,0,0,0,>50%,2026-08-27,System2,Complete,1,0,0,0,Current,0,None
L_0080,2023-12-25,2023-05-29,7,353,697300.0,685915.52,7.4,700-759,80-90%,20-30%,FL,Refinance,Secondary,Single Family,Servicer C,Current,0,0,0,0,>50%,2026-08-27,System3,Complete,0,0,0,0,Current,0,None
L_0080,2024-01-24,2023-05-29,8,352,697300.0,688198.42,7.4,700-759,80-90%,20-30%,FL,Refinance,Secondary,Single Family,Servicer C,Current,0,0,0,0,0-10%,2026-08-27,System1,Complete,0,0,0,0,Current,0,None
L_0080,2024-02-23,2023-05-29,9,351,697300.0,680802.65,7.4,700-759,80-90%,20-30%,FL,Refinance,Secondary,Single Family,Servicer C,60 Days Delinquent,60,0,0,0,10-25%,2026-08-27,System1,Complete,0,0,0,0,Delinquent,0,None
L_0080,2024-03-24,2023-05-29,10,350,697300.0,697639.72,7.4,700-759,80-90%,20-30%,FL,Refinance,Secondary,Single Family,Servicer C,Current,0,0,0,0,>50%,2026-08-27,System1,Complete,0,1,0,0,Current,0,None
L_0080,2024-04-23,2023-05-29,11,349,697300.0,687566.69,7.4,700-759,80-90%,20-30%,FL,Refinance,Secondary,Single Family,Servicer C,Current,0,0,0,0,0-10%,2026-08-27,System3,Complete,0,0,0,0,Current,0,None
L_0081,2023-02-07,2023-02-07,0,360,517500.0,522149.01,4.36,700-759,60-80%,30-40%,GA,Refinance,Primary,Condo,Servicer D,Current,0,0,0,0,25-50%,2026-08-27,System2,Complete,0,1,0,0,Current,0,None
L_0081,2023-03-09,2023-02-07,1,359,517500.0,522274.08,4.36,700-759,60-80%,30-40%,GA,Refinance,Primary,Condo,Servicer D,Current,0,0,0,0,25-50%,2026-08-27,System2,Complete,1,0,0,0,Current,0,None
L_0081,2023-04-08,2023-02-07,2,358,517500.0,505228.1,4.36,700-759,60-80%,30-40%,GA,Refinance,Primary,Condo,Servicer D,Current,0,0,0,0,0-10%,2026-08-27,System1,Complete,0,0,0,0,Current,0,None
L_0081,2023-05-08,2023-02-07,3,357,517500.0,513632.7,4.36,700-759,60-80%,30-40%,GA,Refinance,Primary,Condo,Servicer D,30 Days Delinquent,30,0,0,0,10-25%,2026-08-27,System3,Missing,1,0,0,0,Delinquent,0,None
L_0081,2023-06-07,2023-02-07,4,356,517500.0,524134.05,4.36,700-759,60-80%,30-40%,GA,Refinance,Primary,Condo,Servicer D,90 Days Delinquent,90,0,0,0,10-25%,2026-08-27,System1,Pending,0,0,0,0,Delinquent,0,None
L_0081,2023-07-07,2023-02-07,5,355,517500.0,505227.2,4.36,700-759,60-80%,30-40%,GA,Refinance,Primary,Condo,Servicer D,Current,0,0,0,0,0-10%,2026-08-27,System3,Pending,0,0,0,0,Current,0,None
L_0081,2023-08-06,2023-02-07,6,354,517500.0,508259.31,4.36,700-759,60-80%,30-40%,GA,Refinance,Primary,Condo,Servicer D,90 Days Delinquent,90,0,0,0,>50%,2026-08-27,System1,Complete,0,0,0,0,Delinquent,0,None
L_0081,2023-09-05,2023-02-07,7,353,517500.0,517242.07,4.36,700-759,60-80%,30-40%,GA,Refinance,Primary,Condo,Servicer D,Current,0,0,0,0,10-25%,2026-08-27,System3,Complete,0,0,0,0,Current,0,None
L_0081,2023-10-05,2023-02-07,8,352,517500.0,498692.82,4.36,700-759,60-80%,30-40%,GA,Refinance,Primary,Condo,Servicer D,Current,0,0,0,0,10-25%,2026-08-27,System2,Missing,0,0,0,0,Current,0,None
L_0081,2023-11-04,2023-02-07,9,351,517500.0,507111.22,4.36,700-759,60-80%,30-40%,GA,Refinance,Primary,Condo,Servicer D,Current,0,0,0,0,10-25%,2026-08-27,System2,Complete,0,0,0,0,Current,0,None
L_0081,2023-12-04,2023-02-07,10,350,517500.0,510890.87,4.36,700-759,60-80%,30-40%,GA,Refinance,Primary,Condo,Servicer D,Current,0,0,0,0,25-50%,2026-08-27,System1,Complete,0,0,0,0,Current,0,None
L_0081,2024-01-03,2023-02-07,11,349,517500.0,502542.44,4.36,700-759,60-80%,30-40%,GA,Refinance,Primary,Condo,Servicer D,Current,0,0,0,0,>50%,2026-08-27,System1,Complete,0,0,0,0,Current,0,None
L_0082,2023-06-23,2023-06-23,0,360,298200.0,294369.96,4.57,700-759,<60%,<20%,TX,Purchase,Primary,Single Family,Servicer C,Current,0,0,0,0,>50%,2026-08-27,System2,Complete,0,0,0,0,Current,0,None
L_0082,2023-07-23,2023-06-23,1,359,298200.0,301995.87,4.57,700-759,<60%,<20%,TX,Purchase,Primary,Single Family,Servicer C,Current,0,0,0,0,10-25%,2026-08-27,System3,Complete,0,0,0,0,Current,0,None
L_0082,2023-08-22,2023-06-23,2,358,298200.0,297683.68,4.57,700-759,<60%,<20%,TX,Purchase,Primary,Single Family,Servicer C,Current,0,0,0,0,25-50%,2026-08-27,System3,Pending,0,0,0,0,Current,0,None
L_0082,2023-09-21,2023-06-23,3,357,298200.0,291523.06,4.57,700-759,<60%,<20%,TX,Purchase,Primary,Single Family,Servicer C,Current,0,0,0,0,0-10%,2026-08-27,System2,Pending,0,0,0,0,Current,0,None
L_0082,2023-10-21,2023-06-23,4,356,298200.0,296919.08,4.57,700-759,<60%,<20%,TX,Purchase,Primary,Single Family,Servicer C,Current,0,0,0,0,10-25%,2026-08-27,System1,Complete,0,0,0,0,Current,0,None
L_0082,2023-11-20,2023-06-23,5,355,298200.0,292901.45,4.57,700-759,<60%,<20%,TX,Purchase,Primary,Single Family,Servicer C,Current,0,0,0,0,10-25%,2026-08-27,System3,Pending,0,0,0,0,Current,0,None
L_0082,2023-12-20,2023-06-23,6,354,298200.0,299138.16,4.57,700-759,<60%,<20%,TX,Purchase,Primary,Single Family,Servicer C,Current,0,0,0,0,25-50%,2026-08-27,System1,Complete,0,0,0,0,Current,0,None
L_0082,2024-01-19,2023-06-23,7,353,298200.0,297590.95,4.57,700-759,<60%,<20%,TX,Purchase,Primary,Single Family,Servicer C,Current,0,0,0,0,0-10%,2026-08-27,System3,Complete,0,0,0,0,Current,0,None
L_0082,2024-02-18,2023-06-23,8,352,298200.0,289196.14,4.57,700-759,<60%,<20%,TX,Purchase,Primary,Single Family,Servicer C,Current,0,1,0,0,0-10%,2026-08-27,System2,Complete,0,0,0,0,Current,0,None
L_0082,2024-03-19,2023-06-23,9,351,298200.0,293169.16,4.57,700-759,<60%,<20%,TX,Purchase,Primary,Single Family,Servicer C,Current,0,0,0,0,25-50%,2026-08-27,System1,Complete,0,0,0,1,Current,0,None
L_0082,2024-04-18,2023-06-23,10,350,298200.0,297557.32,4.57,700-759,<60%,<20%,TX,Purchase,Primary,Single Family,Servicer C,Current,0,0,0,0,10-25%,2026-08-27,System2,Complete,0,0,0,0,Current,0,None
L_0082,2024-05-18,2023-06-23,11,349,298200.0,293577.95,4.57,700-759,<60%,<20%,TX,Purchase,Primary,Single Family,Servicer C,Current,0,0,0,0,0-10%,2026-08-27,System3,Complete,0,0,0,0,Current,0,None
L_0083,2023-01-04,2023-01-04,0,360,97700.0,97736.71,3.02,700-759,80-90%,<20%,NY,Purchase,Secondary,Condo,Servicer C,Current,0,0,0,0,10-25%,2026-08-27,System2,Complete,0,0,0,0,Current,0,None
L_0083,2023-02-03,2023-01-04,1,359,97700.0,97197.76,3.02,700-759,80-90%,<20%,NY,Purchase,Secondary,Condo,Servicer C,Current,0,0,0,0,10-25%,2026-08-27,System1,Complete,0,0,0,0,Current,0,None
L_0083,2023-03-05,2023-01-04,2,358,97700.0,97071.74,3.02,700-759,80-90%,<20%,NY,Purchase,Secondary,Condo,Servicer C,Current,0,0,0,0,0-10%,2026-08-27,System3,Complete,0,0,0,0,Current,0,None
L_0083,2023-04-04,2023-01-04,3,357,97700.0,97400.01,3.02,700-759,80-90%,<20%,NY,Purchase,Secondary,Condo,Servicer C,Current,0,0,0,0,10-25%,2026-08-27,System3,Complete,0,0,0,0,Current,0,None
L_0083,2023-05-04,2023-01-04,4,356,97700.0,97599.87,3.02,700-759,80-90%,<20%,NY,Purchase,Secondary,Condo,Servicer C,Current,0,0,0,0,10-25%,2026-08-27,System1,Complete,0,0,0,0,Current,0,None
L_0083,2023-06-03,2023-01-04,5,355,97700.0,99139.56,3.02,700-759,80-90%,<20%,NY,Purchase,Secondary,Condo,Servicer C,Current,0,0,0,0,0-10%,2026-08-27,System2,Complete,0,0,0,0,Current,0,None
L_0083,2023-07-03,2023-01-04,6,354,97700.0,95537.15,3.02,700-759,80-90%,<20%,NY,Purchase,Secondary,Condo,Servicer C,Current,0,0,0,0,0-10%,2026-08-27,System1,Complete,0,0,0,0,Current,0,None
L_0083,2023-08-02,2023-01-04,7,353,97700.0,96699.64,3.02,700-759,80-90%,<20%,NY,Purchase,Secondary,Condo,Servicer C,Current,0,0,0,0,0-10%,2026-08-27,System3,Complete,0,0,0,0,Current,0,None
L_0083,2023-09-01,2023-01-04,8,352,97700.0,97161.02,3.02,700-759,80-90%,<20%,NY,Purchase,Secondary,Condo,Servicer C,Current,0,0,0,0,25-50%,2026-08-27,System2,Complete,0,0,0,0,Current,0,None
L_0083,2023-10-01,2023-01-04,9,351,97700.0,95693.83,3.02,700-759,80-90%,<20%,NY,Purchase,Secondary,Condo,Servicer C,Prepaid,0,0,1,0,0-10%,2026-08-27,System3,Complete,0,0,0,0,Current,0,None
L_0083,2023-10-31,2023-01-04,10,350,97700.0,97039.3,3.02,700-759,80-90%,<20%,NY,Purchase,Secondary,Condo,Servicer C,Current,0,0,0,0,0-10%,2026-08-27,System1,Complete,0,0,0,0,Current,0,None
L_0083,2023-11-30,2023-01-04,11,349,97700.0,95469.34,3.02,700-759,80-90%,<20%,NY,Purchase,Secondary,Condo,Servicer C,Current,0,0,0,0,10-25%,2026-08-27,System1,Complete,0,0,0,0,Current,0,None
L_0084,2023-02-26,2023-02-26,0,360,283200.0,285585.25,5.68,700-759,>90%,30-40%,TX,Cash-out Refinance,Investment,Condo,Servicer C,Current,0,0,0,0,25-50%,2026-08-27,System1,Complete,0,0,0,0,Current,0,None
L_0084,2023-03-28,2023-02-26,1,359,283200.0,284343.47,5.68,700-759,>90%,30-40%,TX,Cash-out Refinance,Investment,Condo,Servicer C,Current,0,0,0,0,0-10%,2026-08-27,System1,Pending,0,0,0,0,Current,0,None
L_0084,2023-04-27,2023-02-26,2,358,283200.0,276258.87,5.68,700-759,>90%,30-40%,TX,Cash-out Refinance,Investment,Condo,Servicer C,Current,0,0,0,0,25-50%,2026-08-27,System1,Complete,0,0,0,0,Current,0,None
L_0084,2023-05-27,2023-02-26,3,357,283200.0,276642.49,5.68,700-759,>90%,30-40%,TX,Cash-out Refinance,Investment,Condo,Servicer C,Current,0,0,0,0,25-50%,2026-08-27,System1,Complete,0,0,0,0,Current,0,None
L_0084,2023-06-26,2023-02-26,4,356,283200.0,279008.1,5.68,700-759,>90%,30-40%,TX,Cash-out Refinance,Investment,Condo,Servicer C,Current,0,0,0,0,0-10%,2026-08-27,System1,Complete,0,0,0,0,Current,0,None
L_0084,2023-07-26,2023-02-26,5,355,283200.0,282667.85,5.68,700-759,>90%,30-40%,TX,Cash-out Refinance,Investment,Condo,Servicer C,Current,0,0,0,0,10-25%,2026-08-27,System3,Complete,0,0,0,0,Current,0,None
L_0084,2023-08-25,2023-02-26,6,354,283200.0,279298.08,5.68,700-759,>90%,30-40%,TX,Cash-out Refinance,Investment,Condo,Servicer C,Current,0,0,0,0,0-10%,2026-08-27,System3,Complete,0,0,0,0,Current,0,None
L_0084,2023-09-24,2023-02-26,7,353,283200.0,281056.73,5.68,700-759,>90%,30-40%,TX,Cash-out Refinance,Investment,Condo,Servicer C,Current,0,0,0,0,0-10%,2026-08-27,System1,Complete,0,0,0,0,Current,0,None
L_0084,2023-10-24,2023-02-26,8,352,283200.0,283301.82,5.68,700-759,>90%,30-40%,TX,Cash-out Refinance,Investment,Condo,Servicer C,Current,0,0,0,0,25-50%,2026-08-27,System3,Complete,0,0,0,0,Current,0,None
L_0084,2023-11-23,2023-02-26,9,351,283200.0,277432.28,5.68,700-759,>90%,30-40%,TX,Cash-out Refinance,Investment,Condo,Servicer C,Current,0,0,0,0,10-25%,2026-08-27,System1,Complete,0,0,0,0,Current,0,None
L_0084,2023-12-23,2023-02-26,10,350,283200.0,278932.73,5.68,700-759,>90%,30-40%,TX,Cash-out Refinance,Investment,Condo,Servicer C,Current,0,0,0,0,10-25%,2026-08-27,System1,Pending,0,0,0,0,Current,0,None
L_0084,2024-01-22,2023-02-26,11,349,283200.0,276873.59,5.68,700-759,>90%,30-40%,TX,Cash-out Refinance,Investment,Condo,Servicer C,Current,0,0,0,0,0-10%,2026-08-27,System2,Complete,0,0,0,0,Current,0,None
L_0085,2023-06-22,2023-06-22,0,360,293900.0,293683.74,2.7,760+,60-80%,<20%,IL,Refinance,Primary,Condo,Servicer C,Current,0,0,0,0,10-25%,2026-08-27,System1,Pending,0,0,0,0,Current,0,None
L_0085,2023-07-22,2023-06-22,1,359,293900.0,296178.72,2.7,760+,60-80%,<20%,IL,Refinance,Primary,Condo,Servicer C,Current,0,0,0,0,0-10%,2026-08-27,System2,Complete,0,0,0,0,Current,0,None
L_0085,2023-08-21,2023-06-22,2,358,293900.0,295592.42,2.7,760+,60-80%,<20%,IL,Refinance,Primary,Condo,Servicer C,Current,0,0,0,0,>50%,2026-08-27,System1,Complete,0,0,0,0,Current,0,None
L_0085,2023-09-20,2023-06-22,3,357,293900.0,296006.91,2.7,760+,60-80%,<20%,IL,Refinance,Primary,Condo,Servicer C,Current,0,0,0,0,0-10%,2026-08-27,System3,Complete,0,0,0,0,Current,0,None
L_0085,2023-10-20,2023-06-22,4,356,293900.0,293047.5,2.7,760+,60-80%,<20%,IL,Refinance,Primary,Condo,Servicer C,Current,0,0,0,0,0-10%,2026-08-27,System3,Complete,0,1,0,0,Current,0,None
L_0085,2023-11-19,2023-06-22,5,355,293900.0,295472.73,2.7,760+,60-80%,<20%,IL,Refinance,Primary,Condo,Servicer C,Current,0,0,0,0,10-25%,2026-08-27,System3,Complete,0,0,0,0,Current,0,None
L_0085,2023-12-19,2023-06-22,6,354,293900.0,291055.15,2.7,760+,60-80%,<20%,IL,Refinance,Primary,Condo,Servicer C,Current,0,0,0,0,0-10%,2026-08-27,System3,Missing,0,0,0,0,Current,0,None
L_0085,2024-01-18,2023-06-22,7,353,293900.0,293382.21,2.7,760+,60-80%,<20%,IL,Refinance,Primary,Condo,Servicer C,Current,0,0,0,0,0-10%,2026-08-27,System3,Complete,1,0,0,0,Current,0,None
L_0085,2024-02-17,2023-06-22,8,352,293900.0,285312.94,2.7,760+,60-80%,<20%,IL,Refinance,Primary,Condo,Servicer C,Current,0,0,0,0,25-50%,2026-08-27,System1,Complete,0,0,0,0,Current,0,None
L_0085,2024-03-18,2023-06-22,9,351,293900.0,286154.92,2.7,760+,60-80%,<20%,IL,Refinance,Primary,Condo,Servicer C,Current,0,1,0,0,0-10%,2026-08-27,System3,Complete,0,0,0,0,Current,0,None
L_0085,2024-04-17,2023-06-22,10,350,293900.0,281901.26,2.7,760+,60-80%,<20%,IL,Refinance,Primary,Condo,Servicer C,Charged Off,120,0,0,0,>50%,2026-08-27,System3,Complete,0,0,0,0,Current,1,High DPD
L_0085,2024-05-17,2023-06-22,11,349,293900.0,288346.67,2.7,760+,60-80%,<20%,IL,Refinance,Primary,Condo,Servicer C,Current,0,0,0,0,0-10%,2026-08-27,System3,Complete,0,0,0,0,Current,0,None
L_0086,2023-01-20,2023-01-20,0,360,597200.0,592976.54,5.06,<640,60-80%,30-40%,NC,Refinance,Primary,Single Family,Servicer D,Current,0,0,0,0,25-50%,2026-08-27,System1,Complete,0,0,0,0,Current,0,None
L_0086,2023-02-19,2023-01-20,1,359,597200.0,601160.5,5.06,<640,60-80%,30-40%,NC,Refinance,Primary,Single Family,Servicer D,Current,0,0,0,0,0-10%,2026-08-27,System3,Complete,0,0,0,0,Current,0,None
L_0086,2023-03-21,2023-01-20,2,358,597200.0,578722.81,5.06,<640,60-80%,30-40%,NC,Refinance,Primary,Single Family,Servicer D,Current,0,0,0,0,0-10%,2026-08-27,System3,Complete,0,0,0,0,Current,0,None
L_0086,2023-04-20,2023-01-20,3,357,597200.0,593055.75,5.06,<640,60-80%,30-40%,NC,Refinance,Primary,Single Family,Servicer D,Current,0,0,0,0,0-10%,2026-08-27,System1,Complete,0,0,0,0,Current,0,None
L_0086,2023-05-20,2023-01-20,4,356,597200.0,582536.26,5.06,<640,60-80%,30-40%,NC,Refinance,Primary,Single Family,Servicer D,Current,0,0,0,0,0-10%,2026-08-27,System2,Pending,0,0,0,0,Current,0,None
L_0086,2023-06-19,2023-01-20,5,355,597200.0,592993.13,5.06,<640,60-80%,30-40%,NC,Refinance,Primary,Single Family,Servicer D,Current,0,0,0,0,25-50%,2026-08-27,System1,Complete,0,0,0,0,Current,0,None
L_0086,2023-07-19,2023-01-20,6,354,597200.0,593878.91,5.06,<640,60-80%,30-40%,NC,Refinance,Primary,Single Family,Servicer D,Current,0,0,0,0,10-25%,2026-08-27,System1,Complete,0,0,0,0,Current,0,None
L_0086,2023-08-18,2023-01-20,7,353,597200.0,588335.11,5.06,<640,60-80%,30-40%,NC,Refinance,Primary,Single Family,Servicer D,Current,0,0,0,0,10-25%,2026-08-27,System2,Missing,0,0,0,0,Current,0,None
L_0086,2023-09-17,2023-01-20,8,352,597200.0,585258.43,5.06,<640,60-80%,30-40%,NC,Refinance,Primary,Single Family,Servicer D,Current,0,1,0,0,0-10%,2026-08-27,System2,Complete,0,0,0,0,Current,0,None
L_0086,2023-10-17,2023-01-20,9,351,597200.0,577133.53,5.06,<640,60-80%,30-40%,NC,Refinance,Primary,Single Family,Servicer D,Current,0,0,0,0,25-50%,2026-08-27,System2,Complete,0,0,0,0,Current,0,None
L_0086,2023-11-16,2023-01-20,10,350,597200.0,587415.69,5.06,<640,60-80%,30-40%,NC,Refinance,Primary,Single Family,Servicer D,Current,0,0,0,0,>50%,2026-08-27,System1,Complete,0,0,0,0,Current,0,None
L_0086,2023-12-16,2023-01-20,11,349,597200.0,584787.51,5.06,<640,60-80%,30-40%,NC,Refinance,Primary,Single Family,Servicer D,Current,0,1,0,0,>50%,2026-08-27,System1,Complete,0,0,0,0,Current,0,None
L_0087,2023-01-17,2023-01-17,0,360,528200.0,531977.55,5.48,640-699,60-80%,20-30%,CA,Purchase,Primary,Single Family,Servicer C,Current,0,0,0,0,0-10%,2026-08-27,System2,Missing,0,0,0,0,Current,0,None
L_0087,2023-02-16,2023-01-17,1,359,528200.0,526874.13,5.48,640-699,60-80%,20-30%,CA,Purchase,Primary,Single Family,Servicer C,Current,0,0,0,0,10-25%,2026-08-27,System3,Complete,0,0,0,0,Current,0,None
L_0087,2023-03-18,2023-01-17,2,358,528200.0,526913.32,5.48,640-699,60-80%,20-30%,CA,Purchase,Primary,Single Family,Servicer C,Current,0,0,0,0,25-50%,2026-08-27,System2,Complete,0,0,0,0,Current,0,None
L_0087,2023-04-17,2023-01-17,3,357,528200.0,530653.09,5.48,640-699,60-80%,20-30%,CA,Purchase,Primary,Single Family,Servicer C,Current,0,0,0,0,25-50%,2026-08-27,System1,Complete,0,0,0,0,Current,0,None
L_0087,2023-05-17,2023-01-17,4,356,528200.0,522728.35,5.48,640-699,60-80%,20-30%,CA,Purchase,Primary,Single Family,Servicer C,Current,0,0,0,0,25-50%,2026-08-27,System3,Complete,0,0,0,0,Current,0,None
L_0087,2023-06-16,2023-01-17,5,355,528200.0,525357.05,5.48,640-699,60-80%,20-30%,CA,Purchase,Primary,Single Family,Servicer C,Current,0,0,0,0,>50%,2026-08-27,System2,Complete,0,0,0,0,Current,0,None
L_0087,2023-07-16,2023-01-17,6,354,528200.0,516509.17,5.48,640-699,60-80%,20-30%,CA,Purchase,Primary,Single Family,Servicer C,Current,0,0,0,0,25-50%,2026-08-27,System3,Complete,0,0,0,0,Current,0,None
L_0087,2023-08-15,2023-01-17,7,353,528200.0,518531.8,5.48,640-699,60-80%,20-30%,CA,Purchase,Primary,Single Family,Servicer C,Current,0,0,0,0,25-50%,2026-08-27,System1,Pending,0,0,0,0,Current,0,None
L_0087,2023-09-14,2023-01-17,8,352,528200.0,519959.63,5.48,640-699,60-80%,20-30%,CA,Purchase,Primary,Single Family,Servicer C,Current,0,0,0,0,0-10%,2026-08-27,System1,Complete,0,0,0,0,Current,0,None
L_0087,2023-10-14,2023-01-17,9,351,528200.0,516914.79,5.48,640-699,60-80%,20-30%,CA,Purchase,Primary,Single Family,Servicer C,30 Days Delinquent,30,0,0,0,25-50%,2026-08-27,System3,Complete,0,0,0,0,Delinquent,0,None
L_0087,2023-11-13,2023-01-17,10,350,528200.0,522981.78,5.48,640-699,60-80%,20-30%,CA,Purchase,Primary,Single Family,Servicer C,Current,0,0,0,0,>50%,2026-08-27,System1,Complete,0,0,0,0,Current,0,None
L_0087,2023-12-13,2023-01-17,11,349,528200.0,513798.27,5.48,640-699,60-80%,20-30%,CA,Purchase,Primary,Single Family,Servicer C,Current,0,0,0,0,25-50%,2026-08-27,System3,Complete,0,0,0,0,Current,0,None
L_0088,2023-04-29,2023-04-29,0,360,715400.0,708253.68,4.08,760+,80-90%,<20%,IL,Purchase,Secondary,Single Family,Servicer C,Current,0,0,0,0,25-50%,2026-08-27,System3,Missing,0,0,0,0,Current,0,None
L_0088,2023-05-29,2023-04-29,1,359,715400.0,707753.18,4.08,760+,80-90%,<20%,IL,Purchase,Secondary,Single Family,Servicer C,Current,0,0,0,0,25-50%,2026-08-27,System3,Complete,0,0,0,0,Current,0,None
L_0088,2023-06-28,2023-04-29,2,358,715400.0,712367.45,4.08,760+,80-90%,<20%,IL,Purchase,Secondary,Single Family,Servicer C,Current,0,0,0,0,10-25%,2026-08-27,System3,Complete,0,0,0,0,Current,0,None
L_0088,2023-07-28,2023-04-29,3,357,715400.0,705211.74,4.08,760+,80-90%,<20%,IL,Purchase,Secondary,Single Family,Servicer C,Current,0,0,0,0,10-25%,2026-08-27,System3,Complete,0,0,0,0,Current,0,None
L_0088,2023-08-27,2023-04-29,4,356,715400.0,702902.1,4.08,760+,80-90%,<20%,IL,Purchase,Secondary,Single Family,Servicer C,Current,0,0,0,0,0-10%,2026-08-27,System2,Complete,0,0,0,0,Current,0,None
L_0088,2023-09-26,2023-04-29,5,355,715400.0,711916.26,4.08,760+,80-90%,<20%,IL,Purchase,Secondary,Single Family,Servicer C,Current,0,0,0,0,0-10%,2026-08-27,System1,Complete,0,0,0,0,Current,0,None
L_0088,2023-10-26,2023-04-29,6,354,715400.0,709261.61,4.08,760+,80-90%,<20%,IL,Purchase,Secondary,Single Family,Servicer C,Current,0,0,0,0,25-50%,2026-08-27,System3,Complete,0,0,0,0,Current,0,None
L_0088,2023-11-25,2023-04-29,7,353,715400.0,708854.99,4.08,760+,80-90%,<20%,IL,Purchase,Secondary,Single Family,Servicer C,Current,0,1,0,0,>50%,2026-08-27,System1,Complete,0,0,0,0,Current,0,None
L_0088,2023-12-25,2023-04-29,8,352,715400.0,718987.14,4.08,760+,80-90%,<20%,IL,Purchase,Secondary,Single Family,Servicer C,Current,0,0,0,0,0-10%,2026-08-27,System1,Complete,0,0,0,0,Current,0,None
L_0088,2024-01-24,2023-04-29,9,351,715400.0,704504.15,4.08,760+,80-90%,<20%,IL,Purchase,Secondary,Single Family,Servicer C,Current,0,0,0,0,>50%,2026-08-27,System3,Complete,0,0,0,0,Current,0,None
L_0088,2024-02-23,2023-04-29,10,350,715400.0,713076.83,4.08,760+,80-90%,<20%,IL,Purchase,Secondary,Single Family,Servicer C,30 Days Delinquent,30,0,0,0,25-50%,2026-08-27,System1,Complete,0,0,0,0,Delinquent,0,None
L_0088,2024-03-24,2023-04-29,11,349,715400.0,686895.62,4.08,760+,80-90%,<20%,IL,Purchase,Secondary,Single Family,Servicer C,Current,0,0,0,0,10-25%,2026-08-27,System3,Complete,0,0,0,0,Current,0,None
L_0089,2023-03-12,2023-03-12,0,360,404200.0,405973.04,5.75,760+,<60%,20-30%,NC,Purchase,Primary,Single Family,Servicer B,Current,0,0,0,0,10-25%,2026-08-27,System2,Complete,0,0,0,0,Current,0,None
L_0089,2023-04-11,2023-03-12,1,359,404200.0,405363.86,5.75,760+,<60%,20-30%,NC,Purchase,Primary,Single Family,Servicer B,Current,0,0,0,0,25-50%,2026-08-27,System3,Complete,0,0,0,0,Current,0,None
L_0089,2023-05-11,2023-03-12,2,358,404200.0,402998.03,5.75,760+,<60%,20-30%,NC,Purchase,Primary,Single Family,Servicer B,Current,0,0,0,0,>50%,2026-08-27,System3,Pending,0,0,0,0,Current,0,None
L_0089,2023-06-10,2023-03-12,3,357,404200.0,405614.28,5.75,760+,<60%,20-30%,NC,Purchase,Primary,Single Family,Servicer B,Current,0,0,0,0,10-25%,2026-08-27,System3,Pending,0,0,0,0,Current,0,None
L_0089,2023-07-10,2023-03-12,4,356,404200.0,395791.98,5.75,760+,<60%,20-30%,NC,Purchase,Primary,Single Family,Servicer B,Current,0,0,0,0,10-25%,2026-08-27,System1,Complete,0,0,0,0,Current,0,None
L_0089,2023-08-09,2023-03-12,5,355,404200.0,394121.81,5.75,760+,<60%,20-30%,NC,Purchase,Primary,Single Family,Servicer B,Current,0,0,0,0,0-10%,2026-08-27,System2,Complete,0,0,0,0,Current,0,None
L_0089,2023-09-08,2023-03-12,6,354,404200.0,397849.51,5.75,760+,<60%,20-30%,NC,Purchase,Primary,Single Family,Servicer B,Current,0,0,0,0,10-25%,2026-08-27,System1,Complete,0,0,0,0,Current,0,None
L_0089,2023-10-08,2023-03-12,7,353,404200.0,393340.97,5.75,760+,<60%,20-30%,NC,Purchase,Primary,Single Family,Servicer B,30 Days Delinquent,30,0,0,0,10-25%,2026-08-27,System3,Complete,0,0,0,0,Delinquent,0,None
L_0089,2023-11-07,2023-03-12,8,352,404200.0,397723.38,5.75,760+,<60%,20-30%,NC,Purchase,Primary,Single Family,Servicer B,Current,0,0,0,0,0-10%,2026-08-27,System3,Complete,0,0,1,0,Current,0,None
L_0089,2023-12-07,2023-03-12,9,351,404200.0,394766.69,5.75,760+,<60%,20-30%,NC,Purchase,Primary,Single Family,Servicer B,Current,0,0,0,0,10-25%,2026-08-27,System3,Complete,0,0,0,0,Current,0,None
L_0089,2024-01-06,2023-03-12,10,350,404200.0,392694.09,5.75,760+,<60%,20-30%,NC,Purchase,Primary,Single Family,Servicer B,Current,0,0,0,0,0-10%,2026-08-27,System1,Missing,0,0,0,0,Current,0,None
L_0089,2024-02-05,2023-03-12,11,349,404200.0,393635.21,5.75,760+,<60%,20-30%,NC,Purchase,Primary,Single Family,Servicer B,30 Days Delinquent,30,0,0,0,10-25%,2026-08-27,System2,Complete,0,0,0,0,Delinquent,0,None
L_0090,2023-01-04,2023-01-04,0,360,139700.0,138811.2,2.67,700-759,60-80%,30-40%,CA,Refinance,Primary,Single Family,Servicer A,Current,0,0,0,0,10-25%,2026-08-27,System1,Complete,0,0,0,0,Current,0,None
L_0090,2023-02-03,2023-01-04,1,359,139700.0,138632.79,2.67,700-759,60-80%,30-40%,CA,Refinance,Primary,Single Family,Servicer A,Current,0,0,0,0,0-10%,2026-08-27,System2,Complete,0,0,0,0,Current,0,None
L_0090,2023-03-05,2023-01-04,2,358,139700.0,138309.84,2.67,700-759,60-80%,30-40%,CA,Refinance,Primary,Single Family,Servicer A,Current,0,0,0,0,>50%,2026-08-27,System3,Complete,0,1,0,0,Current,0,None
L_0090,2023-04-04,2023-01-04,3,357,139700.0,138626.67,2.67,700-759,60-80%,30-40%,CA,Refinance,Primary,Single Family,Servicer A,Current,0,0,0,0,25-50%,2026-08-27,System2,Complete,0,0,0,0,Current,0,None
L_0090,2023-05-04,2023-01-04,4,356,139700.0,138626.94,2.67,700-759,60-80%,30-40%,CA,Refinance,Primary,Single Family,Servicer A,Current,0,0,0,0,10-25%,2026-08-27,System2,Complete,0,0,0,0,Current,0,None
L_0090,2023-06-03,2023-01-04,5,355,139700.0,135916.21,2.67,700-759,60-80%,30-40%,CA,Refinance,Primary,Single Family,Servicer A,Current,0,0,0,0,25-50%,2026-08-27,System1,Complete,1,0,0,0,Current,0,None
L_0090,2023-07-03,2023-01-04,6,354,139700.0,139619.05,2.67,700-759,60-80%,30-40%,CA,Refinance,Primary,Single Family,Servicer A,Current,0,0,0,0,25-50%,2026-08-27,System3,Complete,0,0,0,0,Current,0,None
L_0090,2023-08-02,2023-01-04,7,353,139700.0,139193.42,2.67,700-759,60-80%,30-40%,CA,Refinance,Primary,Single Family,Servicer A,Current,0,0,0,0,0-10%,2026-08-27,System2,Complete,0,0,0,0,Current,0,None
L_0090,2023-09-01,2023-01-04,8,352,139700.0,134443.44,2.67,700-759,60-80%,30-40%,CA,Refinance,Primary,Single Family,Servicer A,Charged Off,120,0,0,1,10-25%,2026-08-27,System3,Complete,0,0,0,0,Current,1,High DPD
L_0090,2023-10-01,2023-01-04,9,351,139700.0,135974.66,2.67,700-759,60-80%,30-40%,CA,Refinance,Primary,Single Family,Servicer A,Current,0,0,0,0,10-25%,2026-08-27,System3,Complete,0,0,0,0,Current,0,None
L_0090,2023-10-31,2023-01-04,10,350,139700.0,137152.0,2.67,700-759,60-80%,30-40%,CA,Refinance,Primary,Single Family,Servicer A,Current,0,0,0,0,25-50%,2026-08-27,System2,Pending,0,0,0,0,Current,0,None
L_0090,2023-11-30,2023-01-04,11,349,139700.0,137136.26,2.67,700-759,60-80%,30-40%,CA,Refinance,Primary,Single Family,Servicer A,Current,0,0,0,0,10-25%,2026-08-27,System3,Complete,0,0,0,0,Current,0,None
L_0091,2023-01-14,2023-01-14,0,360,584900.0,581298.84,2.71,700-759,60-80%,>40%,NC,Purchase,Investment,Townhouse,Servicer A,Current,0,0,0,0,0-10%,2026-08-27,System3,Pending,0,0,0,0,Current,0,None
L_0091,2023-02-13,2023-01-14,1,359,584900.0,588186.55,2.71,700-759,60-80%,>40%,NC,Purchase,Investment,Townhouse,Servicer A,Current,0,0,0,0,25-50%,2026-08-27,System1,Complete,0,0,0,0,Current,0,None
L_0091,2023-03-15,2023-01-14,2,358,584900.0,587747.62,2.71,700-759,60-80%,>40%,NC,Purchase,Investment,Townhouse,Servicer A,Current,0,0,0,0,25-50%,2026-08-27,System3,Complete,0,0,0,0,Current,0,None
L_0091,2023-04-14,2023-01-14,3,357,584900.0,581874.06,2.71,700-759,60-80%,>40%,NC,Purchase,Investment,Townhouse,Servicer A,Current,0,0,0,0,>50%,2026-08-27,System1,Complete,0,0,0,0,Current,0,None
L_0091,2023-05-14,2023-01-14,4,356,584900.0,578309.57,2.71,700-759,60-80%,>40%,NC,Purchase,Investment,Townhouse,Servicer A,Current,0,0,0,0,10-25%,2026-08-27,System2,Pending,0,0,0,0,Current,0,None
L_0091,2023-06-13,2023-01-14,5,355,584900.0,575700.76,2.71,700-759,60-80%,>40%,NC,Purchase,Investment,Townhouse,Servicer A,Current,0,0,0,0,10-25%,2026-08-27,System3,Complete,0,0,0,0,Current,0,None
L_0091,2023-07-13,2023-01-14,6,354,584900.0,575515.22,2.71,700-759,60-80%,>40%,NC,Purchase,Investment,Townhouse,Servicer A,Current,0,0,0,0,0-10%,2026-08-27,System2,Complete,0,0,0,0,Current,0,None
L_0091,2023-08-12,2023-01-14,7,353,584900.0,578041.63,2.71,700-759,60-80%,>40%,NC,Purchase,Investment,Townhouse,Servicer A,Current,0,0,0,0,10-25%,2026-08-27,System2,Complete,0,0,0,0,Current,0,None
L_0091,2023-09-11,2023-01-14,8,352,584900.0,584686.99,2.71,700-759,60-80%,>40%,NC,Purchase,Investment,Townhouse,Servicer A,Current,0,0,0,0,25-50%,2026-08-27,System2,Complete,0,0,0,0,Current,0,None
L_0091,2023-10-11,2023-01-14,9,351,584900.0,573562.36,2.71,700-759,60-80%,>40%,NC,Purchase,Investment,Townhouse,Servicer A,Current,0,0,0,0,25-50%,2026-08-27,System3,Pending,0,1,0,0,Current,0,None
L_0091,2023-11-10,2023-01-14,10,350,584900.0,580608.08,2.71,700-759,60-80%,>40%,NC,Purchase,Investment,Townhouse,Servicer A,Current,0,0,0,0,10-25%,2026-08-27,System3,Complete,0,0,0,0,Current,0,None
L_0091,2023-12-10,2023-01-14,11,349,584900.0,564683.65,2.71,700-759,60-80%,>40%,NC,Purchase,Investment,Townhouse,Servicer A,Current,0,0,0,0,25-50%,2026-08-27,System2,Complete,0,1,0,0,Current,0,None
L_0092,2023-01-03,2023-01-03,0,360,620600.0,612330.83,7.02,640-699,60-80%,30-40%,GA,Purchase,Primary,Single Family,Servicer B,Current,0,0,0,0,10-25%,2026-08-27,System1,Complete,1,0,0,0,Current,0,None
L_0092,2023-02-02,2023-01-03,1,359,620600.0,626612.53,7.02,640-699,60-80%,30-40%,GA,Purchase,Primary,Single Family,Servicer B,Current,0,0,0,0,0-10%,2026-08-27,System3,Complete,0,0,0,0,Current,0,None
L_0092,2023-03-04,2023-01-03,2,358,620600.0,622255.75,7.02,640-699,60-80%,30-40%,GA,Purchase,Primary,Single Family,Servicer B,Current,0,0,0,0,10-25%,2026-08-27,System1,Complete,1,0,0,0,Current,0,None
L_0092,2023-04-03,2023-01-03,3,357,620600.0,623814.83,7.02,640-699,60-80%,30-40%,GA,Purchase,Primary,Single Family,Servicer B,60 Days Delinquent,60,0,0,0,0-10%,2026-08-27,System1,Pending,0,1,0,0,Delinquent,0,None
L_0092,2023-05-03,2023-01-03,4,356,620600.0,618706.5,7.02,640-699,60-80%,30-40%,GA,Purchase,Primary,Single Family,Servicer B,Current,0,0,0,0,25-50%,2026-08-27,System3,Complete,0,0,0,0,Current,0,None
L_0092,2023-06-02,2023-01-03,5,355,620600.0,612291.86,7.02,640-699,60-80%,30-40%,GA,Purchase,Primary,Single Family,Servicer B,Charged Off,120,0,0,0,10-25%,2026-08-27,System1,Complete,0,0,0,0,Current,1,High DPD
L_0092,2023-07-02,2023-01-03,6,354,620600.0,612006.0,7.02,640-699,60-80%,30-40%,GA,Purchase,Primary,Single Family,Servicer B,Current,0,0,0,0,0-10%,2026-08-27,System2,Complete,1,0,0,0,Current,0,None
L_0092,2023-08-01,2023-01-03,7,353,620600.0,623872.7,7.02,640-699,60-80%,30-40%,GA,Purchase,Primary,Single Family,Servicer B,Current,0,0,0,0,25-50%,2026-08-27,System2,Complete,0,0,0,0,Current,0,None
L_0092,2023-08-31,2023-01-03,8,352,620600.0,607948.09,7.02,640-699,60-80%,30-40%,GA,Purchase,Primary,Single Family,Servicer B,Current,0,0,0,0,25-50%,2026-08-27,System3,Complete,0,0,0,0,Current,0,None
L_0092,2023-09-30,2023-01-03,9,351,620600.0,612450.3,7.02,640-699,60-80%,30-40%,GA,Purchase,Primary,Single Family,Servicer B,60 Days Delinquent,60,0,0,0,25-50%,2026-08-27,System3,Complete,0,0,0,0,Delinquent,0,None
L_0092,2023-10-30,2023-01-03,10,350,620600.0,610685.67,7.02,640-699,60-80%,30-40%,GA,Purchase,Primary,Single Family,Servicer B,Current,0,0,0,0,25-50%,2026-08-27,System2,Complete,0,1,0,0,Current,0,None
L_0092,2023-11-29,2023-01-03,11,349,620600.0,598580.8,7.02,640-699,60-80%,30-40%,GA,Purchase,Primary,Single Family,Servicer B,Current,0,0,0,0,0-10%,2026-08-27,System2,Pending,0,0,0,0,Current,0,None
L_0093,2023-03-21,2023-03-21,0,360,471000.0,470975.95,4.48,640-699,60-80%,20-30%,NY,Purchase,Primary,Single Family,Servicer B,Current,0,0,0,0,0-10%,2026-08-27,System1,Complete,0,0,0,0,Current,0,None
L_0093,2023-04-20,2023-03-21,1,359,471000.0,471932.42,4.48,640-699,60-80%,20-30%,NY,Purchase,Primary,Single Family,Servicer B,Current,0,0,0,0,0-10%,2026-08-27,System1,Complete,1,0,0,0,Current,0,None
L_0093,2023-05-20,2023-03-21,2,358,471000.0,468363.24,4.48,640-699,60-80%,20-30%,NY,Purchase,Primary,Single Family,Servicer B,Current,0,0,0,0,>50%,2026-08-27,System3,Complete,0,0,0,0,Current,0,None
L_0093,2023-06-19,2023-03-21,3,357,471000.0,470642.73,4.48,640-699,60-80%,20-30%,NY,Purchase,Primary,Single Family,Servicer B,Current,0,0,0,0,10-25%,2026-08-27,System2,Complete,0,0,0,0,Current,0,None
L_0093,2023-07-19,2023-03-21,4,356,471000.0,471299.02,4.48,640-699,60-80%,20-30%,NY,Purchase,Primary,Single Family,Servicer B,Charged Off,120,0,0,0,25-50%,2026-08-27,System2,Pending,0,0,0,0,Current,1,High DPD
L_0093,2023-08-18,2023-03-21,5,355,471000.0,476014.06,4.48,640-699,60-80%,20-30%,NY,Purchase,Primary,Single Family,Servicer B,Current,0,0,0,0,0-10%,2026-08-27,System1,Pending,0,0,0,0,Current,0,None
L_0093,2023-09-17,2023-03-21,6,354,471000.0,474881.62,4.48,640-699,60-80%,20-30%,NY,Purchase,Primary,Single Family,Servicer B,Current,0,0,0,0,25-50%,2026-08-27,System1,Complete,0,0,0,0,Current,0,None
L_0093,2023-10-17,2023-03-21,7,353,471000.0,456857.12,4.48,640-699,60-80%,20-30%,NY,Purchase,Primary,Single Family,Servicer B,Current,0,0,0,0,0-10%,2026-08-27,System3,Complete,0,0,0,0,Current,0,None
L_0093,2023-11-16,2023-03-21,8,352,471000.0,460629.45,4.48,640-699,60-80%,20-30%,NY,Purchase,Primary,Single Family,Servicer B,Current,0,0,0,0,0-10%,2026-08-27,System1,Complete,0,0,0,0,Current,0,None
L_0093,2023-12-16,2023-03-21,9,351,471000.0,460176.02,4.48,640-699,60-80%,20-30%,NY,Purchase,Primary,Single Family,Servicer B,Current,0,0,0,0,0-10%,2026-08-27,System2,Pending,0,0,0,0,Current,0,None
L_0093,2024-01-15,2023-03-21,10,350,471000.0,465117.5,4.48,640-699,60-80%,20-30%,NY,Purchase,Primary,Single Family,Servicer B,Current,0,0,0,0,10-25%,2026-08-27,System2,Pending,0,0,0,0,Current,0,None
L_0093,2024-02-14,2023-03-21,11,349,471000.0,458731.44,4.48,640-699,60-80%,20-30%,NY,Purchase,Primary,Single Family,Servicer B,Current,0,0,0,0,10-25%,2026-08-27,System2,Complete,0,0,0,0,Current,0,None
L_0094,2023-02-24,2023-02-24,0,360,628200.0,624217.66,3.2,700-759,<60%,30-40%,MI,Purchase,Primary,Single Family,Servicer D,Current,0,0,0,0,25-50%,2026-08-27,System3,Complete,0,0,0,0,Current,0,None
L_0094,2023-03-26,2023-02-24,1,359,628200.0,619806.36,3.2,700-759,<60%,30-40%,MI,Purchase,Primary,Single Family,Servicer D,Current,0,0,0,0,10-25%,2026-08-27,System2,Missing,0,0,0,0,Current,0,None
L_0094,2023-04-25,2023-02-24,2,358,628200.0,629823.91,3.2,700-759,<60%,30-40%,MI,Purchase,Primary,Single Family,Servicer D,Current,0,0,0,0,10-25%,2026-08-27,System2,Complete,0,0,0,0,Current,0,None
L_0094,2023-05-25,2023-02-24,3,357,628200.0,628172.05,3.2,700-759,<60%,30-40%,MI,Purchase,Primary,Single Family,Servicer D,Current,0,0,0,0,25-50%,2026-08-27,System3,Complete,0,0,0,0,Current,0,None
L_0094,2023-06-24,2023-02-24,4,356,628200.0,622351.79,3.2,700-759,<60%,30-40%,MI,Purchase,Primary,Single Family,Servicer D,Current,0,0,0,0,10-25%,2026-08-27,System2,Complete,0,0,0,0,Current,0,None
L_0094,2023-07-24,2023-02-24,5,355,628200.0,617015.92,3.2,700-759,<60%,30-40%,MI,Purchase,Primary,Single Family,Servicer D,Current,0,0,0,0,25-50%,2026-08-27,System2,Complete,0,0,0,0,Current,0,None
L_0094,2023-08-23,2023-02-24,6,354,628200.0,624129.38,3.2,700-759,<60%,30-40%,MI,Purchase,Primary,Single Family,Servicer D,Current,0,0,0,0,0-10%,2026-08-27,System3,Complete,0,0,0,0,Current,0,None
L_0094,2023-09-22,2023-02-24,7,353,628200.0,618435.97,3.2,700-759,<60%,30-40%,MI,Purchase,Primary,Single Family,Servicer D,Current,0,0,0,0,>50%,2026-08-27,System1,Missing,0,0,0,0,Current,0,None
L_0094,2023-10-22,2023-02-24,8,352,628200.0,618476.79,3.2,700-759,<60%,30-40%,MI,Purchase,Primary,Single Family,Servicer D,Current,0,0,0,0,10-25%,2026-08-27,System1,Complete,0,0,0,0,Current,0,None
L_0094,2023-11-21,2023-02-24,9,351,628200.0,622230.31,3.2,700-759,<60%,30-40%,MI,Purchase,Primary,Single Family,Servicer D,Current,0,0,0,0,>50%,2026-08-27,System1,Complete,0,0,0,0,Current,0,None
L_0094,2023-12-21,2023-02-24,10,350,628200.0,607891.18,3.2,700-759,<60%,30-40%,MI,Purchase,Primary,Single Family,Servicer D,30 Days Delinquent,30,0,0,0,10-25%,2026-08-27,System1,Complete,0,0,0,0,Delinquent,0,None
L_0094,2024-01-20,2023-02-24,11,349,628200.0,619780.85,3.2,700-759,<60%,30-40%,MI,Purchase,Primary,Single Family,Servicer D,Current,0,0,0,0,0-10%,2026-08-27,System2,Complete,0,0,0,0,Current,0,None
L_0095,2023-05-12,2023-05-12,0,360,420300.0,418705.54,5.37,640-699,80-90%,20-30%,IL,Purchase,Primary,Single Family,Servicer D,Current,0,0,0,0,10-25%,2026-08-27,System2,Complete,0,0,0,0,Current,0,None
L_0095,2023-06-11,2023-05-12,1,359,420300.0,419660.2,5.37,640-699,80-90%,20-30%,IL,Purchase,Primary,Single Family,Servicer D,Current,0,0,0,0,25-50%,2026-08-27,System1,Complete,0,0,0,0,Current,0,None
L_0095,2023-07-11,2023-05-12,2,358,420300.0,410928.4,5.37,640-699,80-90%,20-30%,IL,Purchase,Primary,Single Family,Servicer D,Current,0,0,0,0,10-25%,2026-08-27,System1,Complete,0,0,0,0,Current,0,None
L_0095,2023-08-10,2023-05-12,3,357,420300.0,410604.19,5.37,640-699,80-90%,20-30%,IL,Purchase,Primary,Single Family,Servicer D,Current,0,0,0,0,10-25%,2026-08-27,System2,Complete,0,0,0,0,Current,0,None
L_0095,2023-09-09,2023-05-12,4,356,420300.0,417744.16,5.37,640-699,80-90%,20-30%,IL,Purchase,Primary,Single Family,Servicer D,Current,0,0,0,0,10-25%,2026-08-27,System3,Complete,0,0,0,0,Current,0,None
L_0095,2023-10-09,2023-05-12,5,355,420300.0,421547.31,5.37,640-699,80-90%,20-30%,IL,Purchase,Primary,Single Family,Servicer D,Current,0,0,0,0,25-50%,2026-08-27,System2,Complete,0,1,0,0,Current,0,None
L_0095,2023-11-08,2023-05-12,6,354,420300.0,413063.87,5.37,640-699,80-90%,20-30%,IL,Purchase,Primary,Single Family,Servicer D,Current,0,0,0,0,0-10%,2026-08-27,System1,Pending,0,0,0,0,Current,0,None
L_0095,2023-12-08,2023-05-12,7,353,420300.0,420023.13,5.37,640-699,80-90%,20-30%,IL,Purchase,Primary,Single Family,Servicer D,Current,0,0,0,0,10-25%,2026-08-27,System3,Complete,0,0,0,0,Current,0,None
L_0095,2024-01-07,2023-05-12,8,352,420300.0,419226.25,5.37,640-699,80-90%,20-30%,IL,Purchase,Primary,Single Family,Servicer D,Current,0,0,0,0,0-10%,2026-08-27,System3,Complete,1,0,0,0,Current,0,None
L_0095,2024-02-06,2023-05-12,9,351,420300.0,409689.71,5.37,640-699,80-90%,20-30%,IL,Purchase,Primary,Single Family,Servicer D,Current,0,0,0,0,25-50%,2026-08-27,System1,Complete,0,0,0,0,Current,0,None
L_0095,2024-03-07,2023-05-12,10,350,420300.0,406998.49,5.37,640-699,80-90%,20-30%,IL,Purchase,Primary,Single Family,Servicer D,Current,0,0,0,0,10-25%,2026-08-27,System1,Complete,0,0,0,0,Current,0,None
L_0095,2024-04-06,2023-05-12,11,349,420300.0,419228.51,5.37,640-699,80-90%,20-30%,IL,Purchase,Primary,Single Family,Servicer D,60 Days Delinquent,60,0,0,0,25-50%,2026-08-27,System2,Complete,0,0,0,0,Delinquent,0,None
L_0096,2023-04-30,2023-04-30,0,360,442000.0,447246.88,6.73,700-759,60-80%,20-30%,IL,Purchase,Primary,Single Family,Servicer D,Current,0,0,0,0,0-10%,2026-08-27,System2,Pending,0,0,0,0,Current,0,None
L_0096,2023-05-30,2023-04-30,1,359,442000.0,436860.16,6.73,700-759,60-80%,20-30%,IL,Purchase,Primary,Single Family,Servicer D,Current,0,0,0,0,25-50%,2026-08-27,System2,Complete,0,0,0,0,Current,0,None
L_0096,2023-06-29,2023-04-30,2,358,442000.0,441119.42,6.73,700-759,60-80%,20-30%,IL,Purchase,Primary,Single Family,Servicer D,Current,0,0,0,0,10-25%,2026-08-27,System3,Complete,0,0,0,0,Current,0,None
L_0096,2023-07-29,2023-04-30,3,357,442000.0,439782.34,6.73,700-759,60-80%,20-30%,IL,Purchase,Primary,Single Family,Servicer D,Current,0,0,0,0,25-50%,2026-08-27,System2,Complete,0,0,0,0,Current,0,None
L_0096,2023-08-28,2023-04-30,4,356,442000.0,441634.45,6.73,700-759,60-80%,20-30%,IL,Purchase,Primary,Single Family,Servicer D,Current,0,0,0,0,10-25%,2026-08-27,System2,Complete,0,0,0,0,Current,0,None
L_0096,2023-09-27,2023-04-30,5,355,442000.0,446575.43,6.73,700-759,60-80%,20-30%,IL,Purchase,Primary,Single Family,Servicer D,30 Days Delinquent,30,0,0,0,>50%,2026-08-27,System2,Complete,0,0,0,0,Delinquent,0,None
L_0096,2023-10-27,2023-04-30,6,354,442000.0,438391.05,6.73,700-759,60-80%,20-30%,IL,Purchase,Primary,Single Family,Servicer D,Current,0,0,0,0,25-50%,2026-08-27,System2,Complete,0,0,0,0,Current,0,None
L_0096,2023-11-26,2023-04-30,7,353,442000.0,436541.11,6.73,700-759,60-80%,20-30%,IL,Purchase,Primary,Single Family,Servicer D,Current,0,0,0,0,10-25%,2026-08-27,System1,Complete,0,0,0,0,Current,0,None
L_0096,2023-12-26,2023-04-30,8,352,442000.0,435167.63,6.73,700-759,60-80%,20-30%,IL,Purchase,Primary,Single Family,Servicer D,Current,0,0,0,0,25-50%,2026-08-27,System3,Complete,0,0,0,0,Current,0,None
L_0096,2024-01-25,2023-04-30,9,351,442000.0,437136.58,6.73,700-759,60-80%,20-30%,IL,Purchase,Primary,Single Family,Servicer D,Current,0,0,0,0,0-10%,2026-08-27,System2,Complete,0,0,0,0,Current,0,None
L_0096,2024-02-24,2023-04-30,10,350,442000.0,427594.78,6.73,700-759,60-80%,20-30%,IL,Purchase,Primary,Single Family,Servicer D,Current,0,0,0,0,25-50%,2026-08-27,System1,Complete,0,0,0,0,Current,0,None
L_0096,2024-03-25,2023-04-30,11,349,442000.0,432210.13,6.73,700-759,60-80%,20-30%,IL,Purchase,Primary,Single Family,Servicer D,Current,0,0,0,0,0-10%,2026-08-27,System3,Pending,0,0,0,0,Current,0,None
L_0097,2023-01-24,2023-01-24,0,360,370700.0,369747.11,3.69,<640,60-80%,>40%,PA,Refinance,Primary,Single Family,Servicer B,Current,0,0,0,0,0-10%,2026-08-27,System1,Complete,0,0,0,0,Current,0,None
L_0097,2023-02-23,2023-01-24,1,359,370700.0,370985.43,3.69,<640,60-80%,>40%,PA,Refinance,Primary,Single Family,Servicer B,Current,0,0,0,0,10-25%,2026-08-27,System2,Complete,0,0,0,0,Current,0,None
L_0097,2023-03-25,2023-01-24,2,358,370700.0,366064.74,3.69,<640,60-80%,>40%,PA,Refinance,Primary,Single Family,Servicer B,Current,0,0,0,0,0-10%,2026-08-27,System3,Pending,0,0,0,0,Current,0,None
L_0097,2023-04-24,2023-01-24,3,357,370700.0,366105.83,3.69,<640,60-80%,>40%,PA,Refinance,Primary,Single Family,Servicer B,Current,0,0,0,0,0-10%,2026-08-27,System1,Complete,0,0,0,0,Current,0,None
L_0097,2023-05-24,2023-01-24,4,356,370700.0,368971.01,3.69,<640,60-80%,>40%,PA,Refinance,Primary,Single Family,Servicer B,Current,0,0,0,0,25-50%,2026-08-27,System3,Complete,0,0,0,0,Current,0,None
L_0097,2023-06-23,2023-01-24,5,355,370700.0,364288.15,3.69,<640,60-80%,>40%,PA,Refinance,Primary,Single Family,Servicer B,Current,0,0,0,0,25-50%,2026-08-27,System3,Pending,0,0,0,0,Current,0,None
L_0097,2023-07-23,2023-01-24,6,354,370700.0,367851.14,3.69,<640,60-80%,>40%,PA,Refinance,Primary,Single Family,Servicer B,Current,0,0,0,0,>50%,2026-08-27,System3,Complete,0,0,0,0,Current,0,None
L_0097,2023-08-22,2023-01-24,7,353,370700.0,366976.65,3.69,<640,60-80%,>40%,PA,Refinance,Primary,Single Family,Servicer B,Current,0,0,0,0,>50%,2026-08-27,System2,Pending,0,0,0,0,Current,0,None
L_0097,2023-09-21,2023-01-24,8,352,370700.0,364776.63,3.69,<640,60-80%,>40%,PA,Refinance,Primary,Single Family,Servicer B,Current,0,0,0,0,>50%,2026-08-27,System1,Complete,0,0,0,0,Current,0,None
L_0097,2023-10-21,2023-01-24,9,351,370700.0,361069.4,3.69,<640,60-80%,>40%,PA,Refinance,Primary,Single Family,Servicer B,Current,0,0,0,0,10-25%,2026-08-27,System3,Pending,0,0,0,0,Current,0,None
L_0097,2023-11-20,2023-01-24,10,350,370700.0,363950.79,3.69,<640,60-80%,>40%,PA,Refinance,Primary,Single Family,Servicer B,Current,0,0,0,0,>50%,2026-08-27,System3,Pending,0,0,0,0,Current,0,None
L_0097,2023-12-20,2023-01-24,11,349,370700.0,359519.99,3.69,<640,60-80%,>40%,PA,Refinance,Primary,Single Family,Servicer B,Current,0,0,0,0,0-10%,2026-08-27,System3,Complete,0,0,0,1,Current,0,None
L_0098,2023-06-11,2023-06-11,0,360,69100.0,68564.5,5.93,760+,<60%,<20%,OH,Purchase,Primary,Townhouse,Servicer B,Current,0,0,0,0,0-10%,2026-08-27,System3,Complete,0,0,0,0,Current,0,None
L_0098,2023-07-11,2023-06-11,1,359,69100.0,69905.26,5.93,760+,<60%,<20%,OH,Purchase,Primary,Townhouse,Servicer B,Current,0,0,0,0,0-10%,2026-08-27,System2,Complete,0,0,0,0,Current,0,None
L_0098,2023-08-10,2023-06-11,2,358,69100.0,69563.61,5.93,760+,<60%,<20%,OH,Purchase,Primary,Townhouse,Servicer B,Current,0,0,0,0,10-25%,2026-08-27,System2,Complete,0,1,0,0,Current,0,None
L_0098,2023-09-09,2023-06-11,3,357,69100.0,69404.73,5.93,760+,<60%,<20%,OH,Purchase,Primary,Townhouse,Servicer B,Current,0,0,0,0,0-10%,2026-08-27,System2,Complete,0,0,0,0,Current,0,None
L_0098,2023-10-09,2023-06-11,4,356,69100.0,68630.99,5.93,760+,<60%,<20%,OH,Purchase,Primary,Townhouse,Servicer B,Current,0,0,0,0,10-25%,2026-08-27,System3,Pending,0,0,0,0,Current,0,None
L_0098,2023-11-08,2023-06-11,5,355,69100.0,68122.39,5.93,760+,<60%,<20%,OH,Purchase,Primary,Townhouse,Servicer B,Current,0,0,0,0,>50%,2026-08-27,System2,Complete,1,0,0,0,Current,0,None
L_0098,2023-12-08,2023-06-11,6,354,69100.0,68028.15,5.93,760+,<60%,<20%,OH,Purchase,Primary,Townhouse,Servicer B,Current,0,0,0,0,25-50%,2026-08-27,System3,Complete,0,0,0,0,Current,0,None
L_0098,2024-01-07,2023-06-11,7,353,69100.0,69141.58,5.93,760+,<60%,<20%,OH,Purchase,Primary,Townhouse,Servicer B,Current,0,0,0,0,10-25%,2026-08-27,System1,Complete,0,0,0,0,Current,0,None
L_0098,2024-02-06,2023-06-11,8,352,69100.0,67086.69,5.93,760+,<60%,<20%,OH,Purchase,Primary,Townhouse,Servicer B,Charged Off,120,0,0,0,25-50%,2026-08-27,System2,Pending,0,0,0,0,Current,1,High DPD
L_0098,2024-03-07,2023-06-11,9,351,69100.0,68446.18,5.93,760+,<60%,<20%,OH,Purchase,Primary,Townhouse,Servicer B,Current,0,0,0,0,25-50%,2026-08-27,System2,Complete,0,0,0,0,Current,0,None
L_0098,2024-04-06,2023-06-11,10,350,69100.0,68925.6,5.93,760+,<60%,<20%,OH,Purchase,Primary,Townhouse,Servicer B,Current,0,0,0,0,>50%,2026-08-27,System2,Complete,0,0,0,0,Current,0,None
L_0098,2024-05-06,2023-06-11,11,349,69100.0,69115.58,5.93,760+,<60%,<20%,OH,Purchase,Primary,Townhouse,Servicer B,Prepaid,0,0,1,0,0-10%,2026-08-27,System3,Complete,0,1,0,0,Current,0,None
L_0099,2023-06-07,2023-06-07,0,360,130900.0,130115.07,2.97,760+,60-80%,<20%,GA,Purchase,Primary,Single Family,Servicer C,Current,0,0,0,0,0-10%,2026-08-27,System2,Complete,0,0,0,0,Current,0,None
L_0099,2023-07-07,2023-06-07,1,359,130900.0,131176.37,2.97,760+,60-80%,<20%,GA,Purchase,Primary,Single Family,Servicer C,Current,0,0,0,0,10-25%,2026-08-27,System1,Complete,0,0,0,0,Current,0,None
L_0099,2023-08-06,2023-06-07,2,358,130900.0,129202.43,2.97,760+,60-80%,<20%,GA,Purchase,Primary,Single Family,Servicer C,Current,0,0,0,0,10-25%,2026-08-27,System1,Complete,1,0,0,0,Current,0,None
L_0099,2023-09-05,2023-06-07,3,357,130900.0,131961.52,2.97,760+,60-80%,<20%,GA,Purchase,Primary,Single Family,Servicer C,Current,0,0,0,0,>50%,2026-08-27,System1,Complete,0,0,0,0,Current,0,None
L_0099,2023-10-05,2023-06-07,4,356,130900.0,130250.32,2.97,760+,60-80%,<20%,GA,Purchase,Primary,Single Family,Servicer C,Current,0,0,0,0,10-25%,2026-08-27,System3,Complete,0,0,0,0,Current,0,None
L_0099,2023-11-04,2023-06-07,5,355,130900.0,129291.57,2.97,760+,60-80%,<20%,GA,Purchase,Primary,Single Family,Servicer C,90 Days Delinquent,90,0,0,0,0-10%,2026-08-27,System2,Pending,0,0,0,0,Delinquent,0,None
L_0099,2023-12-04,2023-06-07,6,354,130900.0,130671.65,2.97,760+,60-80%,<20%,GA,Purchase,Primary,Single Family,Servicer C,Current,0,0,0,0,10-25%,2026-08-27,System1,Complete,0,0,0,0,Current,0,None
L_0099,2024-01-03,2023-06-07,7,353,130900.0,130053.75,2.97,760+,60-80%,<20%,GA,Purchase,Primary,Single Family,Servicer C,Current,0,0,0,0,10-25%,2026-08-27,System1,Pending,0,0,0,0,Current,0,None
L_0099,2024-02-02,2023-06-07,8,352,130900.0,125815.03,2.97,760+,60-80%,<20%,GA,Purchase,Primary,Single Family,Servicer C,Current,0,0,0,0,10-25%,2026-08-27,System2,Pending,0,0,0,0,Current,0,None
L_0099,2024-03-03,2023-06-07,9,351,130900.0,127833.09,2.97,760+,60-80%,<20%,GA,Purchase,Primary,Single Family,Servicer C,Current,0,0,0,0,0-10%,2026-08-27,System1,Complete,0,0,0,0,Current,0,None
L_0099,2024-04-02,2023-06-07,10,350,130900.0,127876.52,2.97,760+,60-80%,<20%,GA,Purchase,Primary,Single Family,Servicer C,30 Days Delinquent,30,0,0,0,25-50%,2026-08-27,System2,Complete,0,0,0,0,Delinquent,0,None
L_0099,2024-05-02,2023-06-07,11,349,130900.0,128422.62,2.97,760+,60-80%,<20%,GA,Purchase,Primary,Single Family,Servicer C,Current,0,0,0,0,25-50%,2026-08-27,System1,Complete,0,0,0,0,Current,0,None
L_0100,2023-03-23,2023-03-23,0,360,73600.0,74635.77,2.78,700-759,60-80%,20-30%,GA,Purchase,Investment,Multi-family,Servicer D,Current,0,0,0,0,0-10%,2026-08-27,System3,Complete,0,0,0,0,Current,0,None
L_0100,2023-04-22,2023-03-23,1,359,73600.0,73752.35,2.78,700-759,60-80%,20-30%,GA,Purchase,Investment,Multi-family,Servicer D,Current,0,0,0,0,25-50%,2026-08-27,System3,Complete,0,0,0,0,Current,0,None
L_0100,2023-05-22,2023-03-23,2,358,73600.0,72739.54,2.78,700-759,60-80%,20-30%,GA,Purchase,Investment,Multi-family,Servicer D,Current,0,0,0,0,>50%,2026-08-27,System3,Complete,0,0,0,0,Current,0,None
L_0100,2023-06-21,2023-03-23,3,357,73600.0,74376.93,2.78,700-759,60-80%,20-30%,GA,Purchase,Investment,Multi-family,Servicer D,Current,0,0,0,0,10-25%,2026-08-27,System1,Complete,0,0,0,0,Current,0,None
L_0100,2023-07-21,2023-03-23,4,356,73600.0,73411.99,2.78,700-759,60-80%,20-30%,GA,Purchase,Investment,Multi-family,Servicer D,Current,0,0,0,0,0-10%,2026-08-27,System2,Missing,0,0,0,0,Current,0,None
L_0100,2023-08-20,2023-03-23,5,355,73600.0,73623.09,2.78,700-759,60-80%,20-30%,GA,Purchase,Investment,Multi-family,Servicer D,Current,0,0,0,0,10-25%,2026-08-27,System1,Complete,0,0,0,0,Current,0,None
L_0100,2023-09-19,2023-03-23,6,354,73600.0,71934.25,2.78,700-759,60-80%,20-30%,GA,Purchase,Investment,Multi-family,Servicer D,Current,0,0,0,0,0-10%,2026-08-27,System3,Complete,0,0,0,0,Current,0,None
L_0100,2023-10-19,2023-03-23,7,353,73600.0,72653.0,2.78,700-759,60-80%,20-30%,GA,Purchase,Investment,Multi-family,Servicer D,Current,0,0,0,0,0-10%,2026-08-27,System1,Complete,0,0,0,0,Current,0,None
L_0100,2023-11-18,2023-03-23,8,352,73600.0,71850.9,2.78,700-759,60-80%,20-30%,GA,Purchase,Investment,Multi-family,Servicer D,Current,0,0,0,0,10-25%,2026-08-27,System1,Complete,0,0,0,0,Current,0,None
L_0100,2023-12-18,2023-03-23,9,351,73600.0,72408.6,2.78,700-759,60-80%,20-30%,GA,Purchase,Investment,Multi-family,Servicer D,Current,0,0,0,0,0-10%,2026-08-27,System3,Complete,0,0,0,0,Current,0,None
L_0100,2024-01-17,2023-03-23,10,350,73600.0,72832.36,2.78,700-759,60-80%,20-30%,GA,Purchase,Investment,Multi-family,Servicer D,Current,0,0,0,0,10-25%,2026-08-27,System1,Complete,0,0,0,0,Current,0,None
L_0100,2024-02-16,2023-03-23,11,349,73600.0,73461.05,2.78,700-759,60-80%,20-30%,GA,Purchase,Investment,Multi-family,Servicer D,Current,0,0,0,0,0-10%,2026-08-27,System2,Complete,0,0,0,0,Current,0,None
L_0101,2023-05-27,2023-05-27,0,360,527300.0,515610.7,5.42,700-759,<60%,<20%,TX,Purchase,Primary,Townhouse,Servicer D,Current,0,0,0,0,25-50%,2026-08-27,System3,Missing,0,0,0,0,Current,0,None
L_0101,2023-06-26,2023-05-27,1,359,527300.0,521781.61,5.42,700-759,<60%,<20%,TX,Purchase,Primary,Townhouse,Servicer D,Current,0,0,0,0,0-10%,2026-08-27,System1,Complete,0,0,0,0,Current,0,None
L_0101,2023-07-26,2023-05-27,2,358,527300.0,526620.72,5.42,700-759,<60%,<20%,TX,Purchase,Primary,Townhouse,Servicer D,Current,0,0,0,0,0-10%,2026-08-27,System3,Complete,0,0,0,0,Current,0,None
L_0101,2023-08-25,2023-05-27,3,357,527300.0,525213.87,5.42,700-759,<60%,<20%,TX,Purchase,Primary,Townhouse,Servicer D,Current,0,0,0,0,25-50%,2026-08-27,System3,Pending,0,0,0,0,Current,0,None
L_0101,2023-09-24,2023-05-27,4,356,527300.0,516613.81,5.42,700-759,<60%,<20%,TX,Purchase,Primary,Townhouse,Servicer D,Current,0,0,0,0,0-10%,2026-08-27,System1,Complete,0,0,0,0,Current,0,None
L_0101,2023-10-24,2023-05-27,5,355,527300.0,528679.92,5.42,700-759,<60%,<20%,TX,Purchase,Primary,Townhouse,Servicer D,Current,0,0,0,0,25-50%,2026-08-27,System1,Pending,0,0,0,0,Current,0,None
L_0101,2023-11-23,2023-05-27,6,354,527300.0,509273.52,5.42,700-759,<60%,<20%,TX,Purchase,Primary,Townhouse,Servicer D,Current,0,0,0,0,>50%,2026-08-27,System3,Complete,0,0,0,0,Current,0,None
L_0101,2023-12-23,2023-05-27,7,353,527300.0,520933.74,5.42,700-759,<60%,<20%,TX,Purchase,Primary,Townhouse,Servicer D,Current,0,0,0,0,0-10%,2026-08-27,System2,Complete,0,0,0,0,Current,0,None
L_0101,2024-01-22,2023-05-27,8,352,527300.0,517110.4,5.42,700-759,<60%,<20%,TX,Purchase,Primary,Townhouse,Servicer D,Current,0,0,0,0,25-50%,2026-08-27,System1,Complete,0,0,0,0,Current,0,None
L_0101,2024-02-21,2023-05-27,9,351,527300.0,514559.76,5.42,700-759,<60%,<20%,TX,Purchase,Primary,Townhouse,Servicer D,Current,0,0,0,0,0-10%,2026-08-27,System3,Complete,0,0,0,0,Current,0,None
L_0101,2024-03-22,2023-05-27,10,350,527300.0,519295.96,5.42,700-759,<60%,<20%,TX,Purchase,Primary,Townhouse,Servicer D,Current,0,0,0,0,>50%,2026-08-27,System1,Complete,0,0,0,0,Current,0,None
L_0101,2024-04-21,2023-05-27,11,349,527300.0,510165.66,5.42,700-759,<60%,<20%,TX,Purchase,Primary,Townhouse,Servicer D,Current,0,0,0,0,10-25%,2026-08-27,System2,Complete,0,1,0,0,Current,0,None
L_0102,2023-06-08,2023-06-08,0,360,285800.0,286387.19,5.47,640-699,60-80%,<20%,NC,Purchase,Investment,Single Family,Servicer D,Current,0,0,0,0,0-10%,2026-08-27,System1,Complete,0,0,0,0,Current,0,None
L_0102,2023-07-08,2023-06-08,1,359,285800.0,283016.15,5.47,640-699,60-80%,<20%,NC,Purchase,Investment,Single Family,Servicer D,Current,0,0,0,0,>50%,2026-08-27,System3,Complete,0,0,0,0,Current,0,None
L_0102,2023-08-07,2023-06-08,2,358,285800.0,283180.57,5.47,640-699,60-80%,<20%,NC,Purchase,Investment,Single Family,Servicer D,Current,0,0,0,0,0-10%,2026-08-27,System1,Complete,1,0,0,0,Current,0,None
L_0102,2023-09-06,2023-06-08,3,357,285800.0,285774.59,5.47,640-699,60-80%,<20%,NC,Purchase,Investment,Single Family,Servicer D,Current,0,0,0,0,10-25%,2026-08-27,System2,Complete,0,0,0,0,Current,0,None
L_0102,2023-10-06,2023-06-08,4,356,285800.0,281021.78,5.47,640-699,60-80%,<20%,NC,Purchase,Investment,Single Family,Servicer D,Current,0,0,0,0,>50%,2026-08-27,System2,Missing,0,0,0,0,Current,0,None
L_0102,2023-11-05,2023-06-08,5,355,285800.0,279021.61,5.47,640-699,60-80%,<20%,NC,Purchase,Investment,Single Family,Servicer D,60 Days Delinquent,60,0,0,0,>50%,2026-08-27,System1,Complete,0,0,0,0,Delinquent,0,None
L_0102,2023-12-05,2023-06-08,6,354,285800.0,286986.21,5.47,640-699,60-80%,<20%,NC,Purchase,Investment,Single Family,Servicer D,Current,0,0,0,0,0-10%,2026-08-27,System3,Complete,0,0,0,0,Current,0,None
L_0102,2024-01-04,2023-06-08,7,353,285800.0,284608.39,5.47,640-699,60-80%,<20%,NC,Purchase,Investment,Single Family,Servicer D,Current,0,0,0,0,0-10%,2026-08-27,System2,Complete,0,0,0,0,Current,0,None
L_0102,2024-02-03,2023-06-08,8,352,285800.0,278401.66,5.47,640-699,60-80%,<20%,NC,Purchase,Investment,Single Family,Servicer D,Current,0,0,0,0,25-50%,2026-08-27,System2,Complete,0,0,0,0,Current,0,None
L_0102,2024-03-04,2023-06-08,9,351,285800.0,284204.25,5.47,640-699,60-80%,<20%,NC,Purchase,Investment,Single Family,Servicer D,Current,0,0,0,0,10-25%,2026-08-27,System1,Complete,0,0,0,0,Current,0,None
L_0102,2024-04-03,2023-06-08,10,350,285800.0,283396.61,5.47,640-699,60-80%,<20%,NC,Purchase,Investment,Single Family,Servicer D,Current,0,0,0,0,0-10%,2026-08-27,System1,Complete,0,0,0,0,Current,0,None
L_0102,2024-05-03,2023-06-08,11,349,285800.0,278926.96,5.47,640-699,60-80%,<20%,NC,Purchase,Investment,Single Family,Servicer D,Current,0,0,0,0,25-50%,2026-08-27,System2,Complete,0,0,0,0,Current,0,None
L_0103,2023-03-01,2023-03-01,0,360,431400.0,430908.72,6.01,760+,<60%,30-40%,OH,Purchase,Primary,Townhouse,Servicer A,Current,0,0,0,0,10-25%,2026-08-27,System3,Complete,0,0,0,0,Current,0,None
L_0103,2023-03-31,2023-03-01,1,359,431400.0,432884.67,6.01,760+,<60%,30-40%,OH,Purchase,Primary,Townhouse,Servicer A,Current,0,0,0,0,>50%,2026-08-27,System2,Complete,0,1,0,0,Current,0,None
L_0103,2023-04-30,2023-03-01,2,358,431400.0,416777.83,6.01,760+,<60%,30-40%,OH,Purchase,Primary,Townhouse,Servicer A,Current,0,0,0,0,25-50%,2026-08-27,System1,Complete,0,0,0,0,Current,0,None
L_0103,2023-05-30,2023-03-01,3,357,431400.0,431884.26,6.01,760+,<60%,30-40%,OH,Purchase,Primary,Townhouse,Servicer A,Current,0,0,0,0,25-50%,2026-08-27,System1,Complete,0,0,0,0,Current,0,None
L_0103,2023-06-29,2023-03-01,4,356,431400.0,434277.87,6.01,760+,<60%,30-40%,OH,Purchase,Primary,Townhouse,Servicer A,Current,0,0,0,0,10-25%,2026-08-27,System1,Complete,1,0,0,0,Current,0,None
L_0103,2023-07-29,2023-03-01,5,355,431400.0,427524.68,6.01,760+,<60%,30-40%,OH,Purchase,Primary,Townhouse,Servicer A,Current,0,0,0,0,0-10%,2026-08-27,System2,Pending,0,0,0,0,Current,0,None
L_0103,2023-08-28,2023-03-01,6,354,431400.0,416016.64,6.01,760+,<60%,30-40%,OH,Purchase,Primary,Townhouse,Servicer A,Current,0,0,0,0,>50%,2026-08-27,System1,Complete,0,0,0,0,Current,0,None
L_0103,2023-09-27,2023-03-01,7,353,431400.0,421908.79,6.01,760+,<60%,30-40%,OH,Purchase,Primary,Townhouse,Servicer A,60 Days Delinquent,60,0,0,0,10-25%,2026-08-27,System3,Complete,0,0,0,0,Delinquent,0,None
L_0103,2023-10-27,2023-03-01,8,352,431400.0,423656.32,6.01,760+,<60%,30-40%,OH,Purchase,Primary,Townhouse,Servicer A,Current,0,0,0,0,0-10%,2026-08-27,System1,Missing,0,0,0,0,Current,0,None
L_0103,2023-11-26,2023-03-01,9,351,431400.0,426741.19,6.01,760+,<60%,30-40%,OH,Purchase,Primary,Townhouse,Servicer A,Current,0,0,0,0,>50%,2026-08-27,System2,Complete,0,0,0,0,Current,0,None
L_0103,2023-12-26,2023-03-01,10,350,431400.0,421184.88,6.01,760+,<60%,30-40%,OH,Purchase,Primary,Townhouse,Servicer A,Current,0,0,0,0,0-10%,2026-08-27,System2,Complete,0,0,0,0,Current,0,None
L_0103,2024-01-25,2023-03-01,11,349,431400.0,421703.18,6.01,760+,<60%,30-40%,OH,Purchase,Primary,Townhouse,Servicer A,Current,0,0,0,0,10-25%,2026-08-27,System1,Complete,0,0,0,0,Current,0,None
L_0104,2023-05-27,2023-05-27,0,360,730700.0,727088.11,6.49,700-759,<60%,20-30%,NY,Refinance,Secondary,Single Family,Servicer C,Current,0,0,0,0,0-10%,2026-08-27,System1,Pending,0,0,0,0,Current,0,None
L_0104,2023-06-26,2023-05-27,1,359,730700.0,724377.29,6.49,700-759,<60%,20-30%,NY,Refinance,Secondary,Single Family,Servicer C,Current,0,0,0,0,10-25%,2026-08-27,System1,Complete,0,0,0,0,Current,0,None
L_0104,2023-07-26,2023-05-27,2,358,730700.0,735795.4,6.49,700-759,<60%,20-30%,NY,Refinance,Secondary,Single Family,Servicer C,Current,0,0,0,0,10-25%,2026-08-27,System2,Pending,0,0,0,0,Current,0,None
L_0104,2023-08-25,2023-05-27,3,357,730700.0,729889.23,6.49,700-759,<60%,20-30%,NY,Refinance,Secondary,Single Family,Servicer C,Current,0,0,0,0,25-50%,2026-08-27,System1,Complete,0,0,0,0,Current,0,None
L_0104,2023-09-24,2023-05-27,4,356,730700.0,731851.61,6.49,700-759,<60%,20-30%,NY,Refinance,Secondary,Single Family,Servicer C,Current,0,0,0,0,25-50%,2026-08-27,System1,Complete,0,1,0,0,Current,0,None
L_0104,2023-10-24,2023-05-27,5,355,730700.0,728488.12,6.49,700-759,<60%,20-30%,NY,Refinance,Secondary,Single Family,Servicer C,Current,0,0,0,0,0-10%,2026-08-27,System2,Complete,0,0,0,0,Current,0,None
L_0104,2023-11-23,2023-05-27,6,354,730700.0,707305.16,6.49,700-759,<60%,20-30%,NY,Refinance,Secondary,Single Family,Servicer C,Current,0,0,0,0,>50%,2026-08-27,System1,Missing,0,0,0,0,Current,0,None
L_0104,2023-12-23,2023-05-27,7,353,730700.0,718501.21,6.49,700-759,<60%,20-30%,NY,Refinance,Secondary,Single Family,Servicer C,Current,0,0,0,0,0-10%,2026-08-27,System1,Complete,1,0,0,0,Current,0,None
L_0104,2024-01-22,2023-05-27,8,352,730700.0,709812.34,6.49,700-759,<60%,20-30%,NY,Refinance,Secondary,Single Family,Servicer C,Current,0,0,0,0,10-25%,2026-08-27,System3,Complete,0,0,0,0,Current,0,None
L_0104,2024-02-21,2023-05-27,9,351,730700.0,725654.61,6.49,700-759,<60%,20-30%,NY,Refinance,Secondary,Single Family,Servicer C,Current,0,0,0,0,25-50%,2026-08-27,System3,Pending,0,0,0,0,Current,0,None
L_0104,2024-03-22,2023-05-27,10,350,730700.0,719895.58,6.49,700-759,<60%,20-30%,NY,Refinance,Secondary,Single Family,Servicer C,60 Days Delinquent,60,0,0,0,0-10%,2026-08-27,System2,Pending,0,0,0,0,Delinquent,0,None
L_0104,2024-04-21,2023-05-27,11,349,730700.0,714642.24,6.49,700-759,<60%,20-30%,NY,Refinance,Secondary,Single Family,Servicer C,Current,0,0,0,0,10-25%,2026-08-27,System1,Complete,0,0,0,0,Current,0,None
L_0105,2023-02-18,2023-02-18,0,360,237000.0,237466.48,7.87,640-699,>90%,>40%,NY,Purchase,Secondary,Condo,Servicer D,Current,0,0,0,0,25-50%,2026-08-27,System1,Complete,0,0,0,0,Current,0,None
L_0105,2023-03-20,2023-02-18,1,359,237000.0,234988.45,7.87,640-699,>90%,>40%,NY,Purchase,Secondary,Condo,Servicer D,Current,0,0,0,0,25-50%,2026-08-27,System1,Complete,0,0,0,0,Current,0,None
L_0105,2023-04-19,2023-02-18,2,358,237000.0,234946.13,7.87,640-699,>90%,>40%,NY,Purchase,Secondary,Condo,Servicer D,Current,0,0,0,0,10-25%,2026-08-27,System2,Complete,0,1,0,0,Current,0,None
L_0105,2023-05-19,2023-02-18,3,357,237000.0,233298.19,7.87,640-699,>90%,>40%,NY,Purchase,Secondary,Condo,Servicer D,Current,0,0,0,0,0-10%,2026-08-27,System3,Pending,0,0,0,0,Current,0,None
L_0105,2023-06-18,2023-02-18,4,356,237000.0,237192.98,7.87,640-699,>90%,>40%,NY,Purchase,Secondary,Condo,Servicer D,Current,0,0,0,0,25-50%,2026-08-27,System3,Complete,0,0,0,0,Current,0,None
L_0105,2023-07-18,2023-02-18,5,355,237000.0,233482.53,7.87,640-699,>90%,>40%,NY,Purchase,Secondary,Condo,Servicer D,Current,0,0,0,0,0-10%,2026-08-27,System3,Complete,1,0,0,0,Current,0,None
L_0105,2023-08-17,2023-02-18,6,354,237000.0,236244.35,7.87,640-699,>90%,>40%,NY,Purchase,Secondary,Condo,Servicer D,Current,0,0,0,0,0-10%,2026-08-27,System3,Pending,0,0,0,0,Current,0,None
L_0105,2023-09-16,2023-02-18,7,353,237000.0,231080.43,7.87,640-699,>90%,>40%,NY,Purchase,Secondary,Condo,Servicer D,Current,0,0,0,0,10-25%,2026-08-27,System2,Complete,0,0,0,0,Current,0,None
L_0105,2023-10-16,2023-02-18,8,352,237000.0,233983.93,7.87,640-699,>90%,>40%,NY,Purchase,Secondary,Condo,Servicer D,60 Days Delinquent,60,0,0,0,>50%,2026-08-27,System2,Complete,0,0,0,0,Delinquent,0,None
L_0105,2023-11-15,2023-02-18,9,351,237000.0,229631.31,7.87,640-699,>90%,>40%,NY,Purchase,Secondary,Condo,Servicer D,Current,0,0,0,0,0-10%,2026-08-27,System2,Pending,0,0,0,0,Current,0,None
L_0105,2023-12-15,2023-02-18,10,350,237000.0,230377.54,7.87,640-699,>90%,>40%,NY,Purchase,Secondary,Condo,Servicer D,Current,0,0,0,0,0-10%,2026-08-27,System1,Complete,0,0,0,0,Current,0,None
L_0105,2024-01-14,2023-02-18,11,349,237000.0,230421.52,7.87,640-699,>90%,>40%,NY,Purchase,Secondary,Condo,Servicer D,Current,0,0,0,0,10-25%,2026-08-27,System1,Complete,0,0,0,1,Current,0,None
L_0106,2023-03-04,2023-03-04,0,360,357800.0,356979.29,5.34,760+,60-80%,30-40%,GA,Refinance,Primary,Single Family,Servicer D,Current,0,0,0,0,0-10%,2026-08-27,System1,Complete,0,0,0,0,Current,0,None
L_0106,2023-04-03,2023-03-04,1,359,357800.0,357619.55,5.34,760+,60-80%,30-40%,GA,Refinance,Primary,Single Family,Servicer D,Current,0,0,0,0,0-10%,2026-08-27,System1,Complete,0,0,0,0,Current,0,None
L_0106,2023-05-03,2023-03-04,2,358,357800.0,356317.2,5.34,760+,60-80%,30-40%,GA,Refinance,Primary,Single Family,Servicer D,Current,0,0,0,0,25-50%,2026-08-27,System1,Pending,0,0,0,0,Current,0,None
L_0106,2023-06-02,2023-03-04,3,357,357800.0,353655.01,5.34,760+,60-80%,30-40%,GA,Refinance,Primary,Single Family,Servicer D,Current,0,0,0,0,0-10%,2026-08-27,System1,Complete,0,1,0,0,Current,0,None
L_0106,2023-07-02,2023-03-04,4,356,357800.0,353707.44,5.34,760+,60-80%,30-40%,GA,Refinance,Primary,Single Family,Servicer D,Current,0,0,0,0,10-25%,2026-08-27,System2,Complete,0,1,0,0,Current,0,None
L_0106,2023-08-01,2023-03-04,5,355,357800.0,353224.34,5.34,760+,60-80%,30-40%,GA,Refinance,Primary,Single Family,Servicer D,Current,0,0,0,0,0-10%,2026-08-27,System1,Complete,0,0,0,0,Current,0,None
L_0106,2023-08-31,2023-03-04,6,354,357800.0,351624.82,5.34,760+,60-80%,30-40%,GA,Refinance,Primary,Single Family,Servicer D,Current,0,0,0,0,25-50%,2026-08-27,System1,Complete,1,0,0,0,Current,0,None
L_0106,2023-09-30,2023-03-04,7,353,357800.0,355274.91,5.34,760+,60-80%,30-40%,GA,Refinance,Primary,Single Family,Servicer D,Current,0,0,0,0,25-50%,2026-08-27,System2,Complete,1,0,0,0,Current,0,None
L_0106,2023-10-30,2023-03-04,8,352,357800.0,352751.97,5.34,760+,60-80%,30-40%,GA,Refinance,Primary,Single Family,Servicer D,Current,0,1,0,0,0-10%,2026-08-27,System1,Complete,0,0,0,0,Current,0,None
L_0106,2023-11-29,2023-03-04,9,351,357800.0,354807.1,5.34,760+,60-80%,30-40%,GA,Refinance,Primary,Single Family,Servicer D,60 Days Delinquent,60,0,0,0,25-50%,2026-08-27,System1,Complete,0,0,0,0,Delinquent,0,None
L_0106,2023-12-29,2023-03-04,10,350,357800.0,351845.02,5.34,760+,60-80%,30-40%,GA,Refinance,Primary,Single Family,Servicer D,Charged Off,120,0,0,0,10-25%,2026-08-27,System1,Complete,0,0,0,0,Current,1,High DPD
L_0106,2024-01-28,2023-03-04,11,349,357800.0,350966.81,5.34,760+,60-80%,30-40%,GA,Refinance,Primary,Single Family,Servicer D,Prepaid,0,0,1,0,>50%,2026-08-27,System2,Complete,0,0,0,0,Current,0,None
L_0107,2023-04-20,2023-04-20,0,360,616700.0,623317.32,4.28,760+,80-90%,20-30%,NY,Refinance,Secondary,Townhouse,Servicer D,Current,0,0,0,0,10-25%,2026-08-27,System2,Complete,0,0,0,0,Current,0,None
L_0107,2023-05-20,2023-04-20,1,359,616700.0,616812.08,4.28,760+,80-90%,20-30%,NY,Refinance,Secondary,Townhouse,Servicer D,Current,0,0,0,0,10-25%,2026-08-27,System3,Complete,0,0,0,0,Current,0,None
L_0107,2023-06-19,2023-04-20,2,358,616700.0,614686.89,4.28,760+,80-90%,20-30%,NY,Refinance,Secondary,Townhouse,Servicer D,Current,0,0,0,0,>50%,2026-08-27,System2,Complete,0,1,0,0,Current,0,None
L_0107,2023-07-19,2023-04-20,3,357,616700.0,620316.48,4.28,760+,80-90%,20-30%,NY,Refinance,Secondary,Townhouse,Servicer D,Current,0,0,0,0,10-25%,2026-08-27,System3,Pending,0,0,0,0,Current,0,None
L_0107,2023-08-18,2023-04-20,4,356,616700.0,608406.41,4.28,760+,80-90%,20-30%,NY,Refinance,Secondary,Townhouse,Servicer D,Current,0,0,0,0,0-10%,2026-08-27,System2,Complete,0,0,0,0,Current,0,None
L_0107,2023-09-17,2023-04-20,5,355,616700.0,605432.54,4.28,760+,80-90%,20-30%,NY,Refinance,Secondary,Townhouse,Servicer D,Current,0,0,0,0,10-25%,2026-08-27,System1,Complete,1,0,0,0,Current,0,None
L_0107,2023-10-17,2023-04-20,6,354,616700.0,616930.46,4.28,760+,80-90%,20-30%,NY,Refinance,Secondary,Townhouse,Servicer D,Current,0,0,0,0,0-10%,2026-08-27,System3,Complete,0,0,0,0,Current,0,None
L_0107,2023-11-16,2023-04-20,7,353,616700.0,609828.41,4.28,760+,80-90%,20-30%,NY,Refinance,Secondary,Townhouse,Servicer D,30 Days Delinquent,30,0,0,0,0-10%,2026-08-27,System1,Complete,0,0,0,0,Delinquent,0,None
L_0107,2023-12-16,2023-04-20,8,352,616700.0,611577.15,4.28,760+,80-90%,20-30%,NY,Refinance,Secondary,Townhouse,Servicer D,90 Days Delinquent,90,0,0,0,>50%,2026-08-27,System1,Complete,0,0,0,0,Delinquent,0,None
L_0107,2024-01-15,2023-04-20,9,351,616700.0,609596.93,4.28,760+,80-90%,20-30%,NY,Refinance,Secondary,Townhouse,Servicer D,Current,0,0,0,0,>50%,2026-08-27,System2,Missing,0,0,0,0,Current,0,None
L_0107,2024-02-14,2023-04-20,10,350,616700.0,605783.25,4.28,760+,80-90%,20-30%,NY,Refinance,Secondary,Townhouse,Servicer D,Current,0,1,0,0,0-10%,2026-08-27,System3,Complete,0,0,0,0,Current,0,None
L_0107,2024-03-15,2023-04-20,11,349,616700.0,607578.41,4.28,760+,80-90%,20-30%,NY,Refinance,Secondary,Townhouse,Servicer D,Current,0,0,0,0,10-25%,2026-08-27,System3,Complete,0,0,0,0,Current,0,None
L_0108,2023-05-30,2023-05-30,0,360,221600.0,223058.44,6.87,760+,60-80%,20-30%,PA,Refinance,Secondary,Townhouse,Servicer A,Current,0,0,0,0,25-50%,2026-08-27,System1,Complete,0,0,0,0,Current,0,None
L_0108,2023-06-29,2023-05-30,1,359,221600.0,220282.6,6.87,760+,60-80%,20-30%,PA,Refinance,Secondary,Townhouse,Servicer A,Current,0,0,0,0,0-10%,2026-08-27,System2,Missing,0,0,0,0,Current,0,None
L_0108,2023-07-29,2023-05-30,2,358,221600.0,219277.51,6.87,760+,60-80%,20-30%,PA,Refinance,Secondary,Townhouse,Servicer A,Current,0,0,0,0,10-25%,2026-08-27,System1,Complete,0,0,0,0,Current,0,None
L_0108,2023-08-28,2023-05-30,3,357,221600.0,219550.89,6.87,760+,60-80%,20-30%,PA,Refinance,Secondary,Townhouse,Servicer A,Current,0,0,0,0,25-50%,2026-08-27,System1,Complete,0,0,0,0,Current,0,None
L_0108,2023-09-27,2023-05-30,4,356,221600.0,219495.36,6.87,760+,60-80%,20-30%,PA,Refinance,Secondary,Townhouse,Servicer A,Current,0,0,0,0,>50%,2026-08-27,System2,Complete,0,0,0,0,Current,0,None
L_0108,2023-10-27,2023-05-30,5,355,221600.0,217519.74,6.87,760+,60-80%,20-30%,PA,Refinance,Secondary,Townhouse,Servicer A,Current,0,0,0,0,10-25%,2026-08-27,System2,Complete,0,0,0,0,Current,0,None
L_0108,2023-11-26,2023-05-30,6,354,221600.0,221729.37,6.87,760+,60-80%,20-30%,PA,Refinance,Secondary,Townhouse,Servicer A,Current,0,0,0,0,0-10%,2026-08-27,System1,Complete,0,0,0,0,Current,0,None
L_0108,2023-12-26,2023-05-30,7,353,221600.0,216765.21,6.87,760+,60-80%,20-30%,PA,Refinance,Secondary,Townhouse,Servicer A,Current,0,1,0,0,10-25%,2026-08-27,System1,Complete,0,0,0,0,Current,0,None
L_0108,2024-01-25,2023-05-30,8,352,221600.0,218702.53,6.87,760+,60-80%,20-30%,PA,Refinance,Secondary,Townhouse,Servicer A,Current,0,0,0,0,>50%,2026-08-27,System3,Complete,0,0,0,0,Current,0,None
L_0108,2024-02-24,2023-05-30,9,351,221600.0,216599.69,6.87,760+,60-80%,20-30%,PA,Refinance,Secondary,Townhouse,Servicer A,Current,0,0,0,0,10-25%,2026-08-27,System3,Complete,0,0,0,0,Current,0,None
L_0108,2024-03-25,2023-05-30,10,350,221600.0,219710.3,6.87,760+,60-80%,20-30%,PA,Refinance,Secondary,Townhouse,Servicer A,Current,0,0,0,0,10-25%,2026-08-27,System3,Complete,0,0,0,0,Current,0,None
L_0108,2024-04-24,2023-05-30,11,349,221600.0,213137.52,6.87,760+,60-80%,20-30%,PA,Refinance,Secondary,Townhouse,Servicer A,Current,0,0,0,0,10-25%,2026-08-27,System2,Complete,0,0,0,0,Current,0,None
L_0109,2023-06-01,2023-06-01,0,360,107700.0,108189.48,3.99,700-759,80-90%,20-30%,IL,Purchase,Primary,Condo,Servicer A,Current,0,0,0,0,10-25%,2026-08-27,System1,Complete,0,0,0,0,Current,0,None
L_0109,2023-07-01,2023-06-01,1,359,107700.0,106657.2,3.99,700-759,80-90%,20-30%,IL,Purchase,Primary,Condo,Servicer A,Current,0,0,0,0,10-25%,2026-08-27,System2,Complete,0,0,0,0,Current,0,None
L_0109,2023-07-31,2023-06-01,2,358,107700.0,106706.74,3.99,700-759,80-90%,20-30%,IL,Purchase,Primary,Condo,Servicer A,Current,0,0,0,0,>50%,2026-08-27,System1,Pending,0,0,0,0,Current,0,None
L_0109,2023-08-30,2023-06-01,3,357,107700.0,109629.65,3.99,700-759,80-90%,20-30%,IL,Purchase,Primary,Condo,Servicer A,Current,0,0,0,0,0-10%,2026-08-27,System1,Pending,0,0,0,0,Current,0,None
L_0109,2023-09-29,2023-06-01,4,356,107700.0,107164.26,3.99,700-759,80-90%,20-30%,IL,Purchase,Primary,Condo,Servicer A,Current,0,0,0,0,10-25%,2026-08-27,System3,Complete,0,0,0,0,Current,0,None
L_0109,2023-10-29,2023-06-01,5,355,107700.0,106797.1,3.99,700-759,80-90%,20-30%,IL,Purchase,Primary,Condo,Servicer A,Current,0,0,0,0,>50%,2026-08-27,System2,Complete,0,0,0,0,Current,0,None
L_0109,2023-11-28,2023-06-01,6,354,107700.0,106727.62,3.99,700-759,80-90%,20-30%,IL,Purchase,Primary,Condo,Servicer A,Current,0,1,0,0,>50%,2026-08-27,System2,Pending,0,0,0,0,Current,0,None
L_0109,2023-12-28,2023-06-01,7,353,107700.0,107007.32,3.99,700-759,80-90%,20-30%,IL,Purchase,Primary,Condo,Servicer A,Current,0,0,0,0,0-10%,2026-08-27,System2,Pending,0,0,0,0,Current,0,None
L_0109,2024-01-27,2023-06-01,8,352,107700.0,106217.18,3.99,700-759,80-90%,20-30%,IL,Purchase,Primary,Condo,Servicer A,Current,0,0,0,0,10-25%,2026-08-27,System2,Complete,0,0,0,0,Current,0,None
L_0109,2024-02-26,2023-06-01,9,351,107700.0,105770.75,3.99,700-759,80-90%,20-30%,IL,Purchase,Primary,Condo,Servicer A,Current,0,0,0,0,25-50%,2026-08-27,System3,Pending,0,0,0,0,Current,0,None
L_0109,2024-03-27,2023-06-01,10,350,107700.0,106274.54,3.99,700-759,80-90%,20-30%,IL,Purchase,Primary,Condo,Servicer A,Current,0,0,0,0,10-25%,2026-08-27,System1,Complete,0,0,0,0,Current,0,None
L_0109,2024-04-26,2023-06-01,11,349,107700.0,102701.86,3.99,700-759,80-90%,20-30%,IL,Purchase,Primary,Condo,Servicer A,Current,0,0,0,0,25-50%,2026-08-27,System1,Complete,0,0,0,0,Current,0,None
L_0110,2023-04-19,2023-04-19,0,360,267300.0,270296.34,4.91,700-759,80-90%,30-40%,FL,Purchase,Primary,Condo,Servicer B,Current,0,0,0,0,10-25%,2026-08-27,System3,Pending,0,0,0,0,Current,0,None
L_0110,2023-05-19,2023-04-19,1,359,267300.0,268914.39,4.91,700-759,80-90%,30-40%,FL,Purchase,Primary,Condo,Servicer B,Current,0,0,0,0,>50%,2026-08-27,System2,Complete,0,0,0,0,Current,0,None
L_0110,2023-06-18,2023-04-19,2,358,267300.0,263939.76,4.91,700-759,80-90%,30-40%,FL,Purchase,Primary,Condo,Servicer B,Current,0,0,0,0,10-25%,2026-08-27,System3,Complete,0,0,0,0,Current,0,None
L_0110,2023-07-18,2023-04-19,3,357,267300.0,263959.4,4.91,700-759,80-90%,30-40%,FL,Purchase,Primary,Condo,Servicer B,30 Days Delinquent,30,0,0,0,0-10%,2026-08-27,System3,Complete,0,0,0,0,Delinquent,0,None
L_0110,2023-08-17,2023-04-19,4,356,267300.0,263950.23,4.91,700-759,80-90%,30-40%,FL,Purchase,Primary,Condo,Servicer B,Current,0,0,0,0,25-50%,2026-08-27,System3,Complete,0,0,0,0,Current,0,None
L_0110,2023-09-16,2023-04-19,5,355,267300.0,268474.07,4.91,700-759,80-90%,30-40%,FL,Purchase,Primary,Condo,Servicer B,Current,0,0,0,0,10-25%,2026-08-27,System1,Missing,0,0,0,0,Current,0,None
L_0110,2023-10-16,2023-04-19,6,354,267300.0,263871.69,4.91,700-759,80-90%,30-40%,FL,Purchase,Primary,Condo,Servicer B,Current,0,0,0,0,0-10%,2026-08-27,System2,Missing,0,0,0,0,Current,0,None
L_0110,2023-11-15,2023-04-19,7,353,267300.0,264782.09,4.91,700-759,80-90%,30-40%,FL,Purchase,Primary,Condo,Servicer B,Current,0,0,0,0,25-50%,2026-08-27,System2,Complete,0,0,0,0,Current,0,None
L_0110,2023-12-15,2023-04-19,8,352,267300.0,268195.65,4.91,700-759,80-90%,30-40%,FL,Purchase,Primary,Condo,Servicer B,Current,0,0,0,0,0-10%,2026-08-27,System3,Complete,0,0,0,0,Current,0,None
L_0110,2024-01-14,2023-04-19,9,351,267300.0,263714.21,4.91,700-759,80-90%,30-40%,FL,Purchase,Primary,Condo,Servicer B,Current,0,0,0,0,25-50%,2026-08-27,System1,Complete,0,0,0,0,Current,0,None
L_0110,2024-02-13,2023-04-19,10,350,267300.0,262804.72,4.91,700-759,80-90%,30-40%,FL,Purchase,Primary,Condo,Servicer B,Current,0,0,0,0,25-50%,2026-08-27,System2,Complete,0,0,0,0,Current,0,None
L_0110,2024-03-14,2023-04-19,11,349,267300.0,262937.12,4.91,700-759,80-90%,30-40%,FL,Purchase,Primary,Condo,Servicer B,Current,0,0,0,0,10-25%,2026-08-27,System1,Complete,0,0,0,0,Current,0,None
L_0111,2023-03-17,2023-03-17,0,360,170900.0,172384.17,2.93,700-759,60-80%,20-30%,MI,Purchase,Primary,Single Family,Servicer C,Current,0,0,0,0,10-25%,2026-08-27,System2,Complete,0,0,0,0,Current,0,None
L_0111,2023-04-16,2023-03-17,1,359,170900.0,173846.24,2.93,700-759,60-80%,20-30%,MI,Purchase,Primary,Single Family,Servicer C,Current,0,0,0,0,>50%,2026-08-27,System1,Complete,0,0,0,0,Current,0,None
L_0111,2023-05-16,2023-03-17,2,358,170900.0,172391.52,2.93,700-759,60-80%,20-30%,MI,Purchase,Primary,Single Family,Servicer C,Current,0,0,0,0,25-50%,2026-08-27,System3,Pending,0,0,0,0,Current,0,None
L_0111,2023-06-15,2023-03-17,3,357,170900.0,170843.71,2.93,700-759,60-80%,20-30%,MI,Purchase,Primary,Single Family,Servicer C,Current,0,0,0,0,10-25%,2026-08-27,System3,Complete,0,0,0,0,Current,0,None
L_0111,2023-07-15,2023-03-17,4,356,170900.0,169340.27,2.93,700-759,60-80%,20-30%,MI,Purchase,Primary,Single Family,Servicer C,Current,0,0,0,0,10-25%,2026-08-27,System2,Complete,0,0,0,0,Current,0,None
L_0111,2023-08-14,2023-03-17,5,355,170900.0,169096.5,2.93,700-759,60-80%,20-30%,MI,Purchase,Primary,Single Family,Servicer C,30 Days Delinquent,30,0,0,0,10-25%,2026-08-27,System3,Pending,0,0,0,0,Delinquent,0,None
L_0111,2023-09-13,2023-03-17,6,354,170900.0,169767.89,2.93,700-759,60-80%,20-30%,MI,Purchase,Primary,Single Family,Servicer C,Current,0,0,0,0,10-25%,2026-08-27,System2,Complete,0,0,0,0,Current,0,None
L_0111,2023-10-13,2023-03-17,7,353,170900.0,164196.51,2.93,700-759,60-80%,20-30%,MI,Purchase,Primary,Single Family,Servicer C,Current,0,0,0,0,10-25%,2026-08-27,System2,Complete,0,0,0,0,Current,0,None
L_0111,2023-11-12,2023-03-17,8,352,170900.0,168386.8,2.93,700-759,60-80%,20-30%,MI,Purchase,Primary,Single Family,Servicer C,Current,0,0,0,0,10-25%,2026-08-27,System3,Complete,0,0,0,0,Current,0,None
L_0111,2023-12-12,2023-03-17,9,351,170900.0,169711.68,2.93,700-759,60-80%,20-30%,MI,Purchase,Primary,Single Family,Servicer C,Current,0,0,0,0,0-10%,2026-08-27,System3,Pending,0,0,0,0,Current,0,None
L_0111,2024-01-11,2023-03-17,10,350,170900.0,167143.12,2.93,700-759,60-80%,20-30%,MI,Purchase,Primary,Single Family,Servicer C,Current,0,1,0,0,>50%,2026-08-27,System1,Pending,0,0,0,0,Current,0,None
L_0111,2024-02-10,2023-03-17,11,349,170900.0,166833.92,2.93,700-759,60-80%,20-30%,MI,Purchase,Primary,Single Family,Servicer C,Current,0,0,0,0,0-10%,2026-08-27,System3,Complete,0,0,0,0,Current,0,None
L_0112,2023-01-30,2023-01-30,0,360,747300.0,750878.91,2.64,760+,60-80%,30-40%,TX,Purchase,Secondary,Single Family,Servicer B,Current,0,0,0,0,10-25%,2026-08-27,System1,Complete,0,0,0,0,Current,0,None
L_0112,2023-03-01,2023-01-30,1,359,747300.0,742873.62,2.64,760+,60-80%,30-40%,TX,Purchase,Secondary,Single Family,Servicer B,Current,0,0,0,0,25-50%,2026-08-27,System3,Complete,0,0,0,0,Current,0,None
L_0112,2023-03-31,2023-01-30,2,358,747300.0,745985.93,2.64,760+,60-80%,30-40%,TX,Purchase,Secondary,Single Family,Servicer B,Current,0,0,0,0,10-25%,2026-08-27,System3,Complete,0,0,0,0,Current,0,None
L_0112,2023-04-30,2023-01-30,3,357,747300.0,743270.53,2.64,760+,60-80%,30-40%,TX,Purchase,Secondary,Single Family,Servicer B,30 Days Delinquent,30,0,0,0,25-50%,2026-08-27,System2,Complete,0,0,0,0,Delinquent,0,None
L_0112,2023-05-30,2023-01-30,4,356,747300.0,745158.71,2.64,760+,60-80%,30-40%,TX,Purchase,Secondary,Single Family,Servicer B,Current,0,0,0,0,0-10%,2026-08-27,System1,Missing,0,0,0,0,Current,0,None
L_0112,2023-06-29,2023-01-30,5,355,747300.0,733605.29,2.64,760+,60-80%,30-40%,TX,Purchase,Secondary,Single Family,Servicer B,Current,0,1,0,0,10-25%,2026-08-27,System1,Complete,0,0,0,0,Current,0,None
L_0112,2023-07-29,2023-01-30,6,354,747300.0,727932.61,2.64,760+,60-80%,30-40%,TX,Purchase,Secondary,Single Family,Servicer B,Current,0,0,0,0,10-25%,2026-08-27,System3,Complete,0,0,0,0,Current,0,None
L_0112,2023-08-28,2023-01-30,7,353,747300.0,750044.9,2.64,760+,60-80%,30-40%,TX,Purchase,Secondary,Single Family,Servicer B,Current,0,0,0,0,10-25%,2026-08-27,System1,Complete,0,0,0,0,Current,0,None
L_0112,2023-09-27,2023-01-30,8,352,747300.0,725236.28,2.64,760+,60-80%,30-40%,TX,Purchase,Secondary,Single Family,Servicer B,Current,0,0,0,0,10-25%,2026-08-27,System1,Complete,0,0,0,0,Current,0,None
L_0112,2023-10-27,2023-01-30,9,351,747300.0,727829.36,2.64,760+,60-80%,30-40%,TX,Purchase,Secondary,Single Family,Servicer B,Current,0,1,0,0,25-50%,2026-08-27,System1,Pending,0,0,0,0,Current,0,None
L_0112,2023-11-26,2023-01-30,10,350,747300.0,723848.08,2.64,760+,60-80%,30-40%,TX,Purchase,Secondary,Single Family,Servicer B,30 Days Delinquent,30,0,0,0,0-10%,2026-08-27,System1,Complete,0,1,0,0,Delinquent,0,None
L_0112,2023-12-26,2023-01-30,11,349,747300.0,736198.39,2.64,760+,60-80%,30-40%,TX,Purchase,Secondary,Single Family,Servicer B,Current,0,0,0,0,0-10%,2026-08-27,System3,Pending,0,0,0,0,Current,0,None
L_0113,2023-02-27,2023-02-27,0,360,656100.0,655081.07,7.79,760+,60-80%,20-30%,NC,Cash-out Refinance,Secondary,Single Family,Servicer C,Current,0,0,0,0,25-50%,2026-08-27,System3,Complete,0,0,0,0,Current,0,None
L_0113,2023-03-29,2023-02-27,1,359,656100.0,651540.81,7.79,760+,60-80%,20-30%,NC,Cash-out Refinance,Secondary,Single Family,Servicer C,Current,0,0,0,0,>50%,2026-08-27,System1,Complete,1,0,0,0,Current,0,None
L_0113,2023-04-28,2023-02-27,2,358,656100.0,654097.79,7.79,760+,60-80%,20-30%,NC,Cash-out Refinance,Secondary,Single Family,Servicer C,Current,0,0,0,0,0-10%,2026-08-27,System1,Complete,0,0,0,0,Current,0,None
L_0113,2023-05-28,2023-02-27,3,357,656100.0,648782.8,7.79,760+,60-80%,20-30%,NC,Cash-out Refinance,Secondary,Single Family,Servicer C,Current,0,0,0,0,10-25%,2026-08-27,System3,Complete,0,0,0,0,Current,0,None
L_0113,2023-06-27,2023-02-27,4,356,656100.0,656043.89,7.79,760+,60-80%,20-30%,NC,Cash-out Refinance,Secondary,Single Family,Servicer C,Charged Off,120,0,0,0,0-10%,2026-08-27,System2,Complete,0,0,0,0,Current,1,High DPD
L_0113,2023-07-27,2023-02-27,5,355,656100.0,657250.59,7.79,760+,60-80%,20-30%,NC,Cash-out Refinance,Secondary,Single Family,Servicer C,Current,0,0,0,0,>50%,2026-08-27,System3,Complete,0,0,0,0,Current,0,None
L_0113,2023-08-26,2023-02-27,6,354,656100.0,650940.96,7.79,760+,60-80%,20-30%,NC,Cash-out Refinance,Secondary,Single Family,Servicer C,30 Days Delinquent,30,0,0,0,0-10%,2026-08-27,System3,Complete,0,0,0,0,Delinquent,0,None
L_0113,2023-09-25,2023-02-27,7,353,656100.0,646824.21,7.79,760+,60-80%,20-30%,NC,Cash-out Refinance,Secondary,Single Family,Servicer C,Current,0,0,0,0,0-10%,2026-08-27,System1,Complete,0,0,0,0,Current,0,None
L_0113,2023-10-25,2023-02-27,8,352,656100.0,644426.37,7.79,760+,60-80%,20-30%,NC,Cash-out Refinance,Secondary,Single Family,Servicer C,30 Days Delinquent,30,0,0,0,0-10%,2026-08-27,System1,Complete,0,0,0,0,Delinquent,0,None
L_0113,2023-11-24,2023-02-27,9,351,656100.0,646102.02,7.79,760+,60-80%,20-30%,NC,Cash-out Refinance,Secondary,Single Family,Servicer C,Current,0,0,0,0,10-25%,2026-08-27,System1,Complete,0,1,0,0,Current,0,None
L_0113,2023-12-24,2023-02-27,10,350,656100.0,644457.24,7.79,760+,60-80%,20-30%,NC,Cash-out Refinance,Secondary,Single Family,Servicer C,Current,0,0,0,0,0-10%,2026-08-27,System3,Complete,0,0,0,0,Current,0,None
L_0113,2024-01-23,2023-02-27,11,349,656100.0,633028.08,7.79,760+,60-80%,20-30%,NC,Cash-out Refinance,Secondary,Single Family,Servicer C,Current,0,0,0,0,0-10%,2026-08-27,System2,Complete,0,0,0,0,Current,0,None
L_0114,2023-04-27,2023-04-27,0,360,525100.0,523776.24,7.1,<640,60-80%,30-40%,MI,Purchase,Secondary,Single Family,Servicer A,Current,0,0,0,0,0-10%,2026-08-27,System1,Complete,1,0,0,0,Current,0,None
L_0114,2023-05-27,2023-04-27,1,359,525100.0,523574.08,7.1,<640,60-80%,30-40%,MI,Purchase,Secondary,Single Family,Servicer A,Current,0,0,0,0,10-25%,2026-08-27,System3,Pending,0,0,0,0,Current,0,None
L_0114,2023-06-26,2023-04-27,2,358,525100.0,523951.97,7.1,<640,60-80%,30-40%,MI,Purchase,Secondary,Single Family,Servicer A,Current,0,0,0,0,0-10%,2026-08-27,System2,Pending,0,0,0,0,Current,0,None
L_0114,2023-07-26,2023-04-27,3,357,525100.0,516542.2,7.1,<640,60-80%,30-40%,MI,Purchase,Secondary,Single Family,Servicer A,90 Days Delinquent,90,0,0,0,>50%,2026-08-27,System2,Pending,0,0,0,0,Delinquent,0,None
L_0114,2023-08-25,2023-04-27,4,356,525100.0,511689.02,7.1,<640,60-80%,30-40%,MI,Purchase,Secondary,Single Family,Servicer A,Current,0,0,0,0,25-50%,2026-08-27,System3,Complete,0,0,0,0,Current,0,None
L_0114,2023-09-24,2023-04-27,5,355,525100.0,535407.1,7.1,<640,60-80%,30-40%,MI,Purchase,Secondary,Single Family,Servicer A,Current,0,0,0,0,25-50%,2026-08-27,System2,Complete,0,0,0,0,Current,0,None
L_0114,2023-10-24,2023-04-27,6,354,525100.0,520160.66,7.1,<640,60-80%,30-40%,MI,Purchase,Secondary,Single Family,Servicer A,30 Days Delinquent,30,0,0,0,>50%,2026-08-27,System1,Complete,0,0,0,0,Delinquent,0,None
L_0114,2023-11-23,2023-04-27,7,353,525100.0,513688.6,7.1,<640,60-80%,30-40%,MI,Purchase,Secondary,Single Family,Servicer A,Current,0,0,0,0,25-50%,2026-08-27,System1,Complete,0,0,0,0,Current,0,None
L_0114,2023-12-23,2023-04-27,8,352,525100.0,516736.38,7.1,<640,60-80%,30-40%,MI,Purchase,Secondary,Single Family,Servicer A,Current,0,0,0,0,0-10%,2026-08-27,System1,Complete,0,0,0,0,Current,0,None
L_0114,2024-01-22,2023-04-27,9,351,525100.0,520396.37,7.1,<640,60-80%,30-40%,MI,Purchase,Secondary,Single Family,Servicer A,Current,0,0,0,0,25-50%,2026-08-27,System2,Pending,0,0,0,0,Current,0,None
L_0114,2024-02-21,2023-04-27,10,350,525100.0,514233.47,7.1,<640,60-80%,30-40%,MI,Purchase,Secondary,Single Family,Servicer A,Current,0,0,0,0,>50%,2026-08-27,System1,Complete,0,0,0,0,Current,0,None
L_0114,2024-03-22,2023-04-27,11,349,525100.0,514015.77,7.1,<640,60-80%,30-40%,MI,Purchase,Secondary,Single Family,Servicer A,Current,0,0,0,0,25-50%,2026-08-27,System3,Complete,0,0,0,0,Current,0,None
L_0115,2023-06-08,2023-06-08,0,360,703600.0,703877.64,6.33,<640,>90%,20-30%,NC,Purchase,Primary,Single Family,Servicer D,Current,0,0,0,0,10-25%,2026-08-27,System1,Missing,0,0,0,0,Current,0,None
L_0115,2023-07-08,2023-06-08,1,359,703600.0,717697.21,6.33,<640,>90%,20-30%,NC,Purchase,Primary,Single Family,Servicer D,Current,0,0,0,0,25-50%,2026-08-27,System3,Complete,0,0,0,0,Current,0,None
L_0115,2023-08-07,2023-06-08,2,358,703600.0,705076.3,6.33,<640,>90%,20-30%,NC,Purchase,Primary,Single Family,Servicer D,Current,0,0,0,0,25-50%,2026-08-27,System3,Pending,0,0,0,0,Current,0,None
L_0115,2023-09-06,2023-06-08,3,357,703600.0,688472.04,6.33,<640,>90%,20-30%,NC,Purchase,Primary,Single Family,Servicer D,Current,0,0,0,0,>50%,2026-08-27,System1,Complete,0,0,0,0,Current,0,None
L_0115,2023-10-06,2023-06-08,4,356,703600.0,694435.03,6.33,<640,>90%,20-30%,NC,Purchase,Primary,Single Family,Servicer D,Current,0,0,0,0,10-25%,2026-08-27,System3,Complete,0,0,0,0,Current,0,None
L_0115,2023-11-05,2023-06-08,5,355,703600.0,698234.87,6.33,<640,>90%,20-30%,NC,Purchase,Primary,Single Family,Servicer D,Current,0,0,0,0,0-10%,2026-08-27,System2,Pending,0,0,0,0,Current,0,None
L_0115,2023-12-05,2023-06-08,6,354,703600.0,701559.37,6.33,<640,>90%,20-30%,NC,Purchase,Primary,Single Family,Servicer D,Current,0,0,0,0,0-10%,2026-08-27,System1,Missing,0,0,0,0,Current,0,None
L_0115,2024-01-04,2023-06-08,7,353,703600.0,690421.55,6.33,<640,>90%,20-30%,NC,Purchase,Primary,Single Family,Servicer D,Current,0,0,0,0,25-50%,2026-08-27,System3,Complete,0,0,0,1,Current,0,None
L_0115,2024-02-03,2023-06-08,8,352,703600.0,678186.57,6.33,<640,>90%,20-30%,NC,Purchase,Primary,Single Family,Servicer D,Current,0,0,0,0,>50%,2026-08-27,System2,Complete,0,0,0,0,Current,0,None
L_0115,2024-03-04,2023-06-08,9,351,703600.0,686934.79,6.33,<640,>90%,20-30%,NC,Purchase,Primary,Single Family,Servicer D,Current,0,0,0,0,>50%,2026-08-27,System2,Complete,0,0,0,0,Current,0,None
L_0115,2024-04-03,2023-06-08,10,350,703600.0,693909.13,6.33,<640,>90%,20-30%,NC,Purchase,Primary,Single Family,Servicer D,Current,0,0,0,0,0-10%,2026-08-27,System2,Complete,0,0,0,0,Current,0,None
L_0115,2024-05-03,2023-06-08,11,349,703600.0,685639.83,6.33,<640,>90%,20-30%,NC,Purchase,Primary,Single Family,Servicer D,Current,0,0,0,0,>50%,2026-08-27,System3,Complete,0,0,0,0,Current,0,None
L_0116,2023-04-10,2023-04-10,0,360,652800.0,654976.11,4.75,640-699,80-90%,20-30%,CA,Refinance,Secondary,Single Family,Servicer B,Current,0,0,0,0,0-10%,2026-08-27,System3,Complete,0,0,0,0,Current,0,None
L_0116,2023-05-10,2023-04-10,1,359,652800.0,652457.3,4.75,640-699,80-90%,20-30%,CA,Refinance,Secondary,Single Family,Servicer B,Current,0,0,0,0,10-25%,2026-08-27,System2,Pending,0,0,0,0,Current,0,None
L_0116,2023-06-09,2023-04-10,2,358,652800.0,648087.6,4.75,640-699,80-90%,20-30%,CA,Refinance,Secondary,Single Family,Servicer B,Current,0,0,0,0,25-50%,2026-08-27,System3,Pending,0,0,0,0,Current,0,None
L_0116,2023-07-09,2023-04-10,3,357,652800.0,650627.48,4.75,640-699,80-90%,20-30%,CA,Refinance,Secondary,Single Family,Servicer B,Current,0,0,0,0,10-25%,2026-08-27,System1,Complete,0,0,0,0,Current,0,None
L_0116,2023-08-08,2023-04-10,4,356,652800.0,654284.77,4.75,640-699,80-90%,20-30%,CA,Refinance,Secondary,Single Family,Servicer B,Current,0,0,0,0,0-10%,2026-08-27,System3,Complete,0,0,0,0,Current,0,None
L_0116,2023-09-07,2023-04-10,5,355,652800.0,651107.38,4.75,640-699,80-90%,20-30%,CA,Refinance,Secondary,Single Family,Servicer B,Current,0,0,0,0,10-25%,2026-08-27,System2,Complete,0,0,0,0,Current,0,None
L_0116,2023-10-07,2023-04-10,6,354,652800.0,646972.34,4.75,640-699,80-90%,20-30%,CA,Refinance,Secondary,Single Family,Servicer B,Current,0,0,0,0,10-25%,2026-08-27,System3,Complete,0,0,0,0,Current,0,None
L_0116,2023-11-06,2023-04-10,7,353,652800.0,637195.17,4.75,640-699,80-90%,20-30%,CA,Refinance,Secondary,Single Family,Servicer B,Prepaid,0,0,1,0,10-25%,2026-08-27,System1,Complete,0,0,0,0,Current,0,None
L_0116,2023-12-06,2023-04-10,8,352,652800.0,647536.93,4.75,640-699,80-90%,20-30%,CA,Refinance,Secondary,Single Family,Servicer B,Current,0,0,0,0,10-25%,2026-08-27,System3,Complete,0,0,0,0,Current,0,None
L_0116,2024-01-05,2023-04-10,9,351,652800.0,622182.6,4.75,640-699,80-90%,20-30%,CA,Refinance,Secondary,Single Family,Servicer B,Current,0,0,0,0,10-25%,2026-08-27,System2,Complete,0,0,0,0,Current,0,None
L_0116,2024-02-04,2023-04-10,10,350,652800.0,641702.46,4.75,640-699,80-90%,20-30%,CA,Refinance,Secondary,Single Family,Servicer B,Current,0,0,0,0,10-25%,2026-08-27,System2,Pending,0,0,0,0,Current,0,None
L_0116,2024-03-05,2023-04-10,11,349,652800.0,650210.73,4.75,640-699,80-90%,20-30%,CA,Refinance,Secondary,Single Family,Servicer B,Current,0,0,0,0,0-10%,2026-08-27,System2,Pending,0,0,0,0,Current,0,None
L_0117,2023-01-19,2023-01-19,0,360,189900.0,186860.63,3.45,760+,>90%,>40%,MI,Refinance,Primary,Multi-family,Servicer D,Current,0,0,0,0,25-50%,2026-08-27,System1,Complete,0,0,0,0,Current,0,None
L_0117,2023-02-18,2023-01-19,1,359,189900.0,187956.94,3.45,760+,>90%,>40%,MI,Refinance,Primary,Multi-family,Servicer D,Current,0,0,0,0,0-10%,2026-08-27,System1,Complete,0,0,0,0,Current,0,None
L_0117,2023-03-20,2023-01-19,2,358,189900.0,189959.73,3.45,760+,>90%,>40%,MI,Refinance,Primary,Multi-family,Servicer D,Current,0,0,0,0,0-10%,2026-08-27,System1,Complete,0,0,0,0,Current,0,None
L_0117,2023-04-19,2023-01-19,3,357,189900.0,189563.74,3.45,760+,>90%,>40%,MI,Refinance,Primary,Multi-family,Servicer D,30 Days Delinquent,30,0,0,0,10-25%,2026-08-27,System3,Complete,0,0,0,0,Delinquent,0,None
L_0117,2023-05-19,2023-01-19,4,356,189900.0,185589.9,3.45,760+,>90%,>40%,MI,Refinance,Primary,Multi-family,Servicer D,Current,0,0,0,0,10-25%,2026-08-27,System3,Complete,0,0,0,0,Current,0,None
L_0117,2023-06-18,2023-01-19,5,355,189900.0,187948.81,3.45,760+,>90%,>40%,MI,Refinance,Primary,Multi-family,Servicer D,Current,0,0,0,0,10-25%,2026-08-27,System3,Complete,0,0,0,0,Current,0,None
L_0117,2023-07-18,2023-01-19,6,354,189900.0,187715.52,3.45,760+,>90%,>40%,MI,Refinance,Primary,Multi-family,Servicer D,Current,0,1,0,0,0-10%,2026-08-27,System3,Complete,0,0,0,0,Current,0,None
L_0117,2023-08-17,2023-01-19,7,353,189900.0,186595.8,3.45,760+,>90%,>40%,MI,Refinance,Primary,Multi-family,Servicer D,Current,0,0,0,0,10-25%,2026-08-27,System2,Complete,0,0,0,0,Current,0,None
L_0117,2023-09-16,2023-01-19,8,352,189900.0,188788.85,3.45,760+,>90%,>40%,MI,Refinance,Primary,Multi-family,Servicer D,Current,0,0,0,0,>50%,2026-08-27,System2,Pending,0,0,0,0,Current,0,None
L_0117,2023-10-16,2023-01-19,9,351,189900.0,187205.7,3.45,760+,>90%,>40%,MI,Refinance,Primary,Multi-family,Servicer D,Current,0,0,0,0,>50%,2026-08-27,System2,Complete,0,0,0,0,Current,0,None
L_0117,2023-11-15,2023-01-19,10,350,189900.0,182398.67,3.45,760+,>90%,>40%,MI,Refinance,Primary,Multi-family,Servicer D,Current,0,0,0,0,0-10%,2026-08-27,System2,Complete,0,0,0,0,Current,0,None
L_0117,2023-12-15,2023-01-19,11,349,189900.0,186339.5,3.45,760+,>90%,>40%,MI,Refinance,Primary,Multi-family,Servicer D,Current,0,0,0,0,0-10%,2026-08-27,System2,Complete,0,0,0,0,Current,0,None
L_0118,2023-06-25,2023-06-25,0,360,719400.0,713730.97,3.36,760+,<60%,30-40%,FL,Purchase,Primary,Single Family,Servicer B,Current,0,0,0,0,10-25%,2026-08-27,System1,Complete,0,0,0,0,Current,0,None
L_0118,2023-07-25,2023-06-25,1,359,719400.0,719477.1,3.36,760+,<60%,30-40%,FL,Purchase,Primary,Single Family,Servicer B,Current,0,0,0,0,>50%,2026-08-27,System1,Pending,0,0,0,0,Current,0,None
L_0118,2023-08-24,2023-06-25,2,358,719400.0,707038.15,3.36,760+,<60%,30-40%,FL,Purchase,Primary,Single Family,Servicer B,Current,0,0,0,0,25-50%,2026-08-27,System2,Complete,0,0,0,0,Current,0,None
L_0118,2023-09-23,2023-06-25,3,357,719400.0,711966.54,3.36,760+,<60%,30-40%,FL,Purchase,Primary,Single Family,Servicer B,Current,0,0,0,0,25-50%,2026-08-27,System3,Complete,0,0,0,0,Current,0,None
L_0118,2023-10-23,2023-06-25,4,356,719400.0,710889.97,3.36,760+,<60%,30-40%,FL,Purchase,Primary,Single Family,Servicer B,Current,0,0,0,0,10-25%,2026-08-27,System2,Complete,0,0,0,0,Current,0,None
L_0118,2023-11-22,2023-06-25,5,355,719400.0,705683.94,3.36,760+,<60%,30-40%,FL,Purchase,Primary,Single Family,Servicer B,Current,0,0,0,0,25-50%,2026-08-27,System3,Complete,0,0,0,0,Current,0,None
L_0118,2023-12-22,2023-06-25,6,354,719400.0,718477.21,3.36,760+,<60%,30-40%,FL,Purchase,Primary,Single Family,Servicer B,Current,0,0,0,0,10-25%,2026-08-27,System3,Complete,0,0,0,0,Current,0,None
L_0118,2024-01-21,2023-06-25,7,353,719400.0,702270.03,3.36,760+,<60%,30-40%,FL,Purchase,Primary,Single Family,Servicer B,Current,0,0,0,0,>50%,2026-08-27,System1,Pending,0,0,0,0,Current,0,None
L_0118,2024-02-20,2023-06-25,8,352,719400.0,714623.05,3.36,760+,<60%,30-40%,FL,Purchase,Primary,Single Family,Servicer B,Current,0,0,0,0,0-10%,2026-08-27,System2,Complete,0,0,0,0,Current,0,None
L_0118,2024-03-21,2023-06-25,9,351,719400.0,711968.02,3.36,760+,<60%,30-40%,FL,Purchase,Primary,Single Family,Servicer B,Current,0,0,0,0,>50%,2026-08-27,System1,Complete,0,0,0,0,Current,0,None
L_0118,2024-04-20,2023-06-25,10,350,719400.0,695052.74,3.36,760+,<60%,30-40%,FL,Purchase,Primary,Single Family,Servicer B,30 Days Delinquent,30,0,0,0,0-10%,2026-08-27,System3,Complete,0,0,0,0,Delinquent,0,None
L_0118,2024-05-20,2023-06-25,11,349,719400.0,696028.16,3.36,760+,<60%,30-40%,FL,Purchase,Primary,Single Family,Servicer B,Current,0,0,0,0,0-10%,2026-08-27,System1,Complete,0,0,0,0,Current,0,None
L_0119,2023-06-22,2023-06-22,0,360,454500.0,451724.35,3.88,640-699,80-90%,<20%,GA,Purchase,Primary,Condo,Servicer A,Current,0,0,0,0,25-50%,2026-08-27,System2,Complete,0,0,0,0,Current,0,None
L_0119,2023-07-22,2023-06-22,1,359,454500.0,461191.1,3.88,640-699,80-90%,<20%,GA,Purchase,Primary,Condo,Servicer A,Current,0,0,0,0,25-50%,2026-08-27,System3,Complete,0,0,0,0,Current,0,None
L_0119,2023-08-21,2023-06-22,2,358,454500.0,456617.16,3.88,640-699,80-90%,<20%,GA,Purchase,Primary,Condo,Servicer A,Current,0,0,0,0,0-10%,2026-08-27,System3,Complete,0,0,0,0,Current,0,None
L_0119,2023-09-20,2023-06-22,3,357,454500.0,447571.81,3.88,640-699,80-90%,<20%,GA,Purchase,Primary,Condo,Servicer A,Current,0,0,0,0,>50%,2026-08-27,System3,Missing,0,1,0,0,Current,0,None
L_0119,2023-10-20,2023-06-22,4,356,454500.0,449968.09,3.88,640-699,80-90%,<20%,GA,Purchase,Primary,Condo,Servicer A,Current,0,0,0,0,0-10%,2026-08-27,System1,Complete,0,1,0,0,Current,0,None
L_0119,2023-11-19,2023-06-22,5,355,454500.0,450135.24,3.88,640-699,80-90%,<20%,GA,Purchase,Primary,Condo,Servicer A,Current,0,0,0,0,0-10%,2026-08-27,System2,Complete,0,0,0,0,Current,0,None
L_0119,2023-12-19,2023-06-22,6,354,454500.0,447555.5,3.88,640-699,80-90%,<20%,GA,Purchase,Primary,Condo,Servicer A,Current,0,0,0,0,0-10%,2026-08-27,System3,Complete,1,0,0,0,Current,0,None
L_0119,2024-01-18,2023-06-22,7,353,454500.0,446128.98,3.88,640-699,80-90%,<20%,GA,Purchase,Primary,Condo,Servicer A,Current,0,0,0,0,0-10%,2026-08-27,System3,Complete,1,0,0,0,Current,0,None
L_0119,2024-02-17,2023-06-22,8,352,454500.0,452044.49,3.88,640-699,80-90%,<20%,GA,Purchase,Primary,Condo,Servicer A,Current,0,0,0,0,25-50%,2026-08-27,System3,Complete,0,0,0,0,Current,0,None
L_0119,2024-03-18,2023-06-22,9,351,454500.0,444425.05,3.88,640-699,80-90%,<20%,GA,Purchase,Primary,Condo,Servicer A,60 Days Delinquent,60,0,0,0,0-10%,2026-08-27,System2,Missing,0,0,0,0,Delinquent,0,None
L_0119,2024-04-17,2023-06-22,10,350,454500.0,437098.81,3.88,640-699,80-90%,<20%,GA,Purchase,Primary,Condo,Servicer A,60 Days Delinquent,60,0,0,0,>50%,2026-08-27,System2,Complete,0,0,0,0,Delinquent,0,None
L_0119,2024-05-17,2023-06-22,11,349,454500.0,449350.57,3.88,640-699,80-90%,<20%,GA,Purchase,Primary,Condo,Servicer A,Current,0,0,0,0,0-10%,2026-08-27,System3,Complete,0,0,0,0,Current,0,None
L_0120,2023-04-04,2023-04-04,0,360,655600.0,658459.42,5.52,700-759,>90%,>40%,PA,Purchase,Primary,Single Family,Servicer A,Current,0,0,0,0,25-50%,2026-08-27,System1,Pending,0,0,0,0,Current,0,None
L_0120,2023-05-04,2023-04-04,1,359,655600.0,658208.25,5.52,700-759,>90%,>40%,PA,Purchase,Primary,Single Family,Servicer A,Current,0,0,0,0,10-25%,2026-08-27,System3,Complete,0,0,0,0,Current,0,None
L_0120,2023-06-03,2023-04-04,2,358,655600.0,636774.95,5.52,700-759,>90%,>40%,PA,Purchase,Primary,Single Family,Servicer A,Current,0,0,0,0,25-50%,2026-08-27,System1,Complete,0,0,0,0,Current,0,None
L_0120,2023-07-03,2023-04-04,3,357,655600.0,650458.58,5.52,700-759,>90%,>40%,PA,Purchase,Primary,Single Family,Servicer A,Current,0,0,0,0,10-25%,2026-08-27,System3,Complete,0,0,0,0,Current,0,None
L_0120,2023-08-02,2023-04-04,4,356,655600.0,647892.52,5.52,700-759,>90%,>40%,PA,Purchase,Primary,Single Family,Servicer A,Current,0,0,0,0,0-10%,2026-08-27,System2,Complete,0,0,0,0,Current,0,None
L_0120,2023-09-01,2023-04-04,5,355,655600.0,651551.48,5.52,700-759,>90%,>40%,PA,Purchase,Primary,Single Family,Servicer A,Current,0,0,0,0,0-10%,2026-08-27,System2,Complete,0,0,0,0,Current,0,None
L_0120,2023-10-01,2023-04-04,6,354,655600.0,647658.1,5.52,700-759,>90%,>40%,PA,Purchase,Primary,Single Family,Servicer A,Current,0,0,0,0,>50%,2026-08-27,System1,Complete,0,0,0,0,Current,0,None
L_0120,2023-10-31,2023-04-04,7,353,655600.0,634600.08,5.52,700-759,>90%,>40%,PA,Purchase,Primary,Single Family,Servicer A,Current,0,0,0,0,10-25%,2026-08-27,System1,Pending,0,0,0,0,Current,0,None
L_0120,2023-11-30,2023-04-04,8,352,655600.0,655192.54,5.52,700-759,>90%,>40%,PA,Purchase,Primary,Single Family,Servicer A,Current,0,0,0,0,25-50%,2026-08-27,System1,Complete,0,0,0,0,Current,0,None
L_0120,2023-12-30,2023-04-04,9,351,655600.0,643641.06,5.52,700-759,>90%,>40%,PA,Purchase,Primary,Single Family,Servicer A,Current,0,0,0,0,10-25%,2026-08-27,System3,Complete,0,0,0,0,Current,0,None
L_0120,2024-01-29,2023-04-04,10,350,655600.0,651499.69,5.52,700-759,>90%,>40%,PA,Purchase,Primary,Single Family,Servicer A,Current,0,0,0,0,>50%,2026-08-27,System1,Complete,0,0,0,0,Current,0,None
L_0120,2024-02-28,2023-04-04,11,349,655600.0,633781.02,5.52,700-759,>90%,>40%,PA,Purchase,Primary,Single Family,Servicer A,Current,0,0,0,0,0-10%,2026-08-27,System1,Complete,0,0,0,0,Current,0,None
L_0121,2023-04-23,2023-04-23,0,360,722100.0,729245.53,6.43,640-699,<60%,20-30%,IL,Purchase,Primary,Townhouse,Servicer A,Current,0,0,0,0,10-25%,2026-08-27,System3,Pending,0,0,0,0,Current,0,None
L_0121,2023-05-23,2023-04-23,1,359,722100.0,730467.04,6.43,640-699,<60%,20-30%,IL,Purchase,Primary,Townhouse,Servicer A,Current,0,0,0,0,>50%,2026-08-27,System2,Complete,0,0,0,0,Current,0,None
L_0121,2023-06-22,2023-04-23,2,358,722100.0,715518.74,6.43,640-699,<60%,20-30%,IL,Purchase,Primary,Townhouse,Servicer A,Current,0,0,0,0,10-25%,2026-08-27,System1,Complete,0,0,0,0,Current,0,None
L_0121,2023-07-22,2023-04-23,3,357,722100.0,711583.16,6.43,640-699,<60%,20-30%,IL,Purchase,Primary,Townhouse,Servicer A,Current,0,0,0,0,0-10%,2026-08-27,System1,Complete,0,0,0,0,Current,0,None
L_0121,2023-08-21,2023-04-23,4,356,722100.0,723059.98,6.43,640-699,<60%,20-30%,IL,Purchase,Primary,Townhouse,Servicer A,Current,0,0,0,0,0-10%,2026-08-27,System2,Complete,0,0,0,0,Current,0,None
L_0121,2023-09-20,2023-04-23,5,355,722100.0,716213.2,6.43,640-699,<60%,20-30%,IL,Purchase,Primary,Townhouse,Servicer A,Current,0,0,0,0,0-10%,2026-08-27,System2,Complete,0,0,0,0,Current,0,None
L_0121,2023-10-20,2023-04-23,6,354,722100.0,714014.66,6.43,640-699,<60%,20-30%,IL,Purchase,Primary,Townhouse,Servicer A,Current,0,0,0,0,10-25%,2026-08-27,System1,Complete,0,0,0,0,Current,0,None
L_0121,2023-11-19,2023-04-23,7,353,722100.0,720383.85,6.43,640-699,<60%,20-30%,IL,Purchase,Primary,Townhouse,Servicer A,Current,0,0,0,0,10-25%,2026-08-27,System3,Complete,0,0,0,0,Current,0,None
L_0121,2023-12-19,2023-04-23,8,352,722100.0,709879.17,6.43,640-699,<60%,20-30%,IL,Purchase,Primary,Townhouse,Servicer A,30 Days Delinquent,30,0,0,0,>50%,2026-08-27,System3,Complete,0,0,0,0,Delinquent,0,None
L_0121,2024-01-18,2023-04-23,9,351,722100.0,717349.07,6.43,640-699,<60%,20-30%,IL,Purchase,Primary,Townhouse,Servicer A,Current,0,0,0,0,10-25%,2026-08-27,System2,Complete,0,0,0,0,Current,0,None
L_0121,2024-02-17,2023-04-23,10,350,722100.0,702936.47,6.43,640-699,<60%,20-30%,IL,Purchase,Primary,Townhouse,Servicer A,Current,0,0,0,0,25-50%,2026-08-27,System2,Pending,0,0,0,0,Current,0,None
L_0121,2024-03-18,2023-04-23,11,349,722100.0,712518.77,6.43,640-699,<60%,20-30%,IL,Purchase,Primary,Townhouse,Servicer A,Current,0,0,0,0,0-10%,2026-08-27,System1,Complete,0,0,0,0,Current,0,None
L_0122,2023-05-26,2023-05-26,0,360,288500.0,290153.87,6.13,760+,<60%,>40%,IL,Purchase,Primary,Townhouse,Servicer B,Current,0,0,0,0,25-50%,2026-08-27,System2,Complete,0,0,0,0,Current,0,None
L_0122,2023-06-25,2023-05-26,1,359,288500.0,284583.07,6.13,760+,<60%,>40%,IL,Purchase,Primary,Townhouse,Servicer B,Current,0,0,0,0,25-50%,2026-08-27,System1,Missing,0,0,0,0,Current,0,None
L_0122,2023-07-25,2023-05-26,2,358,288500.0,289823.73,6.13,760+,<60%,>40%,IL,Purchase,Primary,Townhouse,Servicer B,Current,0,0,0,0,0-10%,2026-08-27,System1,Complete,0,0,0,0,Current,0,None
L_0122,2023-08-24,2023-05-26,3,357,288500.0,289290.78,6.13,760+,<60%,>40%,IL,Purchase,Primary,Townhouse,Servicer B,Current,0,0,0,0,>50%,2026-08-27,System3,Complete,0,0,0,0,Current,0,None
L_0122,2023-09-23,2023-05-26,4,356,288500.0,280123.76,6.13,760+,<60%,>40%,IL,Purchase,Primary,Townhouse,Servicer B,Current,0,0,0,0,10-25%,2026-08-27,System3,Complete,0,0,0,0,Current,0,None
L_0122,2023-10-23,2023-05-26,5,355,288500.0,289180.55,6.13,760+,<60%,>40%,IL,Purchase,Primary,Townhouse,Servicer B,Current,0,0,0,0,0-10%,2026-08-27,System1,Complete,0,0,0,0,Current,0,None
L_0122,2023-11-22,2023-05-26,6,354,288500.0,287492.42,6.13,760+,<60%,>40%,IL,Purchase,Primary,Townhouse,Servicer B,Current,0,0,0,0,10-25%,2026-08-27,System2,Complete,0,0,0,0,Current,0,None
L_0122,2023-12-22,2023-05-26,7,353,288500.0,285823.45,6.13,760+,<60%,>40%,IL,Purchase,Primary,Townhouse,Servicer B,Current,0,0,0,0,10-25%,2026-08-27,System3,Complete,0,0,0,0,Current,0,None
L_0122,2024-01-21,2023-05-26,8,352,288500.0,278452.42,6.13,760+,<60%,>40%,IL,Purchase,Primary,Townhouse,Servicer B,Current,0,0,0,0,0-10%,2026-08-27,System3,Complete,0,0,0,1,Current,0,None
L_0122,2024-02-20,2023-05-26,9,351,288500.0,283164.93,6.13,760+,<60%,>40%,IL,Purchase,Primary,Townhouse,Servicer B,Current,0,0,0,0,>50%,2026-08-27,System2,Complete,0,0,0,0,Current,0,None
L_0122,2024-03-21,2023-05-26,10,350,288500.0,283370.45,6.13,760+,<60%,>40%,IL,Purchase,Primary,Townhouse,Servicer B,Current,0,0,0,0,0-10%,2026-08-27,System1,Complete,0,0,0,0,Current,0,None
L_0122,2024-04-20,2023-05-26,11,349,288500.0,280282.62,6.13,760+,<60%,>40%,IL,Purchase,Primary,Townhouse,Servicer B,Current,0,0,0,0,0-10%,2026-08-27,System1,Complete,0,0,0,0,Current,0,None
L_0123,2023-03-04,2023-03-04,0,360,132500.0,133422.28,4.04,760+,80-90%,30-40%,PA,Purchase,Primary,Single Family,Servicer C,Current,0,0,0,0,10-25%,2026-08-27,System1,Complete,0,0,0,0,Current,0,None
L_0123,2023-04-03,2023-03-04,1,359,132500.0,130023.89,4.04,760+,80-90%,30-40%,PA,Purchase,Primary,Single Family,Servicer C,Current,0,0,0,0,>50%,2026-08-27,System2,Complete,0,0,0,0,Current,0,None
L_0123,2023-05-03,2023-03-04,2,358,132500.0,132118.05,4.04,760+,80-90%,30-40%,PA,Purchase,Primary,Single Family,Servicer C,Current,0,0,0,0,>50%,2026-08-27,System2,Complete,0,1,0,0,Current,0,None
L_0123,2023-06-02,2023-03-04,3,357,132500.0,131649.12,4.04,760+,80-90%,30-40%,PA,Purchase,Primary,Single Family,Servicer C,Current,0,0,0,0,>50%,2026-08-27,System3,Missing,0,0,0,0,Current,0,None
L_0123,2023-07-02,2023-03-04,4,356,132500.0,129756.53,4.04,760+,80-90%,30-40%,PA,Purchase,Primary,Single Family,Servicer C,Current,0,0,0,0,0-10%,2026-08-27,System1,Pending,0,0,0,0,Current,0,None
L_0123,2023-08-01,2023-03-04,5,355,132500.0,130123.02,4.04,760+,80-90%,30-40%,PA,Purchase,Primary,Single Family,Servicer C,30 Days Delinquent,30,0,0,0,25-50%,2026-08-27,System2,Pending,1,0,0,0,Delinquent,0,None
L_0123,2023-08-31,2023-03-04,6,354,132500.0,129510.04,4.04,760+,80-90%,30-40%,PA,Purchase,Primary,Single Family,Servicer C,Current,0,0,0,0,>50%,2026-08-27,System2,Complete,0,0,0,0,Current,0,None
L_0123,2023-09-30,2023-03-04,7,353,132500.0,132782.94,4.04,760+,80-90%,30-40%,PA,Purchase,Primary,Single Family,Servicer C,Current,0,0,0,0,0-10%,2026-08-27,System3,Complete,0,0,0,0,Current,0,None
L_0123,2023-10-30,2023-03-04,8,352,132500.0,128887.72,4.04,760+,80-90%,30-40%,PA,Purchase,Primary,Single Family,Servicer C,Prepaid,60,0,1,0,>50%,2026-08-27,System2,Complete,0,0,0,0,Current,0,None
L_0123,2023-11-29,2023-03-04,9,351,132500.0,129729.01,4.04,760+,80-90%,30-40%,PA,Purchase,Primary,Single Family,Servicer C,Current,0,0,0,0,10-25%,2026-08-27,System2,Complete,0,0,0,0,Current,0,None
L_0123,2023-12-29,2023-03-04,10,350,132500.0,127811.52,4.04,760+,80-90%,30-40%,PA,Purchase,Primary,Single Family,Servicer C,Current,0,0,0,0,0-10%,2026-08-27,System1,Pending,0,0,0,0,Current,0,None
L_0123,2024-01-28,2023-03-04,11,349,132500.0,130174.5,4.04,760+,80-90%,30-40%,PA,Purchase,Primary,Single Family,Servicer C,Current,0,0,0,0,0-10%,2026-08-27,System2,Complete,0,0,0,0,Current,0,None
L_0124,2023-04-26,2023-04-26,0,360,221000.0,221204.24,7.75,760+,60-80%,20-30%,OH,Purchase,Primary,Single Family,Servicer B,Current,0,0,0,0,10-25%,2026-08-27,System3,Complete,0,0,0,0,Current,0,None
L_0124,2023-05-26,2023-04-26,1,359,221000.0,222387.31,7.75,760+,60-80%,20-30%,OH,Purchase,Primary,Single Family,Servicer B,Current,0,0,0,0,>50%,2026-08-27,System3,Pending,0,0,0,0,Current,0,None
L_0124,2023-06-25,2023-04-26,2,358,221000.0,219681.45,7.75,760+,60-80%,20-30%,OH,Purchase,Primary,Single Family,Servicer B,Current,0,0,0,0,>50%,2026-08-27,System1,Complete,0,0,0,0,Current,0,None
L_0124,2023-07-25,2023-04-26,3,357,221000.0,218991.86,7.75,760+,60-80%,20-30%,OH,Purchase,Primary,Single Family,Servicer B,30 Days Delinquent,30,0,0,0,>50%,2026-08-27,System1,Pending,0,0,0,0,Delinquent,0,None
L_0124,2023-08-24,2023-04-26,4,356,221000.0,220394.74,7.75,760+,60-80%,20-30%,OH,Purchase,Primary,Single Family,Servicer B,Current,0,0,0,0,0-10%,2026-08-27,System1,Complete,0,0,0,0,Current,0,None
L_0124,2023-09-23,2023-04-26,5,355,221000.0,218528.42,7.75,760+,60-80%,20-30%,OH,Purchase,Primary,Single Family,Servicer B,Current,0,0,0,0,0-10%,2026-08-27,System1,Complete,0,0,0,0,Current,0,None
L_0124,2023-10-23,2023-04-26,6,354,221000.0,218135.98,7.75,760+,60-80%,20-30%,OH,Purchase,Primary,Single Family,Servicer B,Current,0,1,0,0,10-25%,2026-08-27,System2,Complete,0,0,0,0,Current,0,None
L_0124,2023-11-22,2023-04-26,7,353,221000.0,221992.11,7.75,760+,60-80%,20-30%,OH,Purchase,Primary,Single Family,Servicer B,Current,0,0,0,0,0-10%,2026-08-27,System2,Complete,0,0,0,0,Current,0,None
L_0124,2023-12-22,2023-04-26,8,352,221000.0,218492.06,7.75,760+,60-80%,20-30%,OH,Purchase,Primary,Single Family,Servicer B,Current,0,0,0,0,0-10%,2026-08-27,System1,Complete,0,0,0,0,Current,0,None
L_0124,2024-01-21,2023-04-26,9,351,221000.0,217495.05,7.75,760+,60-80%,20-30%,OH,Purchase,Primary,Single Family,Servicer B,Current,0,0,0,0,10-25%,2026-08-27,System1,Pending,0,0,0,0,Current,0,None
L_0124,2024-02-20,2023-04-26,10,350,221000.0,217975.45,7.75,760+,60-80%,20-30%,OH,Purchase,Primary,Single Family,Servicer B,Current,0,0,0,0,0-10%,2026-08-27,System2,Complete,0,0,0,0,Current,0,None
L_0124,2024-03-21,2023-04-26,11,349,221000.0,216454.59,7.75,760+,60-80%,20-30%,OH,Purchase,Primary,Single Family,Servicer B,Current,0,0,0,0,0-10%,2026-08-27,System3,Complete,0,1,0,0,Current,0,None
L_0125,2023-04-23,2023-04-23,0,360,370300.0,363918.61,6.56,700-759,80-90%,<20%,CA,Purchase,Primary,Condo,Servicer C,Current,0,0,0,0,>50%,2026-08-27,System3,Missing,0,0,0,0,Current,0,None
L_0125,2023-05-23,2023-04-23,1,359,370300.0,370446.1,6.56,700-759,80-90%,<20%,CA,Purchase,Primary,Condo,Servicer C,Current,0,0,0,0,10-25%,2026-08-27,System3,Complete,0,0,0,0,Current,0,None
L_0125,2023-06-22,2023-04-23,2,358,370300.0,363030.6,6.56,700-759,80-90%,<20%,CA,Purchase,Primary,Condo,Servicer C,Current,0,0,0,0,0-10%,2026-08-27,System3,Complete,1,0,0,0,Current,0,None
L_0125,2023-07-22,2023-04-23,3,357,370300.0,365733.97,6.56,700-759,80-90%,<20%,CA,Purchase,Primary,Condo,Servicer C,Current,0,0,0,0,10-25%,2026-08-27,System1,Complete,0,0,0,0,Current,0,None
L_0125,2023-08-21,2023-04-23,4,356,370300.0,362710.49,6.56,700-759,80-90%,<20%,CA,Purchase,Primary,Condo,Servicer C,Current,0,0,0,0,0-10%,2026-08-27,System3,Complete,0,0,0,0,Current,0,None
L_0125,2023-09-20,2023-04-23,5,355,370300.0,357284.47,6.56,700-759,80-90%,<20%,CA,Purchase,Primary,Condo,Servicer C,90 Days Delinquent,90,0,0,0,0-10%,2026-08-27,System2,Complete,0,0,0,0,Delinquent,0,None
L_0125,2023-10-20,2023-04-23,6,354,370300.0,367977.77,6.56,700-759,80-90%,<20%,CA,Purchase,Primary,Condo,Servicer C,Current,0,1,0,0,0-10%,2026-08-27,System2,Complete,0,0,0,0,Current,0,None
L_0125,2023-11-19,2023-04-23,7,353,370300.0,365285.12,6.56,700-759,80-90%,<20%,CA,Purchase,Primary,Condo,Servicer C,Current,0,0,0,0,10-25%,2026-08-27,System1,Complete,0,0,0,0,Current,0,None
L_0125,2023-12-19,2023-04-23,8,352,370300.0,357672.28,6.56,700-759,80-90%,<20%,CA,Purchase,Primary,Condo,Servicer C,Current,0,0,0,0,0-10%,2026-08-27,System1,Complete,0,0,0,0,Current,0,None
L_0125,2024-01-18,2023-04-23,9,351,370300.0,364675.81,6.56,700-759,80-90%,<20%,CA,Purchase,Primary,Condo,Servicer C,Current,0,0,0,0,>50%,2026-08-27,System1,Complete,0,0,0,0,Current,0,None
L_0125,2024-02-17,2023-04-23,10,350,370300.0,360034.22,6.56,700-759,80-90%,<20%,CA,Purchase,Primary,Condo,Servicer C,Current,0,1,0,0,25-50%,2026-08-27,System2,Complete,0,0,0,0,Current,0,None
L_0125,2024-03-18,2023-04-23,11,349,370300.0,364532.49,6.56,700-759,80-90%,<20%,CA,Purchase,Primary,Condo,Servicer C,30 Days Delinquent,30,0,0,0,>50%,2026-08-27,System3,Complete,0,1,0,0,Delinquent,0,None
L_0126,2023-02-16,2023-02-16,0,360,663500.0,667851.69,5.55,700-759,<60%,20-30%,NC,Purchase,Primary,Single Family,Servicer B,Current,0,0,0,0,0-10%,2026-08-27,System2,Complete,0,0,0,0,Current,0,None
L_0126,2023-03-18,2023-02-16,1,359,663500.0,674465.54,5.55,700-759,<60%,20-30%,NC,Purchase,Primary,Single Family,Servicer B,Current,0,0,0,0,25-50%,2026-08-27,System2,Complete,0,0,0,0,Current,0,None
L_0126,2023-04-17,2023-02-16,2,358,663500.0,654057.97,5.55,700-759,<60%,20-30%,NC,Purchase,Primary,Single Family,Servicer B,Current,0,0,0,0,0-10%,2026-08-27,System3,Pending,1,0,0,0,Current,0,None
L_0126,2023-05-17,2023-02-16,3,357,663500.0,661824.82,5.55,700-759,<60%,20-30%,NC,Purchase,Primary,Single Family,Servicer B,30 Days Delinquent,30,0,0,0,0-10%,2026-08-27,System3,Complete,0,0,0,0,Delinquent,0,None
L_0126,2023-06-16,2023-02-16,4,356,663500.0,666037.2,5.55,700-759,<60%,20-30%,NC,Purchase,Primary,Single Family,Servicer B,Current,0,0,0,0,>50%,2026-08-27,System1,Complete,0,0,0,0,Current,0,None
L_0126,2023-07-16,2023-02-16,5,355,663500.0,654876.32,5.55,700-759,<60%,20-30%,NC,Purchase,Primary,Single Family,Servicer B,90 Days Delinquent,90,0,0,0,10-25%,2026-08-27,System2,Pending,0,0,0,0,Delinquent,0,None
L_0126,2023-08-15,2023-02-16,6,354,663500.0,650627.23,5.55,700-759,<60%,20-30%,NC,Purchase,Primary,Single Family,Servicer B,Current,0,0,0,0,0-10%,2026-08-27,System3,Complete,0,0,0,0,Current,0,None
L_0126,2023-09-14,2023-02-16,7,353,663500.0,661718.51,5.55,700-759,<60%,20-30%,NC,Purchase,Primary,Single Family,Servicer B,Current,0,0,0,0,25-50%,2026-08-27,System2,Complete,0,0,0,1,Current,0,None
L_0126,2023-10-14,2023-02-16,8,352,663500.0,643599.19,5.55,700-759,<60%,20-30%,NC,Purchase,Primary,Single Family,Servicer B,Current,0,0,0,0,0-10%,2026-08-27,System1,Complete,0,0,0,0,Current,0,None
L_0126,2023-11-13,2023-02-16,9,351,663500.0,646177.87,5.55,700-759,<60%,20-30%,NC,Purchase,Primary,Single Family,Servicer B,Current,0,0,0,0,10-25%,2026-08-27,System2,Complete,0,1,0,0,Current,0,None
L_0126,2023-12-13,2023-02-16,10,350,663500.0,658311.07,5.55,700-759,<60%,20-30%,NC,Purchase,Primary,Single Family,Servicer B,Current,0,0,0,0,0-10%,2026-08-27,System2,Complete,0,0,0,0,Current,0,None
L_0126,2024-01-12,2023-02-16,11,349,663500.0,659400.41,5.55,700-759,<60%,20-30%,NC,Purchase,Primary,Single Family,Servicer B,Current,0,0,0,0,10-25%,2026-08-27,System1,Pending,0,0,0,0,Current,0,None
L_0127,2023-02-26,2023-02-26,0,360,695500.0,695340.32,5.86,640-699,80-90%,20-30%,FL,Purchase,Primary,Single Family,Servicer B,Current,0,0,0,0,0-10%,2026-08-27,System1,Complete,1,0,0,0,Current,0,None
L_0127,2023-03-28,2023-02-26,1,359,695500.0,692854.98,5.86,640-699,80-90%,20-30%,FL,Purchase,Primary,Single Family,Servicer B,Current,0,0,0,0,10-25%,2026-08-27,System1,Complete,0,0,0,0,Current,0,None
L_0127,2023-04-27,2023-02-26,2,358,695500.0,689158.35,5.86,640-699,80-90%,20-30%,FL,Purchase,Primary,Single Family,Servicer B,Current,0,0,0,0,0-10%,2026-08-27,System1,Complete,0,1,0,0,Current,0,None
L_0127,2023-05-27,2023-02-26,3,357,695500.0,697098.66,5.86,640-699,80-90%,20-30%,FL,Purchase,Primary,Single Family,Servicer B,60 Days Delinquent,60,0,0,0,0-10%,2026-08-27,System1,Complete,0,0,0,0,Delinquent,0,None
L_0127,2023-06-26,2023-02-26,4,356,695500.0,691370.1,5.86,640-699,80-90%,20-30%,FL,Purchase,Primary,Single Family,Servicer B,Current,0,0,0,0,10-25%,2026-08-27,System1,Pending,0,0,0,0,Current,0,None
L_0127,2023-07-26,2023-02-26,5,355,695500.0,689457.99,5.86,640-699,80-90%,20-30%,FL,Purchase,Primary,Single Family,Servicer B,Current,0,0,0,0,10-25%,2026-08-27,System3,Complete,1,0,0,0,Current,0,None
L_0127,2023-08-25,2023-02-26,6,354,695500.0,689064.17,5.86,640-699,80-90%,20-30%,FL,Purchase,Primary,Single Family,Servicer B,Current,0,0,0,0,10-25%,2026-08-27,System3,Complete,0,0,0,0,Current,0,None
L_0127,2023-09-24,2023-02-26,7,353,695500.0,679951.34,5.86,640-699,80-90%,20-30%,FL,Purchase,Primary,Single Family,Servicer B,Prepaid,0,0,1,0,10-25%,2026-08-27,System3,Complete,0,0,0,0,Current,0,None
L_0127,2023-10-24,2023-02-26,8,352,695500.0,679406.3,5.86,640-699,80-90%,20-30%,FL,Purchase,Primary,Single Family,Servicer B,90 Days Delinquent,90,0,0,0,10-25%,2026-08-27,System3,Complete,0,0,0,0,Delinquent,0,None
L_0127,2023-11-23,2023-02-26,9,351,695500.0,675605.1,5.86,640-699,80-90%,20-30%,FL,Purchase,Primary,Single Family,Servicer B,30 Days Delinquent,30,0,0,0,>50%,2026-08-27,System1,Complete,0,1,0,0,Delinquent,0,None
L_0127,2023-12-23,2023-02-26,10,350,695500.0,679164.22,5.86,640-699,80-90%,20-30%,FL,Purchase,Primary,Single Family,Servicer B,Current,0,0,0,0,10-25%,2026-08-27,System2,Complete,0,0,0,0,Current,0,None
L_0127,2024-01-22,2023-02-26,11,349,695500.0,688154.91,5.86,640-699,80-90%,20-30%,FL,Purchase,Primary,Single Family,Servicer B,30 Days Delinquent,30,0,0,0,>50%,2026-08-27,System2,Complete,0,0,0,0,Delinquent,0,None
L_0128,2023-04-28,2023-04-28,0,360,55200.0,55633.07,4.81,<640,60-80%,30-40%,NY,Purchase,Primary,Single Family,Servicer A,Current,0,0,0,0,25-50%,2026-08-27,System3,Complete,1,0,0,0,Current,0,None
L_0128,2023-05-28,2023-04-28,1,359,55200.0,55515.31,4.81,<640,60-80%,30-40%,NY,Purchase,Primary,Single Family,Servicer A,Current,0,0,0,0,10-25%,2026-08-27,System3,Complete,0,0,0,0,Current,0,None
L_0128,2023-06-27,2023-04-28,2,358,55200.0,55417.16,4.81,<640,60-80%,30-40%,NY,Purchase,Primary,Single Family,Servicer A,Current,0,0,0,0,0-10%,2026-08-27,System2,Complete,0,0,0,0,Current,0,None
L_0128,2023-07-27,2023-04-28,3,357,55200.0,54448.45,4.81,<640,60-80%,30-40%,NY,Purchase,Primary,Single Family,Servicer A,90 Days Delinquent,90,0,0,0,0-10%,2026-08-27,System2,Complete,0,0,0,0,Delinquent,0,None
L_0128,2023-08-26,2023-04-28,4,356,55200.0,54481.12,4.81,<640,60-80%,30-40%,NY,Purchase,Primary,Single Family,Servicer A,Current,0,0,0,0,0-10%,2026-08-27,System1,Complete,0,0,0,0,Current,0,None
L_0128,2023-09-25,2023-04-28,5,355,55200.0,54718.39,4.81,<640,60-80%,30-40%,NY,Purchase,Primary,Single Family,Servicer A,Current,0,0,0,0,0-10%,2026-08-27,System3,Complete,0,0,0,0,Current,0,None
L_0128,2023-10-25,2023-04-28,6,354,55200.0,54743.87,4.81,<640,60-80%,30-40%,NY,Purchase,Primary,Single Family,Servicer A,Current,0,0,0,0,0-10%,2026-08-27,System2,Complete,0,0,0,0,Current,0,None
L_0128,2023-11-24,2023-04-28,7,353,55200.0,53966.06,4.81,<640,60-80%,30-40%,NY,Purchase,Primary,Single Family,Servicer A,Current,0,0,0,0,>50%,2026-08-27,System3,Complete,0,0,0,0,Current,0,None
L_0128,2023-12-24,2023-04-28,8,352,55200.0,54660.68,4.81,<640,60-80%,30-40%,NY,Purchase,Primary,Single Family,Servicer A,Current,0,0,0,0,25-50%,2026-08-27,System3,Complete,0,0,0,0,Current,0,None
L_0128,2024-01-23,2023-04-28,9,351,55200.0,54644.93,4.81,<640,60-80%,30-40%,NY,Purchase,Primary,Single Family,Servicer A,Current,0,0,0,0,25-50%,2026-08-27,System2,Complete,0,0,0,0,Current,0,None
L_0128,2024-02-22,2023-04-28,10,350,55200.0,54593.61,4.81,<640,60-80%,30-40%,NY,Purchase,Primary,Single Family,Servicer A,Current,0,0,0,0,25-50%,2026-08-27,System1,Complete,0,0,0,0,Current,0,None
L_0128,2024-03-23,2023-04-28,11,349,55200.0,54743.09,4.81,<640,60-80%,30-40%,NY,Purchase,Primary,Single Family,Servicer A,30 Days Delinquent,30,0,0,0,10-25%,2026-08-27,System2,Complete,0,0,0,0,Delinquent,0,None
L_0129,2023-02-14,2023-02-14,0,360,433100.0,431877.62,3.86,760+,<60%,20-30%,MI,Refinance,Primary,Single Family,Servicer D,Current,0,0,0,0,10-25%,2026-08-27,System2,Complete,0,0,0,0,Current,0,None
L_0129,2023-03-16,2023-02-14,1,359,433100.0,436775.6,3.86,760+,<60%,20-30%,MI,Refinance,Primary,Single Family,Servicer D,Current,0,0,0,0,25-50%,2026-08-27,System3,Missing,0,0,0,0,Current,0,None
L_0129,2023-04-15,2023-02-14,2,358,433100.0,432475.28,3.86,760+,<60%,20-30%,MI,Refinance,Primary,Single Family,Servicer D,Current,0,0,0,0,10-25%,2026-08-27,System1,Missing,0,0,0,0,Current,0,None
L_0129,2023-05-15,2023-02-14,3,357,433100.0,429517.82,3.86,760+,<60%,20-30%,MI,Refinance,Primary,Single Family,Servicer D,Current,0,0,0,0,25-50%,2026-08-27,System3,Complete,0,0,0,0,Current,0,None
L_0129,2023-06-14,2023-02-14,4,356,433100.0,430222.05,3.86,760+,<60%,20-30%,MI,Refinance,Primary,Single Family,Servicer D,Current,0,0,0,0,25-50%,2026-08-27,System2,Complete,0,0,0,0,Current,0,None
L_0129,2023-07-14,2023-02-14,5,355,433100.0,429753.29,3.86,760+,<60%,20-30%,MI,Refinance,Primary,Single Family,Servicer D,Current,0,0,0,0,>50%,2026-08-27,System2,Complete,0,0,0,0,Current,0,None
L_0129,2023-08-13,2023-02-14,6,354,433100.0,431053.94,3.86,760+,<60%,20-30%,MI,Refinance,Primary,Single Family,Servicer D,Current,0,0,0,0,10-25%,2026-08-27,System2,Pending,0,0,0,0,Current,0,None
L_0129,2023-09-12,2023-02-14,7,353,433100.0,424314.43,3.86,760+,<60%,20-30%,MI,Refinance,Primary,Single Family,Servicer D,Current,0,0,0,0,10-25%,2026-08-27,System2,Complete,0,0,0,0,Current,0,None
L_0129,2023-10-12,2023-02-14,8,352,433100.0,421386.7,3.86,760+,<60%,20-30%,MI,Refinance,Primary,Single Family,Servicer D,Current,0,0,0,0,>50%,2026-08-27,System3,Complete,0,0,0,0,Current,0,None
L_0129,2023-11-11,2023-02-14,9,351,433100.0,429441.18,3.86,760+,<60%,20-30%,MI,Refinance,Primary,Single Family,Servicer D,Current,0,0,0,0,10-25%,2026-08-27,System3,Complete,0,0,0,0,Current,0,None
L_0129,2023-12-11,2023-02-14,10,350,433100.0,427686.66,3.86,760+,<60%,20-30%,MI,Refinance,Primary,Single Family,Servicer D,Current,0,0,0,0,10-25%,2026-08-27,System2,Pending,0,0,0,0,Current,0,None
L_0129,2024-01-10,2023-02-14,11,349,433100.0,428118.47,3.86,760+,<60%,20-30%,MI,Refinance,Primary,Single Family,Servicer D,Current,0,0,0,0,10-25%,2026-08-27,System1,Complete,0,0,0,0,Current,0,None
L_0130,2023-06-10,2023-06-10,0,360,363100.0,359668.31,4.46,760+,<60%,<20%,CA,Refinance,Primary,Single Family,Servicer D,Current,0,0,0,0,10-25%,2026-08-27,System2,Complete,0,1,0,0,Current,0,None
L_0130,2023-07-10,2023-06-10,1,359,363100.0,361461.17,4.46,760+,<60%,<20%,CA,Refinance,Primary,Single Family,Servicer D,Current,0,0,0,0,10-25%,2026-08-27,System3,Pending,0,0,0,0,Current,0,None
L_0130,2023-08-09,2023-06-10,2,358,363100.0,366513.51,4.46,760+,<60%,<20%,CA,Refinance,Primary,Single Family,Servicer D,Current,0,0,0,0,10-25%,2026-08-27,System3,Complete,0,0,0,0,Current,0,None
L_0130,2023-09-08,2023-06-10,3,357,363100.0,358580.62,4.46,760+,<60%,<20%,CA,Refinance,Primary,Single Family,Servicer D,Current,0,0,0,0,10-25%,2026-08-27,System2,Pending,1,0,0,0,Current,0,None
L_0130,2023-10-08,2023-06-10,4,356,363100.0,357383.32,4.46,760+,<60%,<20%,CA,Refinance,Primary,Single Family,Servicer D,Current,0,0,0,0,0-10%,2026-08-27,System1,Complete,0,0,0,0,Current,0,None
L_0130,2023-11-07,2023-06-10,5,355,363100.0,358521.72,4.46,760+,<60%,<20%,CA,Refinance,Primary,Single Family,Servicer D,Current,0,0,0,0,0-10%,2026-08-27,System1,Pending,0,0,0,0,Current,0,None
L_0130,2023-12-07,2023-06-10,6,354,363100.0,351948.23,4.46,760+,<60%,<20%,CA,Refinance,Primary,Single Family,Servicer D,60 Days Delinquent,60,0,0,0,25-50%,2026-08-27,System3,Complete,0,0,0,0,Delinquent,0,None
L_0130,2024-01-06,2023-06-10,7,353,363100.0,370704.94,4.46,760+,<60%,<20%,CA,Refinance,Primary,Single Family,Servicer D,Current,0,0,0,0,10-25%,2026-08-27,System3,Pending,0,0,0,0,Current,0,None
L_0130,2024-02-05,2023-06-10,8,352,363100.0,356279.95,4.46,760+,<60%,<20%,CA,Refinance,Primary,Single Family,Servicer D,30 Days Delinquent,30,0,0,0,0-10%,2026-08-27,System1,Complete,0,0,0,0,Delinquent,0,None
L_0130,2024-03-06,2023-06-10,9,351,363100.0,356385.68,4.46,760+,<60%,<20%,CA,Refinance,Primary,Single Family,Servicer D,Current,0,0,0,0,10-25%,2026-08-27,System1,Pending,0,0,0,0,Current,0,None
L_0130,2024-04-05,2023-06-10,10,350,363100.0,355184.89,4.46,760+,<60%,<20%,CA,Refinance,Primary,Single Family,Servicer D,Current,0,0,0,0,0-10%,2026-08-27,System3,Complete,0,0,0,0,Current,0,None
L_0130,2024-05-05,2023-06-10,11,349,363100.0,354703.6,4.46,760+,<60%,<20%,CA,Refinance,Primary,Single Family,Servicer D,Current,0,0,0,0,25-50%,2026-08-27,System1,Pending,0,0,0,0,Current,0,None
L_0131,2023-05-25,2023-05-25,0,360,216600.0,213335.12,6.67,760+,80-90%,30-40%,MI,Purchase,Primary,Single Family,Servicer C,Current,0,0,0,0,10-25%,2026-08-27,System1,Complete,0,0,0,0,Current,0,None
L_0131,2023-06-24,2023-05-25,1,359,216600.0,216640.74,6.67,760+,80-90%,30-40%,MI,Purchase,Primary,Single Family,Servicer C,Current,0,0,0,0,10-25%,2026-08-27,System1,Complete,0,0,0,0,Current,0,None
L_0131,2023-07-24,2023-05-25,2,358,216600.0,218077.13,6.67,760+,80-90%,30-40%,MI,Purchase,Primary,Single Family,Servicer C,Current,0,0,0,0,10-25%,2026-08-27,System3,Pending,0,0,0,0,Current,0,None
L_0131,2023-08-23,2023-05-25,3,357,216600.0,210801.59,6.67,760+,80-90%,30-40%,MI,Purchase,Primary,Single Family,Servicer C,Current,0,0,0,0,0-10%,2026-08-27,System2,Complete,0,0,0,0,Current,0,None
L_0131,2023-09-22,2023-05-25,4,356,216600.0,216393.4,6.67,760+,80-90%,30-40%,MI,Purchase,Primary,Single Family,Servicer C,Current,0,0,0,0,10-25%,2026-08-27,System3,Complete,0,1,0,0,Current,0,None
L_0131,2023-10-22,2023-05-25,5,355,216600.0,214373.6,6.67,760+,80-90%,30-40%,MI,Purchase,Primary,Single Family,Servicer C,Current,0,0,0,0,10-25%,2026-08-27,System2,Complete,0,0,0,0,Current,0,None
L_0131,2023-11-21,2023-05-25,6,354,216600.0,214348.92,6.67,760+,80-90%,30-40%,MI,Purchase,Primary,Single Family,Servicer C,30 Days Delinquent,30,0,0,0,0-10%,2026-08-27,System2,Complete,0,0,0,0,Delinquent,0,None
L_0131,2023-12-21,2023-05-25,7,353,216600.0,209224.7,6.67,760+,80-90%,30-40%,MI,Purchase,Primary,Single Family,Servicer C,Current,0,0,0,0,10-25%,2026-08-27,System2,Complete,1,0,0,0,Current,0,None
L_0131,2024-01-20,2023-05-25,8,352,216600.0,210627.76,6.67,760+,80-90%,30-40%,MI,Purchase,Primary,Single Family,Servicer C,Current,0,0,0,0,>50%,2026-08-27,System2,Complete,0,0,0,0,Current,0,None
L_0131,2024-02-19,2023-05-25,9,351,216600.0,211910.05,6.67,760+,80-90%,30-40%,MI,Purchase,Primary,Single Family,Servicer C,Current,0,0,0,0,10-25%,2026-08-27,System2,Complete,0,0,0,0,Current,0,None
L_0131,2024-03-20,2023-05-25,10,350,216600.0,213284.42,6.67,760+,80-90%,30-40%,MI,Purchase,Primary,Single Family,Servicer C,90 Days Delinquent,90,0,0,0,0-10%,2026-08-27,System1,Complete,0,0,0,0,Delinquent,0,None
L_0131,2024-04-19,2023-05-25,11,349,216600.0,208553.01,6.67,760+,80-90%,30-40%,MI,Purchase,Primary,Single Family,Servicer C,Current,0,0,0,0,10-25%,2026-08-27,System3,Pending,0,0,0,0,Current,0,None
L_0132,2023-01-04,2023-01-04,0,360,139900.0,140161.02,2.58,760+,80-90%,>40%,FL,Purchase,Primary,Single Family,Servicer D,Current,0,0,0,0,10-25%,2026-08-27,System1,Complete,0,0,0,0,Current,0,None
L_0132,2023-02-03,2023-01-04,1,359,139900.0,139302.22,2.58,760+,80-90%,>40%,FL,Purchase,Primary,Single Family,Servicer D,Current,0,0,0,0,25-50%,2026-08-27,System1,Pending,0,0,0,0,Current,0,None
L_0132,2023-03-05,2023-01-04,2,358,139900.0,140184.13,2.58,760+,80-90%,>40%,FL,Purchase,Primary,Single Family,Servicer D,Current,0,0,0,0,0-10%,2026-08-27,System3,Pending,0,0,0,0,Current,0,None
L_0132,2023-04-04,2023-01-04,3,357,139900.0,139150.17,2.58,760+,80-90%,>40%,FL,Purchase,Primary,Single Family,Servicer D,Current,0,0,0,0,25-50%,2026-08-27,System1,Complete,0,0,0,0,Current,0,None
L_0132,2023-05-04,2023-01-04,4,356,139900.0,139119.56,2.58,760+,80-90%,>40%,FL,Purchase,Primary,Single Family,Servicer D,Current,0,0,0,0,25-50%,2026-08-27,System1,Complete,0,0,0,0,Current,0,None
L_0132,2023-06-03,2023-01-04,5,355,139900.0,138880.37,2.58,760+,80-90%,>40%,FL,Purchase,Primary,Single Family,Servicer D,Current,0,0,0,0,0-10%,2026-08-27,System3,Complete,0,0,0,0,Current,0,None
L_0132,2023-07-03,2023-01-04,6,354,139900.0,138218.96,2.58,760+,80-90%,>40%,FL,Purchase,Primary,Single Family,Servicer D,Current,0,0,0,0,0-10%,2026-08-27,System3,Complete,0,0,0,0,Current,0,None
L_0132,2023-08-02,2023-01-04,7,353,139900.0,137697.01,2.58,760+,80-90%,>40%,FL,Purchase,Primary,Single Family,Servicer D,Current,0,0,0,0,0-10%,2026-08-27,System1,Pending,0,0,0,0,Current,0,None
L_0132,2023-09-01,2023-01-04,8,352,139900.0,139031.9,2.58,760+,80-90%,>40%,FL,Purchase,Primary,Single Family,Servicer D,Current,0,0,0,0,25-50%,2026-08-27,System3,Complete,0,0,0,0,Current,0,None
L_0132,2023-10-01,2023-01-04,9,351,139900.0,138172.52,2.58,760+,80-90%,>40%,FL,Purchase,Primary,Single Family,Servicer D,Current,0,0,0,0,10-25%,2026-08-27,System1,Missing,0,0,0,0,Current,0,None
L_0132,2023-10-31,2023-01-04,10,350,139900.0,136787.72,2.58,760+,80-90%,>40%,FL,Purchase,Primary,Single Family,Servicer D,Current,0,0,0,0,0-10%,2026-08-27,System2,Complete,0,0,0,0,Current,0,None
L_0132,2023-11-30,2023-01-04,11,349,139900.0,134076.27,2.58,760+,80-90%,>40%,FL,Purchase,Primary,Single Family,Servicer D,Current,0,0,0,0,>50%,2026-08-27,System2,Complete,0,0,0,0,Current,0,None
L_0133,2023-05-28,2023-05-28,0,360,303200.0,304063.23,3.14,700-759,60-80%,20-30%,TX,Purchase,Primary,Single Family,Servicer B,Current,0,0,0,0,>50%,2026-08-27,System3,Complete,0,0,0,0,Current,0,None
L_0133,2023-06-27,2023-05-28,1,359,303200.0,305074.38,3.14,700-759,60-80%,20-30%,TX,Purchase,Primary,Single Family,Servicer B,Current,0,0,0,0,10-25%,2026-08-27,System2,Pending,0,0,0,0,Current,0,None
L_0133,2023-07-27,2023-05-28,2,358,303200.0,303354.95,3.14,700-759,60-80%,20-30%,TX,Purchase,Primary,Single Family,Servicer B,Current,0,0,0,0,10-25%,2026-08-27,System2,Complete,0,0,0,0,Current,0,None
L_0133,2023-08-26,2023-05-28,3,357,303200.0,302892.25,3.14,700-759,60-80%,20-30%,TX,Purchase,Primary,Single Family,Servicer B,Current,0,0,0,0,0-10%,2026-08-27,System2,Complete,0,0,0,0,Current,0,None
L_0133,2023-09-25,2023-05-28,4,356,303200.0,303417.16,3.14,700-759,60-80%,20-30%,TX,Purchase,Primary,Single Family,Servicer B,Current,0,0,0,0,25-50%,2026-08-27,System2,Complete,0,1,0,0,Current,0,None
L_0133,2023-10-25,2023-05-28,5,355,303200.0,298460.2,3.14,700-759,60-80%,20-30%,TX,Purchase,Primary,Single Family,Servicer B,Current,0,0,0,0,10-25%,2026-08-27,System2,Complete,0,0,0,0,Current,0,None
L_0133,2023-11-24,2023-05-28,6,354,303200.0,300870.64,3.14,700-759,60-80%,20-30%,TX,Purchase,Primary,Single Family,Servicer B,Current,0,0,0,0,0-10%,2026-08-27,System2,Complete,0,0,0,0,Current,0,None
L_0133,2023-12-24,2023-05-28,7,353,303200.0,301350.56,3.14,700-759,60-80%,20-30%,TX,Purchase,Primary,Single Family,Servicer B,30 Days Delinquent,30,0,0,0,10-25%,2026-08-27,System2,Complete,1,0,0,0,Delinquent,0,None
L_0133,2024-01-23,2023-05-28,8,352,303200.0,301489.06,3.14,700-759,60-80%,20-30%,TX,Purchase,Primary,Single Family,Servicer B,Current,0,0,0,0,25-50%,2026-08-27,System3,Complete,0,0,0,0,Current,0,None
L_0133,2024-02-22,2023-05-28,9,351,303200.0,292255.2,3.14,700-759,60-80%,20-30%,TX,Purchase,Primary,Single Family,Servicer B,Current,0,0,0,0,10-25%,2026-08-27,System3,Pending,0,0,0,0,Current,0,None
L_0133,2024-03-23,2023-05-28,10,350,303200.0,300384.76,3.14,700-759,60-80%,20-30%,TX,Purchase,Primary,Single Family,Servicer B,90 Days Delinquent,90,0,0,0,>50%,2026-08-27,System3,Complete,0,1,0,0,Delinquent,0,None
L_0133,2024-04-22,2023-05-28,11,349,303200.0,293307.55,3.14,700-759,60-80%,20-30%,TX,Purchase,Primary,Single Family,Servicer B,30 Days Delinquent,30,0,0,0,10-25%,2026-08-27,System1,Complete,0,0,0,0,Delinquent,0,None
L_0134,2023-02-16,2023-02-16,0,360,757200.0,752097.82,2.75,760+,60-80%,<20%,TX,Refinance,Primary,Multi-family,Servicer B,Current,0,0,0,0,>50%,2026-08-27,System3,Complete,0,0,0,0,Current,0,None
L_0134,2023-03-18,2023-02-16,1,359,757200.0,754038.99,2.75,760+,60-80%,<20%,TX,Refinance,Primary,Multi-family,Servicer B,Current,0,0,0,0,0-10%,2026-08-27,System1,Pending,1,0,0,0,Current,0,None
L_0134,2023-04-17,2023-02-16,2,358,757200.0,756612.07,2.75,760+,60-80%,<20%,TX,Refinance,Primary,Multi-family,Servicer B,Current,0,0,0,0,0-10%,2026-08-27,System2,Complete,0,0,0,0,Current,0,None
L_0134,2023-05-17,2023-02-16,3,357,757200.0,749026.67,2.75,760+,60-80%,<20%,TX,Refinance,Primary,Multi-family,Servicer B,Current,0,0,0,0,10-25%,2026-08-27,System2,Pending,0,0,0,0,Current,0,None
L_0134,2023-06-16,2023-02-16,4,356,757200.0,750694.56,2.75,760+,60-80%,<20%,TX,Refinance,Primary,Multi-family,Servicer B,90 Days Delinquent,90,0,0,0,10-25%,2026-08-27,System3,Complete,0,0,0,0,Delinquent,0,None
L_0134,2023-07-16,2023-02-16,5,355,757200.0,749094.24,2.75,760+,60-80%,<20%,TX,Refinance,Primary,Multi-family,Servicer B,Current,0,0,0,0,0-10%,2026-08-27,System2,Complete,0,0,0,0,Current,0,None
L_0134,2023-08-15,2023-02-16,6,354,757200.0,742909.35,2.75,760+,60-80%,<20%,TX,Refinance,Primary,Multi-family,Servicer B,Current,0,0,0,0,0-10%,2026-08-27,System2,Complete,0,0,0,0,Current,0,None
L_0134,2023-09-14,2023-02-16,7,353,757200.0,747738.95,2.75,760+,60-80%,<20%,TX,Refinance,Primary,Multi-family,Servicer B,Current,0,0,0,0,0-10%,2026-08-27,System1,Complete,0,0,0,0,Current,0,None
L_0134,2023-10-14,2023-02-16,8,352,757200.0,739639.16,2.75,760+,60-80%,<20%,TX,Refinance,Primary,Multi-family,Servicer B,30 Days Delinquent,30,0,0,0,10-25%,2026-08-27,System3,Complete,0,0,0,0,Delinquent,0,None
L_0134,2023-11-13,2023-02-16,9,351,757200.0,740865.52,2.75,760+,60-80%,<20%,TX,Refinance,Primary,Multi-family,Servicer B,Current,0,0,0,0,0-10%,2026-08-27,System3,Complete,0,0,0,0,Current,0,None
L_0134,2023-12-13,2023-02-16,10,350,757200.0,740223.73,2.75,760+,60-80%,<20%,TX,Refinance,Primary,Multi-family,Servicer B,Current,0,0,0,0,25-50%,2026-08-27,System1,Complete,0,0,0,0,Current,0,None
L_0134,2024-01-12,2023-02-16,11,349,757200.0,726278.93,2.75,760+,60-80%,<20%,TX,Refinance,Primary,Multi-family,Servicer B,Current,0,0,0,0,>50%,2026-08-27,System1,Complete,0,0,0,0,Current,0,None
L_0135,2023-05-23,2023-05-23,0,360,292400.0,296901.63,2.72,760+,80-90%,20-30%,CA,Refinance,Secondary,Single Family,Servicer A,Current,0,0,0,0,10-25%,2026-08-27,System1,Complete,0,0,0,0,Current,0,None
L_0135,2023-06-22,2023-05-23,1,359,292400.0,290567.36,2.72,760+,80-90%,20-30%,CA,Refinance,Secondary,Single Family,Servicer A,Current,0,0,0,0,25-50%,2026-08-27,System3,Complete,0,0,0,0,Current,0,None
L_0135,2023-07-22,2023-05-23,2,358,292400.0,291308.01,2.72,760+,80-90%,20-30%,CA,Refinance,Secondary,Single Family,Servicer A,Current,0,0,0,0,0-10%,2026-08-27,System3,Complete,0,0,0,0,Current,0,None
L_0135,2023-08-21,2023-05-23,3,357,292400.0,292636.22,2.72,760+,80-90%,20-30%,CA,Refinance,Secondary,Single Family,Servicer A,Current,0,0,0,0,10-25%,2026-08-27,System3,Complete,0,0,0,0,Current,0,None
L_0135,2023-09-20,2023-05-23,4,356,292400.0,289241.14,2.72,760+,80-90%,20-30%,CA,Refinance,Secondary,Single Family,Servicer A,Current,0,0,0,0,>50%,2026-08-27,System2,Complete,0,0,1,0,Current,0,None
L_0135,2023-10-20,2023-05-23,5,355,292400.0,288252.51,2.72,760+,80-90%,20-30%,CA,Refinance,Secondary,Single Family,Servicer A,Current,0,0,0,0,10-25%,2026-08-27,System3,Complete,0,0,0,0,Current,0,None
L_0135,2023-11-19,2023-05-23,6,354,292400.0,293874.68,2.72,760+,80-90%,20-30%,CA,Refinance,Secondary,Single Family,Servicer A,Current,0,0,0,0,>50%,2026-08-27,System1,Complete,0,0,0,0,Current,0,None
L_0135,2023-12-19,2023-05-23,7,353,292400.0,289732.67,2.72,760+,80-90%,20-30%,CA,Refinance,Secondary,Single Family,Servicer A,Current,0,0,0,0,25-50%,2026-08-27,System2,Complete,0,0,0,0,Current,0,None
L_0135,2024-01-18,2023-05-23,8,352,292400.0,284083.1,2.72,760+,80-90%,20-30%,CA,Refinance,Secondary,Single Family,Servicer A,Current,0,0,0,0,>50%,2026-08-27,System1,Complete,0,0,0,0,Current,0,None
L_0135,2024-02-17,2023-05-23,9,351,292400.0,293430.08,2.72,760+,80-90%,20-30%,CA,Refinance,Secondary,Single Family,Servicer A,Current,0,0,0,0,>50%,2026-08-27,System3,Complete,0,0,0,0,Current,0,None
L_0135,2024-03-18,2023-05-23,10,350,292400.0,287984.38,2.72,760+,80-90%,20-30%,CA,Refinance,Secondary,Single Family,Servicer A,Current,0,0,0,0,25-50%,2026-08-27,System3,Complete,0,1,0,0,Current,0,None
L_0135,2024-04-17,2023-05-23,11,349,292400.0,283714.01,2.72,760+,80-90%,20-30%,CA,Refinance,Secondary,Single Family,Servicer A,Current,0,0,0,0,10-25%,2026-08-27,System2,Complete,0,1,0,0,Current,0,None
L_0136,2023-02-16,2023-02-16,0,360,439100.0,437720.7,7.21,760+,60-80%,<20%,GA,Purchase,Primary,Multi-family,Servicer A,Current,0,0,0,0,0-10%,2026-08-27,System2,Complete,0,0,0,0,Current,0,None
L_0136,2023-03-18,2023-02-16,1,359,439100.0,439361.99,7.21,760+,60-80%,<20%,GA,Purchase,Primary,Multi-family,Servicer A,Current,0,0,0,0,0-10%,2026-08-27,System2,Complete,1,0,0,0,Current,0,None
L_0136,2023-04-17,2023-02-16,2,358,439100.0,439519.39,7.21,760+,60-80%,<20%,GA,Purchase,Primary,Multi-family,Servicer A,Current,0,0,0,0,>50%,2026-08-27,System1,Complete,1,0,0,0,Current,0,None
L_0136,2023-05-17,2023-02-16,3,357,439100.0,439537.16,7.21,760+,60-80%,<20%,GA,Purchase,Primary,Multi-family,Servicer A,Current,0,0,0,0,0-10%,2026-08-27,System2,Complete,0,0,0,0,Current,0,None
L_0136,2023-06-16,2023-02-16,4,356,439100.0,437028.41,7.21,760+,60-80%,<20%,GA,Purchase,Primary,Multi-family,Servicer A,Charged Off,120,0,0,1,>50%,2026-08-27,System3,Missing,0,0,0,0,Current,1,High DPD
L_0136,2023-07-16,2023-02-16,5,355,439100.0,437968.3,7.21,760+,60-80%,<20%,GA,Purchase,Primary,Multi-family,Servicer A,60 Days Delinquent,60,0,0,0,10-25%,2026-08-27,System3,Pending,0,0,0,0,Delinquent,0,None
L_0136,2023-08-15,2023-02-16,6,354,439100.0,435482.64,7.21,760+,60-80%,<20%,GA,Purchase,Primary,Multi-family,Servicer A,Current,0,0,0,0,10-25%,2026-08-27,System2,Complete,0,0,0,0,Current,0,None
L_0136,2023-09-14,2023-02-16,7,353,439100.0,439644.63,7.21,760+,60-80%,<20%,GA,Purchase,Primary,Multi-family,Servicer A,Current,0,0,0,0,10-25%,2026-08-27,System1,Complete,0,0,0,0,Current,0,None
L_0136,2023-10-14,2023-02-16,8,352,439100.0,432271.55,7.21,760+,60-80%,<20%,GA,Purchase,Primary,Multi-family,Servicer A,Current,0,0,0,0,10-25%,2026-08-27,System1,Complete,0,0,0,0,Current,0,None
L_0136,2023-11-13,2023-02-16,9,351,439100.0,430463.94,7.21,760+,60-80%,<20%,GA,Purchase,Primary,Multi-family,Servicer A,Current,0,0,0,0,0-10%,2026-08-27,System2,Complete,0,0,0,0,Current,0,None
L_0136,2023-12-13,2023-02-16,10,350,439100.0,430266.71,7.21,760+,60-80%,<20%,GA,Purchase,Primary,Multi-family,Servicer A,Current,0,0,0,0,>50%,2026-08-27,System1,Complete,0,0,0,0,Current,0,None
L_0136,2024-01-12,2023-02-16,11,349,439100.0,428558.84,7.21,760+,60-80%,<20%,GA,Purchase,Primary,Multi-family,Servicer A,Current,0,0,0,0,0-10%,2026-08-27,System3,Complete,0,0,0,0,Current,0,None
L_0137,2023-03-19,2023-03-19,0,360,577300.0,575903.35,6.37,640-699,80-90%,>40%,FL,Cash-out Refinance,Primary,Single Family,Servicer D,Current,0,0,0,0,10-25%,2026-08-27,System3,Complete,0,0,0,0,Current,0,None
L_0137,2023-04-18,2023-03-19,1,359,577300.0,566992.66,6.37,640-699,80-90%,>40%,FL,Cash-out Refinance,Primary,Single Family,Servicer D,Current,0,0,0,0,0-10%,2026-08-27,System3,Missing,0,0,0,0,Current,0,None
L_0137,2023-05-18,2023-03-19,2,358,577300.0,570415.5,6.37,640-699,80-90%,>40%,FL,Cash-out Refinance,Primary,Single Family,Servicer D,Current,0,0,0,0,25-50%,2026-08-27,System3,Missing,0,0,0,0,Current,0,None
L_0137,2023-06-17,2023-03-19,3,357,577300.0,583858.2,6.37,640-699,80-90%,>40%,FL,Cash-out Refinance,Primary,Single Family,Servicer D,Current,0,0,0,0,0-10%,2026-08-27,System2,Complete,0,0,0,0,Current,0,None
L_0137,2023-07-17,2023-03-19,4,356,577300.0,575208.87,6.37,640-699,80-90%,>40%,FL,Cash-out Refinance,Primary,Single Family,Servicer D,30 Days Delinquent,30,0,0,0,25-50%,2026-08-27,System2,Missing,0,0,0,0,Delinquent,0,None
L_0137,2023-08-16,2023-03-19,5,355,577300.0,575580.55,6.37,640-699,80-90%,>40%,FL,Cash-out Refinance,Primary,Single Family,Servicer D,30 Days Delinquent,30,0,0,0,0-10%,2026-08-27,System2,Complete,0,0,0,0,Delinquent,0,None
L_0137,2023-09-15,2023-03-19,6,354,577300.0,563933.55,6.37,640-699,80-90%,>40%,FL,Cash-out Refinance,Primary,Single Family,Servicer D,Current,0,0,0,0,25-50%,2026-08-27,System3,Complete,0,0,0,0,Current,0,None
L_0137,2023-10-15,2023-03-19,7,353,577300.0,575797.67,6.37,640-699,80-90%,>40%,FL,Cash-out Refinance,Primary,Single Family,Servicer D,Current,0,0,0,0,25-50%,2026-08-27,System1,Pending,0,0,0,0,Current,0,None
L_0137,2023-11-14,2023-03-19,8,352,577300.0,564684.81,6.37,640-699,80-90%,>40%,FL,Cash-out Refinance,Primary,Single Family,Servicer D,Current,0,0,0,0,25-50%,2026-08-27,System2,Complete,0,0,0,0,Current,0,None
L_0137,2023-12-14,2023-03-19,9,351,577300.0,577365.54,6.37,640-699,80-90%,>40%,FL,Cash-out Refinance,Primary,Single Family,Servicer D,Current,0,0,0,0,>50%,2026-08-27,System3,Complete,0,0,0,0,Current,0,None
L_0137,2024-01-13,2023-03-19,10,350,577300.0,564116.07,6.37,640-699,80-90%,>40%,FL,Cash-out Refinance,Primary,Single Family,Servicer D,Current,0,0,0,0,0-10%,2026-08-27,System2,Complete,0,0,0,0,Current,0,None
L_0137,2024-02-12,2023-03-19,11,349,577300.0,560797.86,6.37,640-699,80-90%,>40%,FL,Cash-out Refinance,Primary,Single Family,Servicer D,Current,0,0,0,0,>50%,2026-08-27,System3,Pending,0,0,0,0,Current,0,None
L_0138,2023-05-04,2023-05-04,0,360,322700.0,319544.19,5.11,700-759,60-80%,<20%,FL,Purchase,Primary,Single Family,Servicer C,Current,0,0,0,0,10-25%,2026-08-27,System3,Complete,0,0,0,0,Current,0,None
L_0138,2023-06-03,2023-05-04,1,359,322700.0,320082.26,5.11,700-759,60-80%,<20%,FL,Purchase,Primary,Single Family,Servicer C,Current,0,0,0,0,25-50%,2026-08-27,System1,Complete,0,0,0,0,Current,0,None
L_0138,2023-07-03,2023-05-04,2,358,322700.0,320503.32,5.11,700-759,60-80%,<20%,FL,Purchase,Primary,Single Family,Servicer C,Current,0,0,0,0,10-25%,2026-08-27,System3,Complete,0,0,0,0,Current,0,None
L_0138,2023-08-02,2023-05-04,3,357,322700.0,318720.93,5.11,700-759,60-80%,<20%,FL,Purchase,Primary,Single Family,Servicer C,30 Days Delinquent,30,0,0,0,10-25%,2026-08-27,System1,Complete,0,1,0,0,Delinquent,0,None
L_0138,2023-09-01,2023-05-04,4,356,322700.0,321926.22,5.11,700-759,60-80%,<20%,FL,Purchase,Primary,Single Family,Servicer C,Current,0,0,0,0,0-10%,2026-08-27,System3,Complete,0,0,0,0,Current,0,None
L_0138,2023-10-01,2023-05-04,5,355,322700.0,322865.02,5.11,700-759,60-80%,<20%,FL,Purchase,Primary,Single Family,Servicer C,Current,0,0,0,0,0-10%,2026-08-27,System1,Complete,0,0,0,0,Current,0,None
L_0138,2023-10-31,2023-05-04,6,354,322700.0,321687.5,5.11,700-759,60-80%,<20%,FL,Purchase,Primary,Single Family,Servicer C,Current,0,0,0,0,0-10%,2026-08-27,System2,Pending,1,0,0,0,Current,0,None
L_0138,2023-11-30,2023-05-04,7,353,322700.0,319743.91,5.11,700-759,60-80%,<20%,FL,Purchase,Primary,Single Family,Servicer C,Current,0,0,0,0,25-50%,2026-08-27,System3,Complete,0,0,0,0,Current,0,None
L_0138,2023-12-30,2023-05-04,8,352,322700.0,316134.53,5.11,700-759,60-80%,<20%,FL,Purchase,Primary,Single Family,Servicer C,Current,0,0,0,0,10-25%,2026-08-27,System3,Missing,0,0,0,0,Current,0,None
L_0138,2024-01-29,2023-05-04,9,351,322700.0,317633.17,5.11,700-759,60-80%,<20%,FL,Purchase,Primary,Single Family,Servicer C,90 Days Delinquent,90,0,0,0,25-50%,2026-08-27,System1,Complete,0,0,0,0,Delinquent,0,None
L_0138,2024-02-28,2023-05-04,10,350,322700.0,314149.91,5.11,700-759,60-80%,<20%,FL,Purchase,Primary,Single Family,Servicer C,30 Days Delinquent,30,0,0,0,25-50%,2026-08-27,System3,Pending,0,0,0,0,Delinquent,0,None
L_0138,2024-03-29,2023-05-04,11,349,322700.0,312986.15,5.11,700-759,60-80%,<20%,FL,Purchase,Primary,Single Family,Servicer C,Current,0,0,0,0,0-10%,2026-08-27,System3,Complete,0,0,0,0,Current,0,None
L_0139,2023-03-16,2023-03-16,0,360,778800.0,778992.27,3.04,<640,60-80%,30-40%,PA,Purchase,Primary,Single Family,Servicer D,Current,0,0,0,0,10-25%,2026-08-27,System1,Missing,0,0,0,0,Current,0,None
L_0139,2023-04-15,2023-03-16,1,359,778800.0,761983.79,3.04,<640,60-80%,30-40%,PA,Purchase,Primary,Single Family,Servicer D,Current,0,0,0,0,0-10%,2026-08-27,System2,Complete,0,0,0,0,Current,0,None
L_0139,2023-05-15,2023-03-16,2,358,778800.0,780213.54,3.04,<640,60-80%,30-40%,PA,Purchase,Primary,Single Family,Servicer D,Current,0,0,0,0,10-25%,2026-08-27,System2,Complete,0,0,0,0,Current,0,None
L_0139,2023-06-14,2023-03-16,3,357,778800.0,770757.83,3.04,<640,60-80%,30-40%,PA,Purchase,Primary,Single Family,Servicer D,Current,0,0,0,0,10-25%,2026-08-27,System3,Complete,0,0,0,0,Current,0,None
L_0139,2023-07-14,2023-03-16,4,356,778800.0,768859.61,3.04,<640,60-80%,30-40%,PA,Purchase,Primary,Single Family,Servicer D,Current,0,0,0,0,>50%,2026-08-27,System1,Complete,0,0,1,0,Current,0,None
L_0139,2023-08-13,2023-03-16,5,355,778800.0,773084.87,3.04,<640,60-80%,30-40%,PA,Purchase,Primary,Single Family,Servicer D,Current,0,0,0,0,10-25%,2026-08-27,System2,Complete,0,0,0,0,Current,0,None
L_0139,2023-09-12,2023-03-16,6,354,778800.0,769961.41,3.04,<640,60-80%,30-40%,PA,Purchase,Primary,Single Family,Servicer D,Current,0,0,0,0,0-10%,2026-08-27,System2,Complete,0,0,0,0,Current,0,None
L_0139,2023-10-12,2023-03-16,7,353,778800.0,780683.38,3.04,<640,60-80%,30-40%,PA,Purchase,Primary,Single Family,Servicer D,Current,0,0,0,0,0-10%,2026-08-27,System1,Complete,0,0,0,0,Current,0,None
L_0139,2023-11-11,2023-03-16,8,352,778800.0,763245.46,3.04,<640,60-80%,30-40%,PA,Purchase,Primary,Single Family,Servicer D,Current,0,0,0,0,>50%,2026-08-27,System3,Pending,0,0,0,0,Current,0,None
L_0139,2023-12-11,2023-03-16,9,351,778800.0,771122.78,3.04,<640,60-80%,30-40%,PA,Purchase,Primary,Single Family,Servicer D,Current,0,0,0,0,25-50%,2026-08-27,System2,Complete,0,0,0,1,Current,0,None
L_0139,2024-01-10,2023-03-16,10,350,778800.0,759296.12,3.04,<640,60-80%,30-40%,PA,Purchase,Primary,Single Family,Servicer D,Current,0,0,0,0,25-50%,2026-08-27,System1,Complete,0,1,0,0,Current,0,None
L_0139,2024-02-09,2023-03-16,11,349,778800.0,762764.59,3.04,<640,60-80%,30-40%,PA,Purchase,Primary,Single Family,Servicer D,Current,0,0,0,0,25-50%,2026-08-27,System2,Pending,0,0,0,0,Current,0,None
L_0140,2023-04-13,2023-04-13,0,360,771800.0,762623.75,5.2,760+,60-80%,20-30%,GA,Refinance,Primary,Single Family,Servicer D,Current,0,0,0,0,0-10%,2026-08-27,System2,Pending,0,1,0,0,Current,0,None
L_0140,2023-05-13,2023-04-13,1,359,771800.0,773659.09,5.2,760+,60-80%,20-30%,GA,Refinance,Primary,Single Family,Servicer D,Current,0,0,0,0,0-10%,2026-08-27,System1,Complete,1,0,0,0,Current,0,None
L_0140,2023-06-12,2023-04-13,2,358,771800.0,782555.37,5.2,760+,60-80%,20-30%,GA,Refinance,Primary,Single Family,Servicer D,Current,0,0,0,0,0-10%,2026-08-27,System2,Complete,0,0,0,0,Current,0,None
L_0140,2023-07-12,2023-04-13,3,357,771800.0,762088.74,5.2,760+,60-80%,20-30%,GA,Refinance,Primary,Single Family,Servicer D,Current,0,0,0,0,0-10%,2026-08-27,System2,Complete,1,0,0,0,Current,0,None
L_0140,2023-08-11,2023-04-13,4,356,771800.0,771621.64,5.2,760+,60-80%,20-30%,GA,Refinance,Primary,Single Family,Servicer D,Charged Off,120,0,0,1,10-25%,2026-08-27,System3,Complete,0,0,0,0,Current,1,High DPD
L_0140,2023-09-10,2023-04-13,5,355,771800.0,759735.31,5.2,760+,60-80%,20-30%,GA,Refinance,Primary,Single Family,Servicer D,Current,0,0,0,0,0-10%,2026-08-27,System1,Complete,0,0,0,0,Current,0,None
L_0140,2023-10-10,2023-04-13,6,354,771800.0,761137.66,5.2,760+,60-80%,20-30%,GA,Refinance,Primary,Single Family,Servicer D,Charged Off,120,0,0,0,25-50%,2026-08-27,System1,Complete,0,0,0,0,Current,1,High DPD
L_0140,2023-11-09,2023-04-13,7,353,771800.0,763559.43,5.2,760+,60-80%,20-30%,GA,Refinance,Primary,Single Family,Servicer D,Current,0,0,0,0,25-50%,2026-08-27,System2,Pending,0,0,0,1,Current,0,None
L_0140,2023-12-09,2023-04-13,8,352,771800.0,753173.41,5.2,760+,60-80%,20-30%,GA,Refinance,Primary,Single Family,Servicer D,Current,0,0,0,0,0-10%,2026-08-27,System3,Complete,0,0,0,0,Current,0,None
L_0140,2024-01-08,2023-04-13,9,351,771800.0,759720.76,5.2,760+,60-80%,20-30%,GA,Refinance,Primary,Single Family,Servicer D,Prepaid,0,0,1,0,0-10%,2026-08-27,System1,Complete,0,0,0,0,Current,0,None
L_0140,2024-02-07,2023-04-13,10,350,771800.0,751923.17,5.2,760+,60-80%,20-30%,GA,Refinance,Primary,Single Family,Servicer D,Current,0,0,0,0,25-50%,2026-08-27,System2,Complete,0,1,0,0,Current,0,None
L_0140,2024-03-08,2023-04-13,11,349,771800.0,759539.95,5.2,760+,60-80%,20-30%,GA,Refinance,Primary,Single Family,Servicer D,Current,0,0,0,0,10-25%,2026-08-27,System1,Complete,0,0,0,0,Current,0,None
L_0141,2023-05-17,2023-05-17,0,360,238800.0,237512.38,5.1,700-759,60-80%,30-40%,NC,Refinance,Primary,Single Family,Servicer D,Current,0,0,0,0,0-10%,2026-08-27,System3,Complete,0,1,0,0,Current,0,None
L_0141,2023-06-16,2023-05-17,1,359,238800.0,237597.21,5.1,700-759,60-80%,30-40%,NC,Refinance,Primary,Single Family,Servicer D,Current,0,0,0,0,>50%,2026-08-27,System2,Complete,1,0,0,0,Current,0,None
L_0141,2023-07-16,2023-05-17,2,358,238800.0,233338.64,5.1,700-759,60-80%,30-40%,NC,Refinance,Primary,Single Family,Servicer D,Current,0,0,0,0,10-25%,2026-08-27,System1,Complete,0,1,0,0,Current,0,None
L_0141,2023-08-15,2023-05-17,3,357,238800.0,234230.65,5.1,700-759,60-80%,30-40%,NC,Refinance,Primary,Single Family,Servicer D,Current,0,0,0,0,>50%,2026-08-27,System3,Complete,1,0,0,0,Current,0,None
L_0141,2023-09-14,2023-05-17,4,356,238800.0,239897.57,5.1,700-759,60-80%,30-40%,NC,Refinance,Primary,Single Family,Servicer D,60 Days Delinquent,60,0,0,0,25-50%,2026-08-27,System3,Complete,0,0,0,0,Delinquent,0,None
L_0141,2023-10-14,2023-05-17,5,355,238800.0,235830.22,5.1,700-759,60-80%,30-40%,NC,Refinance,Primary,Single Family,Servicer D,Current,0,0,0,0,0-10%,2026-08-27,System1,Complete,1,0,0,0,Current,0,None
L_0141,2023-11-13,2023-05-17,6,354,238800.0,237840.29,5.1,700-759,60-80%,30-40%,NC,Refinance,Primary,Single Family,Servicer D,90 Days Delinquent,90,0,0,0,0-10%,2026-08-27,System1,Complete,0,0,0,0,Delinquent,0,None
L_0141,2023-12-13,2023-05-17,7,353,238800.0,235364.99,5.1,700-759,60-80%,30-40%,NC,Refinance,Primary,Single Family,Servicer D,Prepaid,0,0,1,0,10-25%,2026-08-27,System3,Complete,0,0,0,0,Current,0,None
L_0141,2024-01-12,2023-05-17,8,352,238800.0,235413.82,5.1,700-759,60-80%,30-40%,NC,Refinance,Primary,Single Family,Servicer D,Charged Off,120,0,0,0,10-25%,2026-08-27,System3,Complete,0,0,0,0,Current,1,High DPD
L_0141,2024-02-11,2023-05-17,9,351,238800.0,240133.35,5.1,700-759,60-80%,30-40%,NC,Refinance,Primary,Single Family,Servicer D,Current,0,0,0,0,10-25%,2026-08-27,System1,Complete,0,1,0,0,Current,0,None
L_0141,2024-03-12,2023-05-17,10,350,238800.0,233845.58,5.1,700-759,60-80%,30-40%,NC,Refinance,Primary,Single Family,Servicer D,Current,0,0,0,0,0-10%,2026-08-27,System1,Missing,0,0,0,0,Current,0,None
L_0141,2024-04-11,2023-05-17,11,349,238800.0,237042.31,5.1,700-759,60-80%,30-40%,NC,Refinance,Primary,Single Family,Servicer D,Current,0,0,0,0,>50%,2026-08-27,System2,Complete,0,1,0,0,Current,0,None
L_0142,2023-03-31,2023-03-31,0,360,422900.0,429617.72,3.45,640-699,80-90%,30-40%,NC,Refinance,Primary,Single Family,Servicer D,Current,0,0,0,0,0-10%,2026-08-27,System3,Complete,1,0,0,0,Current,0,None
L_0142,2023-04-30,2023-03-31,1,359,422900.0,422810.51,3.45,640-699,80-90%,30-40%,NC,Refinance,Primary,Single Family,Servicer D,Current,0,0,0,0,>50%,2026-08-27,System1,Complete,0,1,0,0,Current,0,None
L_0142,2023-05-30,2023-03-31,2,358,422900.0,421332.77,3.45,640-699,80-90%,30-40%,NC,Refinance,Primary,Single Family,Servicer D,Current,0,0,0,0,0-10%,2026-08-27,System3,Complete,1,0,0,0,Current,0,None
L_0142,2023-06-29,2023-03-31,3,357,422900.0,424763.94,3.45,640-699,80-90%,30-40%,NC,Refinance,Primary,Single Family,Servicer D,90 Days Delinquent,90,0,0,0,25-50%,2026-08-27,System1,Complete,0,0,0,0,Delinquent,0,None
L_0142,2023-07-29,2023-03-31,4,356,422900.0,414970.07,3.45,640-699,80-90%,30-40%,NC,Refinance,Primary,Single Family,Servicer D,Current,0,0,0,0,>50%,2026-08-27,System3,Pending,1,0,0,0,Current,0,None
L_0142,2023-08-28,2023-03-31,5,355,422900.0,423626.98,3.45,640-699,80-90%,30-40%,NC,Refinance,Primary,Single Family,Servicer D,Charged Off,120,0,0,0,0-10%,2026-08-27,System1,Complete,0,1,0,0,Current,1,High DPD
L_0142,2023-09-27,2023-03-31,6,354,422900.0,417350.6,3.45,640-699,80-90%,30-40%,NC,Refinance,Primary,Single Family,Servicer D,Current,0,0,0,0,>50%,2026-08-27,System2,Pending,0,0,0,0,Current,0,None
L_0142,2023-10-27,2023-03-31,7,353,422900.0,415384.1,3.45,640-699,80-90%,30-40%,NC,Refinance,Primary,Single Family,Servicer D,90 Days Delinquent,90,0,0,0,>50%,2026-08-27,System3,Complete,0,0,0,0,Delinquent,0,None
L_0142,2023-11-26,2023-03-31,8,352,422900.0,411862.6,3.45,640-699,80-90%,30-40%,NC,Refinance,Primary,Single Family,Servicer D,Current,0,0,0,0,10-25%,2026-08-27,System3,Complete,1,0,0,0,Current,0,None
L_0142,2023-12-26,2023-03-31,9,351,422900.0,421888.56,3.45,640-699,80-90%,30-40%,NC,Refinance,Primary,Single Family,Servicer D,Current,0,0,0,0,10-25%,2026-08-27,System1,Complete,0,0,0,0,Current,0,None
L_0142,2024-01-25,2023-03-31,10,350,422900.0,415120.17,3.45,640-699,80-90%,30-40%,NC,Refinance,Primary,Single Family,Servicer D,Current,0,0,0,0,10-25%,2026-08-27,System2,Complete,0,1,0,0,Current,0,None
L_0142,2024-02-24,2023-03-31,11,349,422900.0,413471.95,3.45,640-699,80-90%,30-40%,NC,Refinance,Primary,Single Family,Servicer D,90 Days Delinquent,90,0,0,0,10-25%,2026-08-27,System3,Complete,0,0,0,0,Delinquent,0,None
L_0143,2023-05-24,2023-05-24,0,360,275700.0,275021.79,4.89,700-759,60-80%,30-40%,NY,Refinance,Primary,Single Family,Servicer B,Current,0,0,0,0,10-25%,2026-08-27,System1,Complete,0,0,0,0,Current,0,None
L_0143,2023-06-23,2023-05-24,1,359,275700.0,276377.7,4.89,700-759,60-80%,30-40%,NY,Refinance,Primary,Single Family,Servicer B,Current,0,0,0,0,25-50%,2026-08-27,System2,Complete,1,0,0,0,Current,0,None
L_0143,2023-07-23,2023-05-24,2,358,275700.0,271538.89,4.89,700-759,60-80%,30-40%,NY,Refinance,Primary,Single Family,Servicer B,Current,0,0,0,0,10-25%,2026-08-27,System1,Complete,0,0,0,0,Current,0,None
L_0143,2023-08-22,2023-05-24,3,357,275700.0,277731.77,4.89,700-759,60-80%,30-40%,NY,Refinance,Primary,Single Family,Servicer B,Current,0,0,0,0,10-25%,2026-08-27,System2,Complete,0,0,0,0,Current,0,None
L_0143,2023-09-21,2023-05-24,4,356,275700.0,273316.25,4.89,700-759,60-80%,30-40%,NY,Refinance,Primary,Single Family,Servicer B,90 Days Delinquent,90,0,0,0,0-10%,2026-08-27,System3,Complete,0,0,0,0,Delinquent,0,None
L_0143,2023-10-21,2023-05-24,5,355,275700.0,274166.65,4.89,700-759,60-80%,30-40%,NY,Refinance,Primary,Single Family,Servicer B,Current,0,0,0,0,0-10%,2026-08-27,System2,Complete,0,0,0,0,Current,0,None
L_0143,2023-11-20,2023-05-24,6,354,275700.0,273882.82,4.89,700-759,60-80%,30-40%,NY,Refinance,Primary,Single Family,Servicer B,Current,0,0,0,0,25-50%,2026-08-27,System3,Complete,0,0,0,0,Current,0,None
L_0143,2023-12-20,2023-05-24,7,353,275700.0,269299.7,4.89,700-759,60-80%,30-40%,NY,Refinance,Primary,Single Family,Servicer B,Current,0,0,0,0,25-50%,2026-08-27,System3,Complete,0,0,0,0,Current,0,None
L_0143,2024-01-19,2023-05-24,8,352,275700.0,269021.45,4.89,700-759,60-80%,30-40%,NY,Refinance,Primary,Single Family,Servicer B,Current,0,0,0,0,>50%,2026-08-27,System3,Complete,0,0,0,0,Current,0,None
L_0143,2024-02-18,2023-05-24,9,351,275700.0,271632.63,4.89,700-759,60-80%,30-40%,NY,Refinance,Primary,Single Family,Servicer B,Current,0,0,0,0,25-50%,2026-08-27,System2,Complete,0,0,0,0,Current,0,None
L_0143,2024-03-19,2023-05-24,10,350,275700.0,274300.76,4.89,700-759,60-80%,30-40%,NY,Refinance,Primary,Single Family,Servicer B,Current,0,0,0,0,25-50%,2026-08-27,System3,Complete,0,0,0,0,Current,0,None
L_0143,2024-04-18,2023-05-24,11,349,275700.0,269094.16,4.89,700-759,60-80%,30-40%,NY,Refinance,Primary,Single Family,Servicer B,Current,0,0,0,0,>50%,2026-08-27,System1,Complete,0,0,0,0,Current,0,None
L_0144,2023-03-10,2023-03-10,0,360,263600.0,259858.37,4.69,700-759,60-80%,20-30%,IL,Purchase,Primary,Single Family,Servicer C,Current,0,0,0,0,>50%,2026-08-27,System3,Pending,0,0,0,0,Current,0,None
L_0144,2023-04-09,2023-03-10,1,359,263600.0,260817.1,4.69,700-759,60-80%,20-30%,IL,Purchase,Primary,Single Family,Servicer C,Current,0,0,0,0,>50%,2026-08-27,System2,Complete,0,0,0,0,Current,0,None
L_0144,2023-05-09,2023-03-10,2,358,263600.0,261768.54,4.69,700-759,60-80%,20-30%,IL,Purchase,Primary,Single Family,Servicer C,Current,0,0,0,0,10-25%,2026-08-27,System3,Complete,0,0,0,0,Current,0,None
L_0144,2023-06-08,2023-03-10,3,357,263600.0,263680.34,4.69,700-759,60-80%,20-30%,IL,Purchase,Primary,Single Family,Servicer C,Current,0,0,0,0,0-10%,2026-08-27,System1,Pending,0,0,0,0,Current,0,None
L_0144,2023-07-08,2023-03-10,4,356,263600.0,262435.09,4.69,700-759,60-80%,20-30%,IL,Purchase,Primary,Single Family,Servicer C,Current,0,0,0,0,>50%,2026-08-27,System1,Complete,0,1,0,0,Current,0,None
L_0144,2023-08-07,2023-03-10,5,355,263600.0,262925.95,4.69,700-759,60-80%,20-30%,IL,Purchase,Primary,Single Family,Servicer C,30 Days Delinquent,30,0,0,0,10-25%,2026-08-27,System3,Complete,0,0,0,0,Delinquent,0,None
L_0144,2023-09-06,2023-03-10,6,354,263600.0,265583.48,4.69,700-759,60-80%,20-30%,IL,Purchase,Primary,Single Family,Servicer C,Current,0,0,0,0,10-25%,2026-08-27,System3,Complete,0,0,0,0,Current,0,None
L_0144,2023-10-06,2023-03-10,7,353,263600.0,265878.12,4.69,700-759,60-80%,20-30%,IL,Purchase,Primary,Single Family,Servicer C,Current,0,0,0,0,>50%,2026-08-27,System3,Pending,1,0,0,0,Current,0,None
L_0144,2023-11-05,2023-03-10,8,352,263600.0,259850.08,4.69,700-759,60-80%,20-30%,IL,Purchase,Primary,Single Family,Servicer C,Current,0,0,0,0,10-25%,2026-08-27,System1,Complete,0,0,0,0,Current,0,None
L_0144,2023-12-05,2023-03-10,9,351,263600.0,256380.19,4.69,700-759,60-80%,20-30%,IL,Purchase,Primary,Single Family,Servicer C,Current,0,0,0,0,10-25%,2026-08-27,System3,Complete,0,0,0,0,Current,0,None
L_0144,2024-01-04,2023-03-10,10,350,263600.0,254223.48,4.69,700-759,60-80%,20-30%,IL,Purchase,Primary,Single Family,Servicer C,90 Days Delinquent,90,0,0,0,0-10%,2026-08-27,System2,Complete,0,0,0,0,Delinquent,0,None
L_0144,2024-02-03,2023-03-10,11,349,263600.0,258829.91,4.69,700-759,60-80%,20-30%,IL,Purchase,Primary,Single Family,Servicer C,Current,0,0,0,0,25-50%,2026-08-27,System1,Complete,0,0,0,0,Current,0,None
L_0145,2023-03-02,2023-03-02,0,360,77700.0,77788.82,5.89,640-699,80-90%,<20%,TX,Refinance,Secondary,Single Family,Servicer B,Current,0,0,0,0,25-50%,2026-08-27,System2,Complete,0,0,0,0,Current,0,None
L_0145,2023-04-01,2023-03-02,1,359,77700.0,77546.0,5.89,640-699,80-90%,<20%,TX,Refinance,Secondary,Single Family,Servicer B,Current,0,0,0,0,25-50%,2026-08-27,System2,Complete,0,0,0,0,Current,0,None
L_0145,2023-05-01,2023-03-02,2,358,77700.0,76945.74,5.89,640-699,80-90%,<20%,TX,Refinance,Secondary,Single Family,Servicer B,Current,0,0,0,0,0-10%,2026-08-27,System2,Complete,0,0,0,0,Current,0,None
L_0145,2023-05-31,2023-03-02,3,357,77700.0,77936.82,5.89,640-699,80-90%,<20%,TX,Refinance,Secondary,Single Family,Servicer B,Current,0,0,0,0,>50%,2026-08-27,System1,Complete,0,0,0,0,Current,0,None
L_0145,2023-06-30,2023-03-02,4,356,77700.0,76521.79,5.89,640-699,80-90%,<20%,TX,Refinance,Secondary,Single Family,Servicer B,Current,0,0,0,0,0-10%,2026-08-27,System3,Complete,0,0,0,0,Current,0,None
L_0145,2023-07-30,2023-03-02,5,355,77700.0,77679.19,5.89,640-699,80-90%,<20%,TX,Refinance,Secondary,Single Family,Servicer B,Current,0,0,0,0,0-10%,2026-08-27,System1,Complete,0,0,0,0,Current,0,None
L_0145,2023-08-29,2023-03-02,6,354,77700.0,77705.48,5.89,640-699,80-90%,<20%,TX,Refinance,Secondary,Single Family,Servicer B,Current,0,0,0,0,10-25%,2026-08-27,System3,Complete,0,0,0,0,Current,0,None
L_0145,2023-09-28,2023-03-02,7,353,77700.0,75737.2,5.89,640-699,80-90%,<20%,TX,Refinance,Secondary,Single Family,Servicer B,Current,0,1,0,0,10-25%,2026-08-27,System3,Complete,0,0,0,0,Current,0,None
L_0145,2023-10-28,2023-03-02,8,352,77700.0,75968.09,5.89,640-699,80-90%,<20%,TX,Refinance,Secondary,Single Family,Servicer B,Current,0,0,0,0,0-10%,2026-08-27,System2,Complete,0,0,0,0,Current,0,None
L_0145,2023-11-27,2023-03-02,9,351,77700.0,76182.16,5.89,640-699,80-90%,<20%,TX,Refinance,Secondary,Single Family,Servicer B,Current,0,0,0,0,25-50%,2026-08-27,System2,Complete,0,0,0,0,Current,0,None
L_0145,2023-12-27,2023-03-02,10,350,77700.0,76448.28,5.89,640-699,80-90%,<20%,TX,Refinance,Secondary,Single Family,Servicer B,Current,0,0,0,0,10-25%,2026-08-27,System3,Complete,0,0,0,0,Current,0,None
L_0145,2024-01-26,2023-03-02,11,349,77700.0,76325.07,5.89,640-699,80-90%,<20%,TX,Refinance,Secondary,Single Family,Servicer B,Current,0,0,0,0,10-25%,2026-08-27,System3,Missing,0,0,0,0,Current,0,None
L_0146,2023-05-18,2023-05-18,0,360,507200.0,507497.26,5.99,<640,60-80%,<20%,NC,Purchase,Secondary,Single Family,Servicer C,Current,0,0,0,0,25-50%,2026-08-27,System2,Complete,0,0,0,0,Current,0,None
L_0146,2023-06-17,2023-05-18,1,359,507200.0,499970.51,5.99,<640,60-80%,<20%,NC,Purchase,Secondary,Single Family,Servicer C,Current,0,0,0,0,0-10%,2026-08-27,System1,Complete,0,0,0,0,Current,0,None
L_0146,2023-07-17,2023-05-18,2,358,507200.0,502237.29,5.99,<640,60-80%,<20%,NC,Purchase,Secondary,Single Family,Servicer C,Current,0,0,0,0,25-50%,2026-08-27,System3,Pending,0,0,0,0,Current,0,None
L_0146,2023-08-16,2023-05-18,3,357,507200.0,504840.87,5.99,<640,60-80%,<20%,NC,Purchase,Secondary,Single Family,Servicer C,Current,0,0,0,0,>50%,2026-08-27,System3,Missing,0,0,0,0,Current,0,None
L_0146,2023-09-15,2023-05-18,4,356,507200.0,497492.97,5.99,<640,60-80%,<20%,NC,Purchase,Secondary,Single Family,Servicer C,Current,0,0,0,0,>50%,2026-08-27,System1,Complete,0,0,0,0,Current,0,None
L_0146,2023-10-15,2023-05-18,5,355,507200.0,498378.31,5.99,<640,60-80%,<20%,NC,Purchase,Secondary,Single Family,Servicer C,Current,0,0,0,0,10-25%,2026-08-27,System1,Complete,0,0,0,0,Current,0,None
L_0146,2023-11-14,2023-05-18,6,354,507200.0,502717.81,5.99,<640,60-80%,<20%,NC,Purchase,Secondary,Single Family,Servicer C,Current,0,0,0,0,0-10%,2026-08-27,System2,Complete,0,0,0,0,Current,0,None
L_0146,2023-12-14,2023-05-18,7,353,507200.0,503865.0,5.99,<640,60-80%,<20%,NC,Purchase,Secondary,Single Family,Servicer C,Current,0,0,0,0,>50%,2026-08-27,System1,Complete,0,0,0,0,Current,0,None
L_0146,2024-01-13,2023-05-18,8,352,507200.0,503919.97,5.99,<640,60-80%,<20%,NC,Purchase,Secondary,Single Family,Servicer C,Current,0,0,0,0,25-50%,2026-08-27,System2,Complete,0,0,0,0,Current,0,None
L_0146,2024-02-12,2023-05-18,9,351,507200.0,491009.41,5.99,<640,60-80%,<20%,NC,Purchase,Secondary,Single Family,Servicer C,Current,0,0,0,0,25-50%,2026-08-27,System2,Complete,0,0,0,0,Current,0,None
L_0146,2024-03-13,2023-05-18,10,350,507200.0,500038.42,5.99,<640,60-80%,<20%,NC,Purchase,Secondary,Single Family,Servicer C,Current,0,0,0,0,0-10%,2026-08-27,System3,Complete,0,0,0,0,Current,0,None
L_0146,2024-04-12,2023-05-18,11,349,507200.0,506010.3,5.99,<640,60-80%,<20%,NC,Purchase,Secondary,Single Family,Servicer C,Current,0,0,0,0,25-50%,2026-08-27,System1,Complete,0,0,0,0,Current,0,None
L_0147,2023-02-19,2023-02-19,0,360,427000.0,427841.98,2.75,700-759,60-80%,>40%,GA,Refinance,Secondary,Single Family,Servicer A,Current,0,0,0,0,25-50%,2026-08-27,System3,Pending,0,0,0,0,Current,0,None
L_0147,2023-03-21,2023-02-19,1,359,427000.0,423472.36,2.75,700-759,60-80%,>40%,GA,Refinance,Secondary,Single Family,Servicer A,Current,0,0,0,0,25-50%,2026-08-27,System3,Complete,0,0,0,0,Current,0,None
L_0147,2023-04-20,2023-02-19,2,358,427000.0,419920.72,2.75,700-759,60-80%,>40%,GA,Refinance,Secondary,Single Family,Servicer A,Current,0,0,0,0,0-10%,2026-08-27,System1,Complete,0,0,0,0,Current,0,None
L_0147,2023-05-20,2023-02-19,3,357,427000.0,416326.31,2.75,700-759,60-80%,>40%,GA,Refinance,Secondary,Single Family,Servicer A,Current,0,0,0,0,25-50%,2026-08-27,System1,Complete,0,0,0,0,Current,0,None
L_0147,2023-06-19,2023-02-19,4,356,427000.0,413085.32,2.75,700-759,60-80%,>40%,GA,Refinance,Secondary,Single Family,Servicer A,Current,0,0,0,0,25-50%,2026-08-27,System3,Complete,0,0,0,0,Current,0,None
L_0147,2023-07-19,2023-02-19,5,355,427000.0,414091.54,2.75,700-759,60-80%,>40%,GA,Refinance,Secondary,Single Family,Servicer A,30 Days Delinquent,30,0,0,0,>50%,2026-08-27,System3,Complete,0,0,0,0,Delinquent,0,None
L_0147,2023-08-18,2023-02-19,6,354,427000.0,423037.93,2.75,700-759,60-80%,>40%,GA,Refinance,Secondary,Single Family,Servicer A,Current,0,0,0,0,10-25%,2026-08-27,System1,Complete,0,0,0,0,Current,0,None
L_0147,2023-09-17,2023-02-19,7,353,427000.0,419077.03,2.75,700-759,60-80%,>40%,GA,Refinance,Secondary,Single Family,Servicer A,Current,0,0,0,0,>50%,2026-08-27,System3,Complete,0,0,0,0,Current,0,None
L_0147,2023-10-17,2023-02-19,8,352,427000.0,430550.77,2.75,700-759,60-80%,>40%,GA,Refinance,Secondary,Single Family,Servicer A,Current,0,0,0,0,10-25%,2026-08-27,System3,Complete,0,0,0,0,Current,0,None
L_0147,2023-11-16,2023-02-19,9,351,427000.0,417125.0,2.75,700-759,60-80%,>40%,GA,Refinance,Secondary,Single Family,Servicer A,Current,0,0,0,0,10-25%,2026-08-27,System1,Complete,0,0,0,0,Current,0,None
L_0147,2023-12-16,2023-02-19,10,350,427000.0,421723.71,2.75,700-759,60-80%,>40%,GA,Refinance,Secondary,Single Family,Servicer A,Current,0,0,0,0,10-25%,2026-08-27,System1,Complete,0,0,0,0,Current,0,None
L_0147,2024-01-15,2023-02-19,11,349,427000.0,413022.4,2.75,700-759,60-80%,>40%,GA,Refinance,Secondary,Single Family,Servicer A,Current,0,0,0,0,25-50%,2026-08-27,System1,Complete,0,0,0,0,Current,0,None
L_0148,2023-01-03,2023-01-03,0,360,88600.0,89870.19,4.56,700-759,>90%,>40%,FL,Purchase,Investment,Condo,Servicer D,Current,0,0,0,0,0-10%,2026-08-27,System2,Pending,0,1,0,0,Current,0,None
L_0148,2023-02-02,2023-01-03,1,359,88600.0,88592.09,4.56,700-759,>90%,>40%,FL,Purchase,Investment,Condo,Servicer D,Current,0,0,0,0,10-25%,2026-08-27,System3,Complete,0,0,0,0,Current,0,None
L_0148,2023-03-04,2023-01-03,2,358,88600.0,89129.29,4.56,700-759,>90%,>40%,FL,Purchase,Investment,Condo,Servicer D,Current,0,0,0,0,25-50%,2026-08-27,System2,Complete,0,0,0,0,Current,0,None
L_0148,2023-04-03,2023-01-03,3,357,88600.0,87665.61,4.56,700-759,>90%,>40%,FL,Purchase,Investment,Condo,Servicer D,Current,0,0,0,0,25-50%,2026-08-27,System3,Complete,1,0,0,0,Current,0,None
L_0148,2023-05-03,2023-01-03,4,356,88600.0,87761.03,4.56,700-759,>90%,>40%,FL,Purchase,Investment,Condo,Servicer D,Current,0,0,0,0,0-10%,2026-08-27,System2,Pending,0,0,0,0,Current,0,None
L_0148,2023-06-02,2023-01-03,5,355,88600.0,87356.83,4.56,700-759,>90%,>40%,FL,Purchase,Investment,Condo,Servicer D,Current,0,0,0,0,0-10%,2026-08-27,System3,Complete,0,0,0,0,Current,0,None
L_0148,2023-07-02,2023-01-03,6,354,88600.0,87631.35,4.56,700-759,>90%,>40%,FL,Purchase,Investment,Condo,Servicer D,60 Days Delinquent,60,0,0,0,0-10%,2026-08-27,System2,Complete,0,0,0,0,Delinquent,0,None
L_0148,2023-08-01,2023-01-03,7,353,88600.0,86075.0,4.56,700-759,>90%,>40%,FL,Purchase,Investment,Condo,Servicer D,Current,0,0,0,0,10-25%,2026-08-27,System1,Complete,0,0,0,0,Current,0,None
L_0148,2023-08-31,2023-01-03,8,352,88600.0,86264.23,4.56,700-759,>90%,>40%,FL,Purchase,Investment,Condo,Servicer D,Current,0,0,0,0,10-25%,2026-08-27,System3,Complete,0,0,0,0,Current,0,None
L_0148,2023-09-30,2023-01-03,9,351,88600.0,87307.15,4.56,700-759,>90%,>40%,FL,Purchase,Investment,Condo,Servicer D,Current,0,0,0,0,25-50%,2026-08-27,System3,Complete,0,0,0,0,Current,0,None
L_0148,2023-10-30,2023-01-03,10,350,88600.0,85111.57,4.56,700-759,>90%,>40%,FL,Purchase,Investment,Condo,Servicer D,Current,0,0,0,0,10-25%,2026-08-27,System2,Pending,0,0,0,0,Current,0,None
L_0148,2023-11-29,2023-01-03,11,349,88600.0,86221.69,4.56,700-759,>90%,>40%,FL,Purchase,Investment,Condo,Servicer D,Current,0,0,0,0,0-10%,2026-08-27,System1,Complete,0,0,0,1,Current,0,None
L_0149,2023-04-17,2023-04-17,0,360,259000.0,259020.78,5.94,760+,80-90%,30-40%,NC,Refinance,Primary,Single Family,Servicer B,Current,0,0,0,0,25-50%,2026-08-27,System2,Pending,0,0,0,0,Current,0,None
L_0149,2023-05-17,2023-04-17,1,359,259000.0,257162.93,5.94,760+,80-90%,30-40%,NC,Refinance,Primary,Single Family,Servicer B,Current,0,0,0,0,10-25%,2026-08-27,System2,Complete,0,0,0,0,Current,0,None
L_0149,2023-06-16,2023-04-17,2,358,259000.0,260894.76,5.94,760+,80-90%,30-40%,NC,Refinance,Primary,Single Family,Servicer B,Current,0,0,0,0,25-50%,2026-08-27,System1,Complete,0,0,0,0,Current,0,None
L_0149,2023-07-16,2023-04-17,3,357,259000.0,252114.68,5.94,760+,80-90%,30-40%,NC,Refinance,Primary,Single Family,Servicer B,Current,0,0,0,0,0-10%,2026-08-27,System1,Pending,0,0,0,0,Current,0,None
L_0149,2023-08-15,2023-04-17,4,356,259000.0,258982.41,5.94,760+,80-90%,30-40%,NC,Refinance,Primary,Single Family,Servicer B,Current,0,0,0,0,10-25%,2026-08-27,System2,Complete,0,0,0,0,Current,0,None
L_0149,2023-09-14,2023-04-17,5,355,259000.0,259466.29,5.94,760+,80-90%,30-40%,NC,Refinance,Primary,Single Family,Servicer B,Current,0,0,0,0,0-10%,2026-08-27,System3,Complete,0,0,0,0,Current,0,None
L_0149,2023-10-14,2023-04-17,6,354,259000.0,255148.62,5.94,760+,80-90%,30-40%,NC,Refinance,Primary,Single Family,Servicer B,Current,0,0,0,0,0-10%,2026-08-27,System1,Complete,0,0,1,0,Current,0,None
L_0149,2023-11-13,2023-04-17,7,353,259000.0,255172.53,5.94,760+,80-90%,30-40%,NC,Refinance,Primary,Single Family,Servicer B,Current,0,0,0,0,10-25%,2026-08-27,System1,Complete,0,0,0,0,Current,0,None
L_0149,2023-12-13,2023-04-17,8,352,259000.0,251714.75,5.94,760+,80-90%,30-40%,NC,Refinance,Primary,Single Family,Servicer B,Current,0,0,0,0,25-50%,2026-08-27,System1,Complete,0,0,0,0,Current,0,None
L_0149,2024-01-12,2023-04-17,9,351,259000.0,259054.53,5.94,760+,80-90%,30-40%,NC,Refinance,Primary,Single Family,Servicer B,Current,0,0,0,0,25-50%,2026-08-27,System2,Complete,0,0,0,0,Current,0,None
L_0149,2024-02-11,2023-04-17,10,350,259000.0,247580.67,5.94,760+,80-90%,30-40%,NC,Refinance,Primary,Single Family,Servicer B,Current,0,0,0,0,10-25%,2026-08-27,System2,Complete,0,0,0,0,Current,0,None
L_0149,2024-03-12,2023-04-17,11,349,259000.0,250817.7,5.94,760+,80-90%,30-40%,NC,Refinance,Primary,Single Family,Servicer B,Prepaid,0,1,1,0,10-25%,2026-08-27,System1,Complete,0,0,0,0,Current,0,None
L_0150,2023-04-23,2023-04-23,0,360,731200.0,730972.34,5.27,700-759,<60%,30-40%,FL,Purchase,Primary,Single Family,Servicer C,Current,0,0,0,0,10-25%,2026-08-27,System2,Missing,0,1,0,0,Current,0,None
L_0150,2023-05-23,2023-04-23,1,359,731200.0,732176.38,5.27,700-759,<60%,30-40%,FL,Purchase,Primary,Single Family,Servicer C,Current,0,0,0,0,0-10%,2026-08-27,System2,Missing,0,0,0,0,Current,0,None
L_0150,2023-06-22,2023-04-23,2,358,731200.0,732374.74,5.27,700-759,<60%,30-40%,FL,Purchase,Primary,Single Family,Servicer C,Current,0,0,0,0,25-50%,2026-08-27,System3,Complete,0,0,0,0,Current,0,None
L_0150,2023-07-22,2023-04-23,3,357,731200.0,726031.88,5.27,700-759,<60%,30-40%,FL,Purchase,Primary,Single Family,Servicer C,Current,0,0,0,0,0-10%,2026-08-27,System1,Complete,1,0,0,0,Current,0,None
L_0150,2023-08-21,2023-04-23,4,356,731200.0,723310.69,5.27,700-759,<60%,30-40%,FL,Purchase,Primary,Single Family,Servicer C,Current,0,0,0,0,25-50%,2026-08-27,System1,Complete,0,0,0,0,Current,0,None
L_0150,2023-09-20,2023-04-23,5,355,731200.0,724781.42,5.27,700-759,<60%,30-40%,FL,Purchase,Primary,Single Family,Servicer C,Current,0,0,0,0,0-10%,2026-08-27,System2,Complete,0,0,0,0,Current,0,None
L_0150,2023-10-20,2023-04-23,6,354,731200.0,723691.57,5.27,700-759,<60%,30-40%,FL,Purchase,Primary,Single Family,Servicer C,Charged Off,120,0,0,1,10-25%,2026-08-27,System2,Complete,0,0,0,0,Current,1,High DPD
L_0150,2023-11-19,2023-04-23,7,353,731200.0,702919.29,5.27,700-759,<60%,30-40%,FL,Purchase,Primary,Single Family,Servicer C,Current,0,0,0,0,25-50%,2026-08-27,System1,Missing,0,0,0,0,Current,0,None
L_0150,2023-12-19,2023-04-23,8,352,731200.0,713310.94,5.27,700-759,<60%,30-40%,FL,Purchase,Primary,Single Family,Servicer C,Current,0,0,0,0,>50%,2026-08-27,System3,Complete,0,0,0,0,Current,0,None
L_0150,2024-01-18,2023-04-23,9,351,731200.0,714839.71,5.27,700-759,<60%,30-40%,FL,Purchase,Primary,Single Family,Servicer C,Current,0,0,0,0,>50%,2026-08-27,System2,Missing,0,0,0,0,Current,0,None
L_0150,2024-02-17,2023-04-23,10,350,731200.0,727205.64,5.27,700-759,<60%,30-40%,FL,Purchase,Primary,Single Family,Servicer C,Current,0,0,0,0,25-50%,2026-08-27,System1,Missing,0,0,0,0,Current,0,None
L_0150,2024-03-18,2023-04-23,11,349,731200.0,695904.14,5.27,700-759,<60%,30-40%,FL,Purchase,Primary,Single Family,Servicer C,Current,0,0,0,0,10-25%,2026-08-27,System3,Complete,0,0,0,0,Current,0,None
L_0151,2023-04-04,2023-04-04,0,360,229700.0,229877.05,7.21,760+,>90%,30-40%,NC,Refinance,Primary,Multi-family,Servicer A,Current,0,0,0,0,10-25%,2026-08-27,System3,Complete,0,0,0,0,Current,0,None
L_0151,2023-05-04,2023-04-04,1,359,229700.0,231660.68,7.21,760+,>90%,30-40%,NC,Refinance,Primary,Multi-family,Servicer A,Current,0,0,0,0,0-10%,2026-08-27,System2,Complete,0,0,0,0,Current,0,None
L_0151,2023-06-03,2023-04-04,2,358,229700.0,227275.33,7.21,760+,>90%,30-40%,NC,Refinance,Primary,Multi-family,Servicer A,Current,0,0,0,0,>50%,2026-08-27,System1,Complete,0,0,0,0,Current,0,None
L_0151,2023-07-03,2023-04-04,3,357,229700.0,225760.3,7.21,760+,>90%,30-40%,NC,Refinance,Primary,Multi-family,Servicer A,Current,0,0,0,0,>50%,2026-08-27,System1,Complete,0,0,0,0,Current,0,None
L_0151,2023-08-02,2023-04-04,4,356,229700.0,230785.85,7.21,760+,>90%,30-40%,NC,Refinance,Primary,Multi-family,Servicer A,Current,0,0,0,0,0-10%,2026-08-27,System1,Complete,0,0,0,0,Current,0,None
L_0151,2023-09-01,2023-04-04,5,355,229700.0,227680.62,7.21,760+,>90%,30-40%,NC,Refinance,Primary,Multi-family,Servicer A,Current,0,0,0,0,10-25%,2026-08-27,System1,Pending,0,0,0,0,Current,0,None
L_0151,2023-10-01,2023-04-04,6,354,229700.0,223593.18,7.21,760+,>90%,30-40%,NC,Refinance,Primary,Multi-family,Servicer A,Current,0,0,0,0,>50%,2026-08-27,System3,Complete,0,0,0,0,Current,0,None
L_0151,2023-10-31,2023-04-04,7,353,229700.0,228595.86,7.21,760+,>90%,30-40%,NC,Refinance,Primary,Multi-family,Servicer A,Current,0,0,0,0,10-25%,2026-08-27,System2,Complete,0,0,0,0,Current,0,None
L_0151,2023-11-30,2023-04-04,8,352,229700.0,226552.78,7.21,760+,>90%,30-40%,NC,Refinance,Primary,Multi-family,Servicer A,Current,0,0,0,0,0-10%,2026-08-27,System2,Pending,0,0,0,0,Current,0,None
L_0151,2023-12-30,2023-04-04,9,351,229700.0,230340.18,7.21,760+,>90%,30-40%,NC,Refinance,Primary,Multi-family,Servicer A,Current,0,0,0,0,0-10%,2026-08-27,System2,Complete,0,0,0,0,Current,0,None
L_0151,2024-01-29,2023-04-04,10,350,229700.0,228380.73,7.21,760+,>90%,30-40%,NC,Refinance,Primary,Multi-family,Servicer A,Current,0,0,0,0,10-25%,2026-08-27,System1,Missing,0,0,0,0,Current,0,None
L_0151,2024-02-28,2023-04-04,11,349,229700.0,228871.67,7.21,760+,>90%,30-40%,NC,Refinance,Primary,Multi-family,Servicer A,Current,0,0,0,0,10-25%,2026-08-27,System3,Complete,0,0,0,0,Current,0,None
L_0152,2023-04-28,2023-04-28,0,360,158700.0,158957.34,6.12,700-759,80-90%,<20%,TX,Purchase,Primary,Single Family,Servicer A,Current,0,0,0,0,25-50%,2026-08-27,System1,Complete,0,0,0,0,Current,0,None
L_0152,2023-05-28,2023-04-28,1,359,158700.0,159008.83,6.12,700-759,80-90%,<20%,TX,Purchase,Primary,Single Family,Servicer A,Current,0,0,0,0,>50%,2026-08-27,System3,Complete,0,0,0,0,Current,0,None
L_0152,2023-06-27,2023-04-28,2,358,158700.0,157879.36,6.12,700-759,80-90%,<20%,TX,Purchase,Primary,Single Family,Servicer A,Current,0,0,0,0,0-10%,2026-08-27,System1,Complete,0,0,0,0,Current,0,None
L_0152,2023-07-27,2023-04-28,3,357,158700.0,157709.96,6.12,700-759,80-90%,<20%,TX,Purchase,Primary,Single Family,Servicer A,Current,0,0,0,0,10-25%,2026-08-27,System2,Complete,0,1,0,0,Current,0,None
L_0152,2023-08-26,2023-04-28,4,356,158700.0,156053.7,6.12,700-759,80-90%,<20%,TX,Purchase,Primary,Single Family,Servicer A,Current,0,0,0,0,0-10%,2026-08-27,System1,Pending,0,0,0,0,Current,0,None
L_0152,2023-09-25,2023-04-28,5,355,158700.0,154906.19,6.12,700-759,80-90%,<20%,TX,Purchase,Primary,Single Family,Servicer A,Current,0,0,0,0,25-50%,2026-08-27,System3,Complete,0,1,0,0,Current,0,None
L_0152,2023-10-25,2023-04-28,6,354,158700.0,157621.29,6.12,700-759,80-90%,<20%,TX,Purchase,Primary,Single Family,Servicer A,Current,0,0,0,0,25-50%,2026-08-27,System2,Pending,1,0,0,0,Current,0,None
L_0152,2023-11-24,2023-04-28,7,353,158700.0,157866.95,6.12,700-759,80-90%,<20%,TX,Purchase,Primary,Single Family,Servicer A,Current,0,0,0,0,25-50%,2026-08-27,System1,Pending,0,0,0,1,Current,0,None
L_0152,2023-12-24,2023-04-28,8,352,158700.0,155413.49,6.12,700-759,80-90%,<20%,TX,Purchase,Primary,Single Family,Servicer A,Current,0,0,0,0,25-50%,2026-08-27,System1,Pending,1,0,0,0,Current,0,None
L_0152,2024-01-23,2023-04-28,9,351,158700.0,156647.02,6.12,700-759,80-90%,<20%,TX,Purchase,Primary,Single Family,Servicer A,60 Days Delinquent,60,0,0,0,0-10%,2026-08-27,System1,Missing,0,0,0,0,Delinquent,0,None
L_0152,2024-02-22,2023-04-28,10,350,158700.0,155031.69,6.12,700-759,80-90%,<20%,TX,Purchase,Primary,Single Family,Servicer A,Current,0,0,0,0,0-10%,2026-08-27,System3,Complete,0,0,0,0,Current,0,None
L_0152,2024-03-23,2023-04-28,11,349,158700.0,155443.8,6.12,700-759,80-90%,<20%,TX,Purchase,Primary,Single Family,Servicer A,60 Days Delinquent,60,0,0,0,>50%,2026-08-27,System1,Complete,0,0,0,0,Delinquent,0,None
L_0153,2023-03-22,2023-03-22,0,360,417100.0,421437.77,3.4,700-759,60-80%,>40%,MI,Refinance,Secondary,Single Family,Servicer D,Current,0,0,0,0,10-25%,2026-08-27,System2,Complete,0,0,0,0,Current,0,None
L_0153,2023-04-21,2023-03-22,1,359,417100.0,413321.93,3.4,700-759,60-80%,>40%,MI,Refinance,Secondary,Single Family,Servicer D,Current,0,0,0,0,0-10%,2026-08-27,System1,Pending,0,0,0,0,Current,0,None
L_0153,2023-05-21,2023-03-22,2,358,417100.0,418604.12,3.4,700-759,60-80%,>40%,MI,Refinance,Secondary,Single Family,Servicer D,Current,0,0,0,0,10-25%,2026-08-27,System1,Missing,0,0,0,0,Current,0,None
L_0153,2023-06-20,2023-03-22,3,357,417100.0,416258.85,3.4,700-759,60-80%,>40%,MI,Refinance,Secondary,Single Family,Servicer D,Current,0,0,0,0,>50%,2026-08-27,System2,Complete,0,0,0,0,Current,0,None
L_0153,2023-07-20,2023-03-22,4,356,417100.0,415728.38,3.4,700-759,60-80%,>40%,MI,Refinance,Secondary,Single Family,Servicer D,Current,0,0,0,0,25-50%,2026-08-27,System1,Complete,0,0,0,0,Current,0,None
L_0153,2023-08-19,2023-03-22,5,355,417100.0,411558.33,3.4,700-759,60-80%,>40%,MI,Refinance,Secondary,Single Family,Servicer D,Current,0,0,0,0,0-10%,2026-08-27,System1,Complete,0,1,0,0,Current,0,None
L_0153,2023-09-18,2023-03-22,6,354,417100.0,408231.84,3.4,700-759,60-80%,>40%,MI,Refinance,Secondary,Single Family,Servicer D,Current,0,0,0,0,25-50%,2026-08-27,System3,Complete,0,0,0,0,Current,0,None
L_0153,2023-10-18,2023-03-22,7,353,417100.0,407855.94,3.4,700-759,60-80%,>40%,MI,Refinance,Secondary,Single Family,Servicer D,Prepaid,0,0,1,0,0-10%,2026-08-27,System2,Complete,0,0,0,0,Current,0,None
L_0153,2023-11-17,2023-03-22,8,352,417100.0,405726.66,3.4,700-759,60-80%,>40%,MI,Refinance,Secondary,Single Family,Servicer D,Current,0,0,0,0,0-10%,2026-08-27,System3,Complete,1,0,0,0,Current,0,None
L_0153,2023-12-17,2023-03-22,9,351,417100.0,413108.92,3.4,700-759,60-80%,>40%,MI,Refinance,Secondary,Single Family,Servicer D,Current,0,0,0,0,10-25%,2026-08-27,System1,Missing,0,0,0,0,Current,0,None
L_0153,2024-01-16,2023-03-22,10,350,417100.0,407708.58,3.4,700-759,60-80%,>40%,MI,Refinance,Secondary,Single Family,Servicer D,Current,0,0,0,0,>50%,2026-08-27,System2,Complete,0,0,0,0,Current,0,None
L_0153,2024-02-15,2023-03-22,11,349,417100.0,412730.37,3.4,700-759,60-80%,>40%,MI,Refinance,Secondary,Single Family,Servicer D,60 Days Delinquent,60,0,0,0,0-10%,2026-08-27,System3,Complete,0,0,0,0,Delinquent,0,None
L_0154,2023-04-19,2023-04-19,0,360,789200.0,784726.71,2.89,760+,<60%,20-30%,NC,Purchase,Primary,Multi-family,Servicer C,Current,0,0,0,0,25-50%,2026-08-27,System3,Complete,0,0,0,0,Current,0,None
L_0154,2023-05-19,2023-04-19,1,359,789200.0,794008.53,2.89,760+,<60%,20-30%,NC,Purchase,Primary,Multi-family,Servicer C,Current,0,0,0,0,25-50%,2026-08-27,System1,Complete,0,0,0,0,Current,0,None
L_0154,2023-06-18,2023-04-19,2,358,789200.0,798741.66,2.89,760+,<60%,20-30%,NC,Purchase,Primary,Multi-family,Servicer C,Current,0,0,0,0,10-25%,2026-08-27,System1,Complete,0,0,0,0,Current,0,None
L_0154,2023-07-18,2023-04-19,3,357,789200.0,796146.19,2.89,760+,<60%,20-30%,NC,Purchase,Primary,Multi-family,Servicer C,Current,0,0,0,0,>50%,2026-08-27,System2,Complete,0,0,0,0,Current,0,None
L_0154,2023-08-17,2023-04-19,4,356,789200.0,783971.75,2.89,760+,<60%,20-30%,NC,Purchase,Primary,Multi-family,Servicer C,Current,0,0,0,0,25-50%,2026-08-27,System2,Complete,0,0,0,0,Current,0,None
L_0154,2023-09-16,2023-04-19,5,355,789200.0,785199.79,2.89,760+,<60%,20-30%,NC,Purchase,Primary,Multi-family,Servicer C,Current,0,0,0,0,>50%,2026-08-27,System2,Complete,0,0,0,0,Current,0,None
L_0154,2023-10-16,2023-04-19,6,354,789200.0,781289.32,2.89,760+,<60%,20-30%,NC,Purchase,Primary,Multi-family,Servicer C,Current,0,0,0,0,0-10%,2026-08-27,System2,Missing,0,0,0,0,Current,0,None
L_0154,2023-11-15,2023-04-19,7,353,789200.0,777629.76,2.89,760+,<60%,20-30%,NC,Purchase,Primary,Multi-family,Servicer C,30 Days Delinquent,30,0,0,0,25-50%,2026-08-27,System1,Complete,0,0,0,0,Delinquent,0,None
L_0154,2023-12-15,2023-04-19,8,352,789200.0,773072.47,2.89,760+,<60%,20-30%,NC,Purchase,Primary,Multi-family,Servicer C,Current,0,0,0,0,25-50%,2026-08-27,System1,Complete,0,0,0,0,Current,0,None
L_0154,2024-01-14,2023-04-19,9,351,789200.0,759481.29,2.89,760+,<60%,20-30%,NC,Purchase,Primary,Multi-family,Servicer C,Current,0,0,0,0,0-10%,2026-08-27,System1,Complete,0,0,0,0,Current,0,None
L_0154,2024-02-13,2023-04-19,10,350,789200.0,768268.03,2.89,760+,<60%,20-30%,NC,Purchase,Primary,Multi-family,Servicer C,Current,0,0,0,0,0-10%,2026-08-27,System2,Missing,0,0,0,0,Current,0,None
L_0154,2024-03-14,2023-04-19,11,349,789200.0,769899.84,2.89,760+,<60%,20-30%,NC,Purchase,Primary,Multi-family,Servicer C,Current,0,0,0,0,0-10%,2026-08-27,System1,Complete,0,0,0,0,Current,0,None
L_0155,2023-02-20,2023-02-20,0,360,231500.0,229022.95,6.03,700-759,80-90%,20-30%,GA,Purchase,Investment,Single Family,Servicer B,Current,0,0,0,0,>50%,2026-08-27,System3,Pending,0,0,0,0,Current,0,None
L_0155,2023-03-22,2023-02-20,1,359,231500.0,229999.36,6.03,700-759,80-90%,20-30%,GA,Purchase,Investment,Single Family,Servicer B,Current,0,0,0,0,25-50%,2026-08-27,System2,Complete,0,0,0,0,Current,0,None
L_0155,2023-04-21,2023-02-20,2,358,231500.0,232874.0,6.03,700-759,80-90%,20-30%,GA,Purchase,Investment,Single Family,Servicer B,Current,0,0,0,0,10-25%,2026-08-27,System3,Pending,0,0,0,0,Current,0,None
L_0155,2023-05-21,2023-02-20,3,357,231500.0,232823.91,6.03,700-759,80-90%,20-30%,GA,Purchase,Investment,Single Family,Servicer B,Current,0,0,0,0,>50%,2026-08-27,System1,Complete,0,0,0,0,Current,0,None
L_0155,2023-06-20,2023-02-20,4,356,231500.0,229823.61,6.03,700-759,80-90%,20-30%,GA,Purchase,Investment,Single Family,Servicer B,Current,0,0,0,0,10-25%,2026-08-27,System2,Complete,0,0,0,0,Current,0,None
L_0155,2023-07-20,2023-02-20,5,355,231500.0,229590.13,6.03,700-759,80-90%,20-30%,GA,Purchase,Investment,Single Family,Servicer B,Current,0,0,0,0,0-10%,2026-08-27,System1,Complete,0,0,0,0,Current,0,None
L_0155,2023-08-19,2023-02-20,6,354,231500.0,233840.45,6.03,700-759,80-90%,20-30%,GA,Purchase,Investment,Single Family,Servicer B,Current,0,0,0,0,25-50%,2026-08-27,System2,Complete,0,0,0,0,Current,0,None
L_0155,2023-09-18,2023-02-20,7,353,231500.0,223226.94,6.03,700-759,80-90%,20-30%,GA,Purchase,Investment,Single Family,Servicer B,Current,0,0,0,0,0-10%,2026-08-27,System2,Pending,0,0,0,0,Current,0,None
L_0155,2023-10-18,2023-02-20,8,352,231500.0,228085.31,6.03,700-759,80-90%,20-30%,GA,Purchase,Investment,Single Family,Servicer B,Current,0,0,0,0,25-50%,2026-08-27,System1,Complete,0,0,0,0,Current,0,None
L_0155,2023-11-17,2023-02-20,9,351,231500.0,225889.6,6.03,700-759,80-90%,20-30%,GA,Purchase,Investment,Single Family,Servicer B,Current,0,0,0,0,0-10%,2026-08-27,System2,Complete,0,0,0,0,Current,0,None
L_0155,2023-12-17,2023-02-20,10,350,231500.0,226911.47,6.03,700-759,80-90%,20-30%,GA,Purchase,Investment,Single Family,Servicer B,Current,0,0,0,0,>50%,2026-08-27,System3,Complete,0,0,0,0,Current,0,None
L_0155,2024-01-16,2023-02-20,11,349,231500.0,223306.97,6.03,700-759,80-90%,20-30%,GA,Purchase,Investment,Single Family,Servicer B,Current,0,0,0,0,25-50%,2026-08-27,System1,Pending,0,0,0,0,Current,0,None
L_0156,2023-05-27,2023-05-27,0,360,554100.0,554116.21,2.65,<640,80-90%,20-30%,NC,Purchase,Primary,Single Family,Servicer D,Current,0,0,0,0,10-25%,2026-08-27,System1,Complete,0,0,0,0,Current,0,None
L_0156,2023-06-26,2023-05-27,1,359,554100.0,553975.62,2.65,<640,80-90%,20-30%,NC,Purchase,Primary,Single Family,Servicer D,Current,0,0,0,0,10-25%,2026-08-27,System2,Complete,0,0,0,0,Current,0,None
L_0156,2023-07-26,2023-05-27,2,358,554100.0,543175.07,2.65,<640,80-90%,20-30%,NC,Purchase,Primary,Single Family,Servicer D,Current,0,0,0,0,10-25%,2026-08-27,System2,Pending,0,0,0,0,Current,0,None
L_0156,2023-08-25,2023-05-27,3,357,554100.0,550803.42,2.65,<640,80-90%,20-30%,NC,Purchase,Primary,Single Family,Servicer D,Current,0,0,0,0,>50%,2026-08-27,System2,Complete,0,0,0,0,Current,0,None
L_0156,2023-09-24,2023-05-27,4,356,554100.0,551832.25,2.65,<640,80-90%,20-30%,NC,Purchase,Primary,Single Family,Servicer D,Current,0,0,0,0,10-25%,2026-08-27,System3,Complete,0,0,0,0,Current,0,None
L_0156,2023-10-24,2023-05-27,5,355,554100.0,554215.93,2.65,<640,80-90%,20-30%,NC,Purchase,Primary,Single Family,Servicer D,Current,0,0,0,0,10-25%,2026-08-27,System1,Missing,0,0,0,0,Current,0,None
L_0156,2023-11-23,2023-05-27,6,354,554100.0,548824.92,2.65,<640,80-90%,20-30%,NC,Purchase,Primary,Single Family,Servicer D,Current,0,0,0,0,10-25%,2026-08-27,System3,Complete,0,0,0,0,Current,0,None
L_0156,2023-12-23,2023-05-27,7,353,554100.0,547322.82,2.65,<640,80-90%,20-30%,NC,Purchase,Primary,Single Family,Servicer D,Current,0,0,0,0,0-10%,2026-08-27,System2,Complete,0,0,0,0,Current,0,None
L_0156,2024-01-22,2023-05-27,8,352,554100.0,547888.28,2.65,<640,80-90%,20-30%,NC,Purchase,Primary,Single Family,Servicer D,Current,0,0,0,0,>50%,2026-08-27,System1,Complete,0,0,0,0,Current,0,None
L_0156,2024-02-21,2023-05-27,9,351,554100.0,545199.83,2.65,<640,80-90%,20-30%,NC,Purchase,Primary,Single Family,Servicer D,Current,0,0,0,0,10-25%,2026-08-27,System3,Complete,0,0,0,0,Current,0,None
L_0156,2024-03-22,2023-05-27,10,350,554100.0,544620.52,2.65,<640,80-90%,20-30%,NC,Purchase,Primary,Single Family,Servicer D,Current,0,0,0,0,10-25%,2026-08-27,System3,Pending,0,0,0,0,Current,0,None
L_0156,2024-04-21,2023-05-27,11,349,554100.0,535370.67,2.65,<640,80-90%,20-30%,NC,Purchase,Primary,Single Family,Servicer D,30 Days Delinquent,30,0,0,0,>50%,2026-08-27,System3,Complete,0,0,0,0,Delinquent,0,None
L_0157,2023-06-19,2023-06-19,0,360,621200.0,616110.25,5.72,<640,60-80%,<20%,IL,Purchase,Investment,Single Family,Servicer B,Current,0,0,0,0,25-50%,2026-08-27,System1,Complete,0,0,0,0,Current,0,None
L_0157,2023-07-19,2023-06-19,1,359,621200.0,627139.64,5.72,<640,60-80%,<20%,IL,Purchase,Investment,Single Family,Servicer B,Current,0,0,0,0,0-10%,2026-08-27,System3,Complete,0,0,0,0,Current,0,None
L_0157,2023-08-18,2023-06-19,2,358,621200.0,617617.87,5.72,<640,60-80%,<20%,IL,Purchase,Investment,Single Family,Servicer B,Current,0,0,0,0,10-25%,2026-08-27,System1,Complete,0,0,0,0,Current,0,None
L_0157,2023-09-17,2023-06-19,3,357,621200.0,618667.4,5.72,<640,60-80%,<20%,IL,Purchase,Investment,Single Family,Servicer B,Current,0,0,0,0,>50%,2026-08-27,System3,Complete,0,1,0,0,Current,0,None
L_0157,2023-10-17,2023-06-19,4,356,621200.0,611815.28,5.72,<640,60-80%,<20%,IL,Purchase,Investment,Single Family,Servicer B,30 Days Delinquent,30,0,0,0,25-50%,2026-08-27,System1,Complete,0,0,0,0,Delinquent,0,None
L_0157,2023-11-16,2023-06-19,5,355,621200.0,625682.59,5.72,<640,60-80%,<20%,IL,Purchase,Investment,Single Family,Servicer B,Current,0,0,0,0,25-50%,2026-08-27,System1,Complete,0,0,0,0,Current,0,None
L_0157,2023-12-16,2023-06-19,6,354,621200.0,607695.71,5.72,<640,60-80%,<20%,IL,Purchase,Investment,Single Family,Servicer B,Current,0,0,0,0,10-25%,2026-08-27,System2,Complete,1,0,0,0,Current,0,None
L_0157,2024-01-15,2023-06-19,7,353,621200.0,607763.77,5.72,<640,60-80%,<20%,IL,Purchase,Investment,Single Family,Servicer B,Current,0,0,0,0,25-50%,2026-08-27,System2,Complete,0,0,0,0,Current,0,None
L_0157,2024-02-14,2023-06-19,8,352,621200.0,602169.06,5.72,<640,60-80%,<20%,IL,Purchase,Investment,Single Family,Servicer B,Current,0,0,0,0,25-50%,2026-08-27,System2,Pending,0,0,0,0,Current,0,None
L_0157,2024-03-15,2023-06-19,9,351,621200.0,610550.37,5.72,<640,60-80%,<20%,IL,Purchase,Investment,Single Family,Servicer B,60 Days Delinquent,60,0,0,0,10-25%,2026-08-27,System1,Complete,0,0,0,0,Delinquent,0,None
L_0157,2024-04-14,2023-06-19,10,350,621200.0,602918.72,5.72,<640,60-80%,<20%,IL,Purchase,Investment,Single Family,Servicer B,Current,0,0,0,0,10-25%,2026-08-27,System1,Complete,0,0,0,0,Current,0,None
L_0157,2024-05-14,2023-06-19,11,349,621200.0,607534.96,5.72,<640,60-80%,<20%,IL,Purchase,Investment,Single Family,Servicer B,Current,0,0,0,0,10-25%,2026-08-27,System2,Complete,0,0,0,0,Current,0,None
L_0158,2023-02-04,2023-02-04,0,360,228200.0,225862.66,7.67,760+,80-90%,<20%,TX,Refinance,Primary,Single Family,Servicer A,Current,0,0,0,0,>50%,2026-08-27,System3,Complete,0,0,0,0,Current,0,None
L_0158,2023-03-06,2023-02-04,1,359,228200.0,225005.74,7.67,760+,80-90%,<20%,TX,Refinance,Primary,Single Family,Servicer A,Current,0,0,0,0,25-50%,2026-08-27,System2,Pending,0,0,0,0,Current,0,None
L_0158,2023-04-05,2023-02-04,2,358,228200.0,230789.13,7.67,760+,80-90%,<20%,TX,Refinance,Primary,Single Family,Servicer A,Current,0,0,0,0,>50%,2026-08-27,System1,Pending,0,0,0,0,Current,0,None
L_0158,2023-05-05,2023-02-04,3,357,228200.0,225636.58,7.67,760+,80-90%,<20%,TX,Refinance,Primary,Single Family,Servicer A,Current,0,0,0,0,0-10%,2026-08-27,System1,Complete,0,0,0,0,Current,0,None
L_0158,2023-06-04,2023-02-04,4,356,228200.0,228858.83,7.67,760+,80-90%,<20%,TX,Refinance,Primary,Single Family,Servicer A,Current,0,0,0,0,10-25%,2026-08-27,System3,Complete,0,0,0,0,Current,0,None
L_0158,2023-07-04,2023-02-04,5,355,228200.0,223270.39,7.67,760+,80-90%,<20%,TX,Refinance,Primary,Single Family,Servicer A,Current,0,0,0,0,25-50%,2026-08-27,System2,Complete,0,0,0,0,Current,0,None
L_0158,2023-08-03,2023-02-04,6,354,228200.0,226260.43,7.67,760+,80-90%,<20%,TX,Refinance,Primary,Single Family,Servicer A,Current,0,0,0,0,0-10%,2026-08-27,System3,Complete,0,0,0,0,Current,0,None
L_0158,2023-09-02,2023-02-04,7,353,228200.0,227038.17,7.67,760+,80-90%,<20%,TX,Refinance,Primary,Single Family,Servicer A,Current,0,0,0,0,10-25%,2026-08-27,System2,Complete,0,0,0,0,Current,0,None
L_0158,2023-10-02,2023-02-04,8,352,228200.0,226815.81,7.67,760+,80-90%,<20%,TX,Refinance,Primary,Single Family,Servicer A,Current,0,0,0,0,10-25%,2026-08-27,System1,Complete,0,0,0,0,Current,0,None
L_0158,2023-11-01,2023-02-04,9,351,228200.0,220698.36,7.67,760+,80-90%,<20%,TX,Refinance,Primary,Single Family,Servicer A,Current,0,0,0,0,0-10%,2026-08-27,System1,Pending,0,0,0,0,Current,0,None
L_0158,2023-12-01,2023-02-04,10,350,228200.0,223821.34,7.67,760+,80-90%,<20%,TX,Refinance,Primary,Single Family,Servicer A,Current,0,0,0,0,25-50%,2026-08-27,System2,Complete,0,0,0,1,Current,0,None
L_0158,2023-12-31,2023-02-04,11,349,228200.0,223826.05,7.67,760+,80-90%,<20%,TX,Refinance,Primary,Single Family,Servicer A,Current,0,0,0,0,25-50%,2026-08-27,System1,Complete,0,0,0,1,Current,0,None
L_0159,2023-02-15,2023-02-15,0,360,596200.0,588905.74,5.67,700-759,80-90%,30-40%,GA,Purchase,Primary,Single Family,Servicer B,Current,0,0,0,0,10-25%,2026-08-27,System1,Complete,0,0,0,0,Current,0,None
L_0159,2023-03-17,2023-02-15,1,359,596200.0,584790.14,5.67,700-759,80-90%,30-40%,GA,Purchase,Primary,Single Family,Servicer B,Current,0,0,0,0,10-25%,2026-08-27,System1,Complete,0,0,0,0,Current,0,None
L_0159,2023-04-16,2023-02-15,2,358,596200.0,590922.33,5.67,700-759,80-90%,30-40%,GA,Purchase,Primary,Single Family,Servicer B,Current,0,0,0,0,0-10%,2026-08-27,System1,Complete,0,0,0,0,Current,0,None
L_0159,2023-05-16,2023-02-15,3,357,596200.0,579480.74,5.67,700-759,80-90%,30-40%,GA,Purchase,Primary,Single Family,Servicer B,Current,0,0,0,0,>50%,2026-08-27,System3,Pending,0,1,0,0,Current,0,None
L_0159,2023-06-15,2023-02-15,4,356,596200.0,589778.24,5.67,700-759,80-90%,30-40%,GA,Purchase,Primary,Single Family,Servicer B,Current,0,0,0,0,0-10%,2026-08-27,System2,Complete,0,0,0,0,Current,0,None
L_0159,2023-07-15,2023-02-15,5,355,596200.0,588048.62,5.67,700-759,80-90%,30-40%,GA,Purchase,Primary,Single Family,Servicer B,Current,0,0,0,0,25-50%,2026-08-27,System1,Complete,0,0,0,0,Current,0,None
L_0159,2023-08-14,2023-02-15,6,354,596200.0,591988.23,5.67,700-759,80-90%,30-40%,GA,Purchase,Primary,Single Family,Servicer B,30 Days Delinquent,30,0,0,0,10-25%,2026-08-27,System2,Complete,1,0,0,0,Delinquent,0,None
L_0159,2023-09-13,2023-02-15,7,353,596200.0,593052.42,5.67,700-759,80-90%,30-40%,GA,Purchase,Primary,Single Family,Servicer B,Current,0,0,0,0,>50%,2026-08-27,System1,Complete,0,0,0,0,Current,0,None
L_0159,2023-10-13,2023-02-15,8,352,596200.0,583882.83,5.67,700-759,80-90%,30-40%,GA,Purchase,Primary,Single Family,Servicer B,Current,0,0,0,0,10-25%,2026-08-27,System2,Complete,0,0,0,0,Current,0,None
L_0159,2023-11-12,2023-02-15,9,351,596200.0,578097.34,5.67,700-759,80-90%,30-40%,GA,Purchase,Primary,Single Family,Servicer B,60 Days Delinquent,60,0,0,0,>50%,2026-08-27,System1,Pending,0,0,0,0,Delinquent,0,None
L_0159,2023-12-12,2023-02-15,10,350,596200.0,592456.66,5.67,700-759,80-90%,30-40%,GA,Purchase,Primary,Single Family,Servicer B,Prepaid,0,0,1,0,10-25%,2026-08-27,System1,Complete,0,0,0,0,Current,0,None
L_0159,2024-01-11,2023-02-15,11,349,596200.0,581874.58,5.67,700-759,80-90%,30-40%,GA,Purchase,Primary,Single Family,Servicer B,Prepaid,0,0,1,0,>50%,2026-08-27,System3,Complete,0,0,0,0,Current,0,None
L_0160,2023-06-03,2023-06-03,0,360,325800.0,326134.65,4.63,700-759,<60%,<20%,PA,Cash-out Refinance,Primary,Single Family,Servicer B,Current,0,0,0,0,10-25%,2026-08-27,System1,Complete,0,1,0,0,Current,0,None
L_0160,2023-07-03,2023-06-03,1,359,325800.0,324526.77,4.63,700-759,<60%,<20%,PA,Cash-out Refinance,Primary,Single Family,Servicer B,Current,0,0,0,0,10-25%,2026-08-27,System1,Complete,0,0,0,0,Current,0,None
L_0160,2023-08-02,2023-06-03,2,358,325800.0,316546.51,4.63,700-759,<60%,<20%,PA,Cash-out Refinance,Primary,Single Family,Servicer B,Current,0,0,0,0,>50%,2026-08-27,System1,Complete,0,0,0,0,Current,0,None
L_0160,2023-09-01,2023-06-03,3,357,325800.0,330107.11,4.63,700-759,<60%,<20%,PA,Cash-out Refinance,Primary,Single Family,Servicer B,Current,0,0,0,0,0-10%,2026-08-27,System1,Pending,1,0,0,0,Current,0,None
L_0160,2023-10-01,2023-06-03,4,356,325800.0,318934.67,4.63,700-759,<60%,<20%,PA,Cash-out Refinance,Primary,Single Family,Servicer B,Current,0,0,0,0,0-10%,2026-08-27,System3,Complete,0,0,0,0,Current,0,None
L_0160,2023-10-31,2023-06-03,5,355,325800.0,323539.63,4.63,700-759,<60%,<20%,PA,Cash-out Refinance,Primary,Single Family,Servicer B,Current,0,0,0,0,>50%,2026-08-27,System3,Complete,0,1,0,0,Current,0,None
L_0160,2023-11-30,2023-06-03,6,354,325800.0,321840.4,4.63,700-759,<60%,<20%,PA,Cash-out Refinance,Primary,Single Family,Servicer B,60 Days Delinquent,60,0,0,0,25-50%,2026-08-27,System1,Complete,0,0,0,0,Delinquent,0,None
L_0160,2023-12-30,2023-06-03,7,353,325800.0,316028.01,4.63,700-759,<60%,<20%,PA,Cash-out Refinance,Primary,Single Family,Servicer B,Current,0,0,0,0,0-10%,2026-08-27,System1,Pending,0,0,0,0,Current,0,None
L_0160,2024-01-29,2023-06-03,8,352,325800.0,317302.35,4.63,700-759,<60%,<20%,PA,Cash-out Refinance,Primary,Single Family,Servicer B,Current,0,0,0,0,10-25%,2026-08-27,System2,Complete,1,0,0,0,Current,0,None
L_0160,2024-02-28,2023-06-03,9,351,325800.0,322544.22,4.63,700-759,<60%,<20%,PA,Cash-out Refinance,Primary,Single Family,Servicer B,Current,0,0,0,0,10-25%,2026-08-27,System3,Complete,0,0,0,0,Current,0,None
L_0160,2024-03-29,2023-06-03,10,350,325800.0,317895.91,4.63,700-759,<60%,<20%,PA,Cash-out Refinance,Primary,Single Family,Servicer B,Current,0,0,0,0,>50%,2026-08-27,System3,Pending,0,1,0,0,Current,0,None
L_0160,2024-04-28,2023-06-03,11,349,325800.0,317034.65,4.63,700-759,<60%,<20%,PA,Cash-out Refinance,Primary,Single Family,Servicer B,Charged Off,120,0,0,0,0-10%,2026-08-27,System3,Complete,0,0,0,0,Current,1,High DPD
L_0161,2023-03-10,2023-03-10,0,360,524200.0,518746.88,6.04,640-699,60-80%,30-40%,GA,Purchase,Primary,Single Family,Servicer D,Current,0,0,0,0,>50%,2026-08-27,System1,Complete,0,0,0,0,Current,0,None
L_0161,2023-04-09,2023-03-10,1,359,524200.0,522005.56,6.04,640-699,60-80%,30-40%,GA,Purchase,Primary,Single Family,Servicer D,Current,0,0,0,0,0-10%,2026-08-27,System2,Complete,1,0,0,0,Current,0,None
L_0161,2023-05-09,2023-03-10,2,358,524200.0,514667.89,6.04,640-699,60-80%,30-40%,GA,Purchase,Primary,Single Family,Servicer D,Current,0,0,0,0,0-10%,2026-08-27,System2,Pending,0,0,0,0,Current,0,None
L_0161,2023-06-08,2023-03-10,3,357,524200.0,517345.22,6.04,640-699,60-80%,30-40%,GA,Purchase,Primary,Single Family,Servicer D,Current,0,0,0,0,>50%,2026-08-27,System2,Pending,0,1,0,0,Current,0,None
L_0161,2023-07-08,2023-03-10,4,356,524200.0,516472.74,6.04,640-699,60-80%,30-40%,GA,Purchase,Primary,Single Family,Servicer D,60 Days Delinquent,60,0,0,0,>50%,2026-08-27,System2,Complete,0,0,0,0,Delinquent,0,None
L_0161,2023-08-07,2023-03-10,5,355,524200.0,521036.26,6.04,640-699,60-80%,30-40%,GA,Purchase,Primary,Single Family,Servicer D,Current,0,0,0,0,0-10%,2026-08-27,System1,Complete,0,1,0,0,Current,0,None
L_0161,2023-09-06,2023-03-10,6,354,524200.0,519402.41,6.04,640-699,60-80%,30-40%,GA,Purchase,Primary,Single Family,Servicer D,Current,0,0,0,0,10-25%,2026-08-27,System1,Complete,1,0,0,0,Current,0,None
L_0161,2023-10-06,2023-03-10,7,353,524200.0,511428.22,6.04,640-699,60-80%,30-40%,GA,Purchase,Primary,Single Family,Servicer D,Current,0,0,0,0,10-25%,2026-08-27,System2,Complete,0,0,0,0,Current,0,None
L_0161,2023-11-05,2023-03-10,8,352,524200.0,523748.07,6.04,640-699,60-80%,30-40%,GA,Purchase,Primary,Single Family,Servicer D,Current,0,0,0,0,25-50%,2026-08-27,System3,Complete,1,0,0,0,Current,0,None
L_0161,2023-12-05,2023-03-10,9,351,524200.0,510989.27,6.04,640-699,60-80%,30-40%,GA,Purchase,Primary,Single Family,Servicer D,Charged Off,120,0,0,0,10-25%,2026-08-27,System2,Missing,0,0,0,0,Current,1,High DPD
L_0161,2024-01-04,2023-03-10,10,350,524200.0,507765.41,6.04,640-699,60-80%,30-40%,GA,Purchase,Primary,Single Family,Servicer D,30 Days Delinquent,30,0,0,0,>50%,2026-08-27,System3,Complete,0,1,0,0,Delinquent,0,None
L_0161,2024-02-03,2023-03-10,11,349,524200.0,503824.52,6.04,640-699,60-80%,30-40%,GA,Purchase,Primary,Single Family,Servicer D,60 Days Delinquent,60,0,0,0,10-25%,2026-08-27,System3,Complete,0,0,0,0,Delinquent,0,None
L_0162,2023-04-03,2023-04-03,0,360,525100.0,522379.61,5.02,<640,60-80%,20-30%,IL,Purchase,Primary,Single Family,Servicer B,Current,0,0,0,0,25-50%,2026-08-27,System1,Complete,0,0,0,0,Current,0,None
L_0162,2023-05-03,2023-04-03,1,359,525100.0,523186.9,5.02,<640,60-80%,20-30%,IL,Purchase,Primary,Single Family,Servicer B,Current,0,0,0,0,10-25%,2026-08-27,System1,Complete,1,0,0,0,Current,0,None
L_0162,2023-06-02,2023-04-03,2,358,525100.0,525695.23,5.02,<640,60-80%,20-30%,IL,Purchase,Primary,Single Family,Servicer B,Current,0,0,0,0,10-25%,2026-08-27,System2,Complete,0,0,0,0,Current,0,None
L_0162,2023-07-02,2023-04-03,3,357,525100.0,523650.6,5.02,<640,60-80%,20-30%,IL,Purchase,Primary,Single Family,Servicer B,Current,0,0,0,0,10-25%,2026-08-27,System1,Complete,0,0,0,0,Current,0,None
L_0162,2023-08-01,2023-04-03,4,356,525100.0,527621.85,5.02,<640,60-80%,20-30%,IL,Purchase,Primary,Single Family,Servicer B,Charged Off,120,0,0,0,0-10%,2026-08-27,System3,Complete,0,1,0,0,Current,1,High DPD
L_0162,2023-08-31,2023-04-03,5,355,525100.0,520536.84,5.02,<640,60-80%,20-30%,IL,Purchase,Primary,Single Family,Servicer B,Current,0,0,0,0,25-50%,2026-08-27,System3,Complete,0,0,0,0,Current,0,None
L_0162,2023-09-30,2023-04-03,6,354,525100.0,524012.32,5.02,<640,60-80%,20-30%,IL,Purchase,Primary,Single Family,Servicer B,Current,0,0,0,0,10-25%,2026-08-27,System1,Complete,0,0,0,0,Current,0,None
L_0162,2023-10-30,2023-04-03,7,353,525100.0,526018.38,5.02,<640,60-80%,20-30%,IL,Purchase,Primary,Single Family,Servicer B,Current,0,0,0,0,25-50%,2026-08-27,System3,Complete,1,0,0,0,Current,0,None
L_0162,2023-11-29,2023-04-03,8,352,525100.0,512259.0,5.02,<640,60-80%,20-30%,IL,Purchase,Primary,Single Family,Servicer B,Current,0,0,0,0,10-25%,2026-08-27,System2,Complete,0,0,0,0,Current,0,None
L_0162,2023-12-29,2023-04-03,9,351,525100.0,511899.37,5.02,<640,60-80%,20-30%,IL,Purchase,Primary,Single Family,Servicer B,Current,0,0,0,0,25-50%,2026-08-27,System1,Complete,0,0,0,0,Current,0,None
L_0162,2024-01-28,2023-04-03,10,350,525100.0,525202.26,5.02,<640,60-80%,20-30%,IL,Purchase,Primary,Single Family,Servicer B,90 Days Delinquent,90,0,0,0,0-10%,2026-08-27,System3,Pending,0,0,0,0,Delinquent,0,None
L_0162,2024-02-27,2023-04-03,11,349,525100.0,520547.7,5.02,<640,60-80%,20-30%,IL,Purchase,Primary,Single Family,Servicer B,Current,0,1,0,0,0-10%,2026-08-27,System2,Pending,0,0,1,0,Current,0,None
L_0163,2023-03-05,2023-03-05,0,360,451800.0,443929.27,5.5,<640,80-90%,20-30%,MI,Refinance,Primary,Multi-family,Servicer D,Current,0,0,0,0,>50%,2026-08-27,System1,Complete,0,0,0,0,Current,0,None
L_0163,2023-04-04,2023-03-05,1,359,451800.0,448843.83,5.5,<640,80-90%,20-30%,MI,Refinance,Primary,Multi-family,Servicer D,Current,0,0,0,0,0-10%,2026-08-27,System3,Pending,0,0,0,0,Current,0,None
L_0163,2023-05-04,2023-03-05,2,358,451800.0,452165.93,5.5,<640,80-90%,20-30%,MI,Refinance,Primary,Multi-family,Servicer D,Current,0,0,0,0,0-10%,2026-08-27,System1,Complete,0,0,0,0,Current,0,None
L_0163,2023-06-03,2023-03-05,3,357,451800.0,454688.5,5.5,<640,80-90%,20-30%,MI,Refinance,Primary,Multi-family,Servicer D,30 Days Delinquent,30,0,0,0,10-25%,2026-08-27,System1,Pending,0,0,0,0,Delinquent,0,None
L_0163,2023-07-03,2023-03-05,4,356,451800.0,448381.5,5.5,<640,80-90%,20-30%,MI,Refinance,Primary,Multi-family,Servicer D,Current,0,0,0,0,0-10%,2026-08-27,System1,Complete,0,0,0,0,Current,0,None
L_0163,2023-08-02,2023-03-05,5,355,451800.0,452751.4,5.5,<640,80-90%,20-30%,MI,Refinance,Primary,Multi-family,Servicer D,Current,0,0,0,0,10-25%,2026-08-27,System1,Complete,0,1,0,0,Current,0,None
L_0163,2023-09-01,2023-03-05,6,354,451800.0,448292.56,5.5,<640,80-90%,20-30%,MI,Refinance,Primary,Multi-family,Servicer D,Current,0,0,0,0,0-10%,2026-08-27,System3,Complete,0,0,0,0,Current,0,None
L_0163,2023-10-01,2023-03-05,7,353,451800.0,440659.16,5.5,<640,80-90%,20-30%,MI,Refinance,Primary,Multi-family,Servicer D,Current,0,0,0,0,10-25%,2026-08-27,System2,Complete,0,0,0,0,Current,0,None
L_0163,2023-10-31,2023-03-05,8,352,451800.0,445227.56,5.5,<640,80-90%,20-30%,MI,Refinance,Primary,Multi-family,Servicer D,Current,0,0,0,0,10-25%,2026-08-27,System2,Pending,1,0,0,0,Current,0,None
L_0163,2023-11-30,2023-03-05,9,351,451800.0,439398.88,5.5,<640,80-90%,20-30%,MI,Refinance,Primary,Multi-family,Servicer D,Current,0,0,0,0,10-25%,2026-08-27,System3,Complete,0,0,0,0,Current,0,None
L_0163,2023-12-30,2023-03-05,10,350,451800.0,440279.87,5.5,<640,80-90%,20-30%,MI,Refinance,Primary,Multi-family,Servicer D,Current,0,0,0,0,0-10%,2026-08-27,System1,Missing,0,0,0,0,Current,0,None
L_0163,2024-01-29,2023-03-05,11,349,451800.0,440752.07,5.5,<640,80-90%,20-30%,MI,Refinance,Primary,Multi-family,Servicer D,Charged Off,120,0,0,1,10-25%,2026-08-27,System1,Complete,0,0,0,0,Current,1,High DPD
L_0164,2023-06-14,2023-06-14,0,360,117700.0,116785.85,7.68,640-699,<60%,20-30%,TX,Refinance,Secondary,Condo,Servicer A,Current,0,0,0,0,0-10%,2026-08-27,System2,Pending,0,1,0,0,Current,0,None
L_0164,2023-07-14,2023-06-14,1,359,117700.0,116688.68,7.68,640-699,<60%,20-30%,TX,Refinance,Secondary,Condo,Servicer A,Current,0,0,0,0,25-50%,2026-08-27,System2,Complete,0,0,0,0,Current,0,None
L_0164,2023-08-13,2023-06-14,2,358,117700.0,118575.29,7.68,640-699,<60%,20-30%,TX,Refinance,Secondary,Condo,Servicer A,Current,0,0,0,0,10-25%,2026-08-27,System1,Complete,0,1,0,0,Current,0,None
L_0164,2023-09-12,2023-06-14,3,357,117700.0,117732.31,7.68,640-699,<60%,20-30%,TX,Refinance,Secondary,Condo,Servicer A,Current,0,0,0,0,10-25%,2026-08-27,System1,Complete,1,0,0,0,Current,0,None
L_0164,2023-10-12,2023-06-14,4,356,117700.0,115657.36,7.68,640-699,<60%,20-30%,TX,Refinance,Secondary,Condo,Servicer A,Current,0,0,0,0,0-10%,2026-08-27,System3,Missing,0,0,0,0,Current,0,None
L_0164,2023-11-11,2023-06-14,5,355,117700.0,115546.72,7.68,640-699,<60%,20-30%,TX,Refinance,Secondary,Condo,Servicer A,Current,0,0,0,0,10-25%,2026-08-27,System3,Complete,1,0,0,0,Current,0,None
L_0164,2023-12-11,2023-06-14,6,354,117700.0,115490.81,7.68,640-699,<60%,20-30%,TX,Refinance,Secondary,Condo,Servicer A,90 Days Delinquent,90,0,0,0,10-25%,2026-08-27,System1,Complete,0,0,0,0,Delinquent,0,None
L_0164,2024-01-10,2023-06-14,7,353,117700.0,116019.41,7.68,640-699,<60%,20-30%,TX,Refinance,Secondary,Condo,Servicer A,Current,0,0,0,0,10-25%,2026-08-27,System2,Complete,0,0,0,0,Current,0,None
L_0164,2024-02-09,2023-06-14,8,352,117700.0,116127.5,7.68,640-699,<60%,20-30%,TX,Refinance,Secondary,Condo,Servicer A,60 Days Delinquent,60,0,0,0,25-50%,2026-08-27,System2,Pending,0,0,0,0,Delinquent,0,None
L_0164,2024-03-10,2023-06-14,9,351,117700.0,115829.07,7.68,640-699,<60%,20-30%,TX,Refinance,Secondary,Condo,Servicer A,Current,0,0,0,0,25-50%,2026-08-27,System3,Complete,0,0,0,0,Current,0,None
L_0164,2024-04-09,2023-06-14,10,350,117700.0,114790.36,7.68,640-699,<60%,20-30%,TX,Refinance,Secondary,Condo,Servicer A,Current,0,0,0,0,0-10%,2026-08-27,System1,Complete,0,0,0,0,Current,0,None
L_0164,2024-05-09,2023-06-14,11,349,117700.0,115389.86,7.68,640-699,<60%,20-30%,TX,Refinance,Secondary,Condo,Servicer A,30 Days Delinquent,30,0,0,0,10-25%,2026-08-27,System2,Missing,0,0,0,0,Delinquent,0,None
L_0165,2023-02-18,2023-02-18,0,360,676500.0,683884.4,4.62,700-759,60-80%,20-30%,PA,Purchase,Primary,Single Family,Servicer D,Current,0,0,0,0,0-10%,2026-08-27,System3,Complete,0,0,0,0,Current,0,None
L_0165,2023-03-20,2023-02-18,1,359,676500.0,677140.96,4.62,700-759,60-80%,20-30%,PA,Purchase,Primary,Single Family,Servicer D,Current,0,0,0,0,25-50%,2026-08-27,System2,Pending,0,0,0,0,Current,0,None
L_0165,2023-04-19,2023-02-18,2,358,676500.0,669712.97,4.62,700-759,60-80%,20-30%,PA,Purchase,Primary,Single Family,Servicer D,Current,0,0,0,0,10-25%,2026-08-27,System3,Complete,0,0,0,0,Current,0,None
L_0165,2023-05-19,2023-02-18,3,357,676500.0,660571.86,4.62,700-759,60-80%,20-30%,PA,Purchase,Primary,Single Family,Servicer D,Current,0,0,0,0,25-50%,2026-08-27,System3,Complete,0,0,0,0,Current,0,None
L_0165,2023-06-18,2023-02-18,4,356,676500.0,670534.26,4.62,700-759,60-80%,20-30%,PA,Purchase,Primary,Single Family,Servicer D,Current,0,0,0,0,0-10%,2026-08-27,System2,Complete,0,0,0,0,Current,0,None
L_0165,2023-07-18,2023-02-18,5,355,676500.0,658314.63,4.62,700-759,60-80%,20-30%,PA,Purchase,Primary,Single Family,Servicer D,Current,0,0,0,0,0-10%,2026-08-27,System3,Complete,0,0,0,0,Current,0,None
L_0165,2023-08-17,2023-02-18,6,354,676500.0,663032.98,4.62,700-759,60-80%,20-30%,PA,Purchase,Primary,Single Family,Servicer D,Current,0,0,0,0,10-25%,2026-08-27,System1,Complete,0,0,0,0,Current,0,None
L_0165,2023-09-16,2023-02-18,7,353,676500.0,666909.42,4.62,700-759,60-80%,20-30%,PA,Purchase,Primary,Single Family,Servicer D,Current,0,0,0,0,0-10%,2026-08-27,System3,Pending,0,0,0,0,Current,0,None
L_0165,2023-10-16,2023-02-18,8,352,676500.0,676941.32,4.62,700-759,60-80%,20-30%,PA,Purchase,Primary,Single Family,Servicer D,Current,0,0,0,0,0-10%,2026-08-27,System3,Complete,0,0,0,0,Current,0,None
L_0165,2023-11-15,2023-02-18,9,351,676500.0,662597.61,4.62,700-759,60-80%,20-30%,PA,Purchase,Primary,Single Family,Servicer D,Current,0,0,0,0,25-50%,2026-08-27,System3,Complete,0,0,0,0,Current,0,None
L_0165,2023-12-15,2023-02-18,10,350,676500.0,664615.88,4.62,700-759,60-80%,20-30%,PA,Purchase,Primary,Single Family,Servicer D,Current,0,0,0,0,0-10%,2026-08-27,System3,Complete,0,0,0,0,Current,0,None
L_0165,2024-01-14,2023-02-18,11,349,676500.0,661899.49,4.62,700-759,60-80%,20-30%,PA,Purchase,Primary,Single Family,Servicer D,Current,0,0,0,0,>50%,2026-08-27,System2,Pending,0,0,0,0,Current,0,None
L_0166,2023-05-29,2023-05-29,0,360,290600.0,293267.05,7.79,640-699,80-90%,30-40%,IL,Purchase,Primary,Single Family,Servicer D,Current,0,0,0,0,25-50%,2026-08-27,System2,Pending,0,0,0,0,Current,0,None
L_0166,2023-06-28,2023-05-29,1,359,290600.0,293528.51,7.79,640-699,80-90%,30-40%,IL,Purchase,Primary,Single Family,Servicer D,Current,0,0,0,0,0-10%,2026-08-27,System1,Complete,0,0,0,0,Current,0,None
L_0166,2023-07-28,2023-05-29,2,358,290600.0,292427.48,7.79,640-699,80-90%,30-40%,IL,Purchase,Primary,Single Family,Servicer D,Current,0,0,0,0,>50%,2026-08-27,System3,Complete,0,0,0,0,Current,0,None
L_0166,2023-08-27,2023-05-29,3,357,290600.0,284881.25,7.79,640-699,80-90%,30-40%,IL,Purchase,Primary,Single Family,Servicer D,Current,0,0,0,0,>50%,2026-08-27,System3,Complete,0,0,0,0,Current,0,None
L_0166,2023-09-26,2023-05-29,4,356,290600.0,288216.31,7.79,640-699,80-90%,30-40%,IL,Purchase,Primary,Single Family,Servicer D,Current,0,0,0,0,25-50%,2026-08-27,System3,Complete,0,0,0,0,Current,0,None
L_0166,2023-10-26,2023-05-29,5,355,290600.0,289535.73,7.79,640-699,80-90%,30-40%,IL,Purchase,Primary,Single Family,Servicer D,Current,0,0,0,0,10-25%,2026-08-27,System1,Complete,0,0,0,0,Current,0,None
L_0166,2023-11-25,2023-05-29,6,354,290600.0,290251.84,7.79,640-699,80-90%,30-40%,IL,Purchase,Primary,Single Family,Servicer D,Current,0,0,0,0,>50%,2026-08-27,System2,Complete,0,0,0,0,Current,0,None
L_0166,2023-12-25,2023-05-29,7,353,290600.0,288697.92,7.79,640-699,80-90%,30-40%,IL,Purchase,Primary,Single Family,Servicer D,Current,0,0,0,0,10-25%,2026-08-27,System1,Complete,0,0,0,0,Current,0,None
L_0166,2024-01-24,2023-05-29,8,352,290600.0,287229.07,7.79,640-699,80-90%,30-40%,IL,Purchase,Primary,Single Family,Servicer D,Current,0,0,0,0,>50%,2026-08-27,System3,Pending,0,0,0,0,Current,0,None
L_0166,2024-02-23,2023-05-29,9,351,290600.0,288743.74,7.79,640-699,80-90%,30-40%,IL,Purchase,Primary,Single Family,Servicer D,Current,0,0,0,0,10-25%,2026-08-27,System1,Complete,0,0,0,0,Current,0,None
L_0166,2024-03-24,2023-05-29,10,350,290600.0,286972.74,7.79,640-699,80-90%,30-40%,IL,Purchase,Primary,Single Family,Servicer D,Current,0,0,0,0,0-10%,2026-08-27,System3,Complete,0,0,0,0,Current,0,None
L_0166,2024-04-23,2023-05-29,11,349,290600.0,285971.27,7.79,640-699,80-90%,30-40%,IL,Purchase,Primary,Single Family,Servicer D,Current,0,0,0,0,>50%,2026-08-27,System3,Complete,0,0,0,0,Current,0,None
L_0167,2023-03-15,2023-03-15,0,360,189900.0,190517.65,7.48,700-759,80-90%,20-30%,IL,Refinance,Primary,Single Family,Servicer C,Current,0,0,0,0,10-25%,2026-08-27,System1,Complete,0,0,0,0,Current,0,None
L_0167,2023-04-14,2023-03-15,1,359,189900.0,191755.14,7.48,700-759,80-90%,20-30%,IL,Refinance,Primary,Single Family,Servicer C,Current,0,0,0,0,>50%,2026-08-27,System3,Pending,0,1,0,0,Current,0,None
L_0167,2023-05-14,2023-03-15,2,358,189900.0,191269.5,7.48,700-759,80-90%,20-30%,IL,Refinance,Primary,Single Family,Servicer C,Current,0,0,0,0,0-10%,2026-08-27,System1,Pending,0,0,0,0,Current,0,None
L_0167,2023-06-13,2023-03-15,3,357,189900.0,185865.51,7.48,700-759,80-90%,20-30%,IL,Refinance,Primary,Single Family,Servicer C,Current,0,0,0,0,0-10%,2026-08-27,System3,Complete,0,0,0,0,Current,0,None
L_0167,2023-07-13,2023-03-15,4,356,189900.0,190765.16,7.48,700-759,80-90%,20-30%,IL,Refinance,Primary,Single Family,Servicer C,Current,0,0,0,0,>50%,2026-08-27,System2,Complete,1,0,0,0,Current,0,None
L_0167,2023-08-12,2023-03-15,5,355,189900.0,189489.02,7.48,700-759,80-90%,20-30%,IL,Refinance,Primary,Single Family,Servicer C,30 Days Delinquent,30,0,0,0,25-50%,2026-08-27,System1,Complete,0,0,0,0,Delinquent,0,None
L_0167,2023-09-11,2023-03-15,6,354,189900.0,187293.91,7.48,700-759,80-90%,20-30%,IL,Refinance,Primary,Single Family,Servicer C,Current,0,0,0,0,0-10%,2026-08-27,System1,Complete,0,0,0,0,Current,0,None
L_0167,2023-10-11,2023-03-15,7,353,189900.0,185841.9,7.48,700-759,80-90%,20-30%,IL,Refinance,Primary,Single Family,Servicer C,90 Days Delinquent,90,0,0,0,0-10%,2026-08-27,System3,Pending,0,0,0,0,Delinquent,0,None
L_0167,2023-11-10,2023-03-15,8,352,189900.0,187094.01,7.48,700-759,80-90%,20-30%,IL,Refinance,Primary,Single Family,Servicer C,Current,0,0,0,0,>50%,2026-08-27,System1,Complete,0,0,0,0,Current,0,None
L_0167,2023-12-10,2023-03-15,9,351,189900.0,189461.99,7.48,700-759,80-90%,20-30%,IL,Refinance,Primary,Single Family,Servicer C,Current,0,0,0,0,25-50%,2026-08-27,System3,Complete,0,0,0,0,Current,0,None
L_0167,2024-01-09,2023-03-15,10,350,189900.0,185202.25,7.48,700-759,80-90%,20-30%,IL,Refinance,Primary,Single Family,Servicer C,Current,0,0,0,0,0-10%,2026-08-27,System3,Complete,0,0,0,0,Current,0,None
L_0167,2024-02-08,2023-03-15,11,349,189900.0,186996.48,7.48,700-759,80-90%,20-30%,IL,Refinance,Primary,Single Family,Servicer C,Current,0,0,0,0,0-10%,2026-08-27,System3,Complete,0,0,0,0,Current,0,None
L_0168,2023-01-05,2023-01-05,0,360,80600.0,80418.91,3.58,760+,60-80%,30-40%,CA,Purchase,Secondary,Single Family,Servicer B,Current,0,0,0,0,>50%,2026-08-27,System2,Complete,0,0,0,0,Current,0,None
L_0168,2023-02-04,2023-01-05,1,359,80600.0,81303.53,3.58,760+,60-80%,30-40%,CA,Purchase,Secondary,Single Family,Servicer B,Current,0,0,0,0,0-10%,2026-08-27,System2,Complete,0,0,0,0,Current,0,None
L_0168,2023-03-06,2023-01-05,2,358,80600.0,80800.1,3.58,760+,60-80%,30-40%,CA,Purchase,Secondary,Single Family,Servicer B,Current,0,0,0,0,0-10%,2026-08-27,System1,Pending,0,0,0,0,Current,0,None
L_0168,2023-04-05,2023-01-05,3,357,80600.0,78893.09,3.58,760+,60-80%,30-40%,CA,Purchase,Secondary,Single Family,Servicer B,Current,0,0,0,0,10-25%,2026-08-27,System1,Complete,0,0,0,0,Current,0,None
L_0168,2023-05-05,2023-01-05,4,356,80600.0,80664.62,3.58,760+,60-80%,30-40%,CA,Purchase,Secondary,Single Family,Servicer B,Current,0,0,0,0,0-10%,2026-08-27,System3,Pending,0,0,0,0,Current,0,None
L_0168,2023-06-04,2023-01-05,5,355,80600.0,80658.66,3.58,760+,60-80%,30-40%,CA,Purchase,Secondary,Single Family,Servicer B,Current,0,0,0,0,0-10%,2026-08-27,System2,Complete,0,0,0,0,Current,0,None
L_0168,2023-07-04,2023-01-05,6,354,80600.0,79907.76,3.58,760+,60-80%,30-40%,CA,Purchase,Secondary,Single Family,Servicer B,Current,0,0,0,0,10-25%,2026-08-27,System2,Complete,0,0,0,0,Current,0,None
L_0168,2023-08-03,2023-01-05,7,353,80600.0,78508.18,3.58,760+,60-80%,30-40%,CA,Purchase,Secondary,Single Family,Servicer B,Current,0,0,0,0,25-50%,2026-08-27,System2,Complete,0,0,0,0,Current,0,None
L_0168,2023-09-02,2023-01-05,8,352,80600.0,78680.51,3.58,760+,60-80%,30-40%,CA,Purchase,Secondary,Single Family,Servicer B,Current,0,0,0,0,0-10%,2026-08-27,System1,Complete,0,0,0,0,Current,0,None
L_0168,2023-10-02,2023-01-05,9,351,80600.0,77753.85,3.58,760+,60-80%,30-40%,CA,Purchase,Secondary,Single Family,Servicer B,Current,0,0,0,0,0-10%,2026-08-27,System3,Pending,0,0,0,0,Current,0,None
L_0168,2023-11-01,2023-01-05,10,350,80600.0,79214.69,3.58,760+,60-80%,30-40%,CA,Purchase,Secondary,Single Family,Servicer B,Current,0,0,0,0,10-25%,2026-08-27,System1,Complete,0,0,0,0,Current,0,None
L_0168,2023-12-01,2023-01-05,11,349,80600.0,78171.87,3.58,760+,60-80%,30-40%,CA,Purchase,Secondary,Single Family,Servicer B,Current,0,0,0,0,25-50%,2026-08-27,System1,Complete,0,0,0,0,Current,0,None
L_0169,2023-04-10,2023-04-10,0,360,493200.0,492259.71,2.88,640-699,80-90%,20-30%,TX,Cash-out Refinance,Primary,Single Family,Servicer A,Current,0,0,0,0,>50%,2026-08-27,System3,Complete,0,0,0,0,Current,0,None
L_0169,2023-05-10,2023-04-10,1,359,493200.0,493117.91,2.88,640-699,80-90%,20-30%,TX,Cash-out Refinance,Primary,Single Family,Servicer A,Current,0,0,0,0,25-50%,2026-08-27,System3,Complete,0,1,0,0,Current,0,None
L_0169,2023-06-09,2023-04-10,2,358,493200.0,490134.77,2.88,640-699,80-90%,20-30%,TX,Cash-out Refinance,Primary,Single Family,Servicer A,Current,0,0,0,0,0-10%,2026-08-27,System1,Complete,0,0,0,0,Current,0,None
L_0169,2023-07-09,2023-04-10,3,357,493200.0,483846.43,2.88,640-699,80-90%,20-30%,TX,Cash-out Refinance,Primary,Single Family,Servicer A,Current,0,0,0,0,>50%,2026-08-27,System2,Pending,0,0,0,0,Current,0,None
L_0169,2023-08-08,2023-04-10,4,356,493200.0,483285.08,2.88,640-699,80-90%,20-30%,TX,Cash-out Refinance,Primary,Single Family,Servicer A,Current,0,0,0,0,25-50%,2026-08-27,System2,Complete,1,0,0,0,Current,0,None
L_0169,2023-09-07,2023-04-10,5,355,493200.0,482642.2,2.88,640-699,80-90%,20-30%,TX,Cash-out Refinance,Primary,Single Family,Servicer A,Current,0,0,0,0,0-10%,2026-08-27,System2,Complete,0,0,0,0,Current,0,None
L_0169,2023-10-07,2023-04-10,6,354,493200.0,489958.68,2.88,640-699,80-90%,20-30%,TX,Cash-out Refinance,Primary,Single Family,Servicer A,Current,0,0,0,0,0-10%,2026-08-27,System1,Complete,0,0,0,0,Current,0,None
L_0169,2023-11-06,2023-04-10,7,353,493200.0,494277.91,2.88,640-699,80-90%,20-30%,TX,Cash-out Refinance,Primary,Single Family,Servicer A,90 Days Delinquent,90,0,0,0,10-25%,2026-08-27,System1,Complete,0,0,0,0,Delinquent,0,None
L_0169,2023-12-06,2023-04-10,8,352,493200.0,476920.94,2.88,640-699,80-90%,20-30%,TX,Cash-out Refinance,Primary,Single Family,Servicer A,Current,0,0,0,0,25-50%,2026-08-27,System3,Complete,0,0,0,0,Current,0,None
L_0169,2024-01-05,2023-04-10,9,351,493200.0,478275.12,2.88,640-699,80-90%,20-30%,TX,Cash-out Refinance,Primary,Single Family,Servicer A,Current,0,0,0,0,25-50%,2026-08-27,System1,Complete,0,0,0,0,Current,0,None
L_0169,2024-02-04,2023-04-10,10,350,493200.0,474772.59,2.88,640-699,80-90%,20-30%,TX,Cash-out Refinance,Primary,Single Family,Servicer A,Current,0,0,0,0,>50%,2026-08-27,System2,Complete,0,0,0,0,Current,0,None
L_0169,2024-03-05,2023-04-10,11,349,493200.0,484001.23,2.88,640-699,80-90%,20-30%,TX,Cash-out Refinance,Primary,Single Family,Servicer A,Current,0,0,0,0,0-10%,2026-08-27,System3,Complete,0,0,0,1,Current,0,None
L_0170,2023-03-11,2023-03-11,0,360,558200.0,559994.38,3.05,700-759,<60%,30-40%,GA,Cash-out Refinance,Primary,Single Family,Servicer D,Current,0,0,0,0,0-10%,2026-08-27,System1,Complete,0,0,0,0,Current,0,None
L_0170,2023-04-10,2023-03-11,1,359,558200.0,552677.33,3.05,700-759,<60%,30-40%,GA,Cash-out Refinance,Primary,Single Family,Servicer D,Current,0,0,0,0,0-10%,2026-08-27,System1,Complete,0,0,0,0,Current,0,None
L_0170,2023-05-10,2023-03-11,2,358,558200.0,550193.25,3.05,700-759,<60%,30-40%,GA,Cash-out Refinance,Primary,Single Family,Servicer D,Current,0,0,0,0,10-25%,2026-08-27,System2,Complete,0,0,0,0,Current,0,None
L_0170,2023-06-09,2023-03-11,3,357,558200.0,561025.17,3.05,700-759,<60%,30-40%,GA,Cash-out Refinance,Primary,Single Family,Servicer D,Current,0,0,0,0,10-25%,2026-08-27,System2,Complete,0,0,0,0,Current,0,None
L_0170,2023-07-09,2023-03-11,4,356,558200.0,554051.22,3.05,700-759,<60%,30-40%,GA,Cash-out Refinance,Primary,Single Family,Servicer D,Current,0,0,0,0,10-25%,2026-08-27,System3,Complete,0,0,0,0,Current,0,None
L_0170,2023-08-08,2023-03-11,5,355,558200.0,544098.05,3.05,700-759,<60%,30-40%,GA,Cash-out Refinance,Primary,Single Family,Servicer D,Current,0,0,0,0,25-50%,2026-08-27,System1,Complete,0,0,0,0,Current,0,None
L_0170,2023-09-07,2023-03-11,6,354,558200.0,552785.11,3.05,700-759,<60%,30-40%,GA,Cash-out Refinance,Primary,Single Family,Servicer D,Current,0,0,0,0,25-50%,2026-08-27,System2,Pending,0,0,0,0,Current,0,None
L_0170,2023-10-07,2023-03-11,7,353,558200.0,548503.84,3.05,700-759,<60%,30-40%,GA,Cash-out Refinance,Primary,Single Family,Servicer D,Current,0,0,0,0,25-50%,2026-08-27,System1,Pending,0,0,0,0,Current,0,None
L_0170,2023-11-06,2023-03-11,8,352,558200.0,551580.54,3.05,700-759,<60%,30-40%,GA,Cash-out Refinance,Primary,Single Family,Servicer D,Current,0,0,0,0,0-10%,2026-08-27,System3,Complete,0,0,0,0,Current,0,None
L_0170,2023-12-06,2023-03-11,9,351,558200.0,547284.18,3.05,700-759,<60%,30-40%,GA,Cash-out Refinance,Primary,Single Family,Servicer D,Current,0,0,0,0,10-25%,2026-08-27,System2,Pending,0,0,0,0,Current,0,None
L_0170,2024-01-05,2023-03-11,10,350,558200.0,548577.1,3.05,700-759,<60%,30-40%,GA,Cash-out Refinance,Primary,Single Family,Servicer D,Current,0,0,0,0,25-50%,2026-08-27,System3,Pending,0,0,0,0,Current,0,None
L_0170,2024-02-04,2023-03-11,11,349,558200.0,546247.93,3.05,700-759,<60%,30-40%,GA,Cash-out Refinance,Primary,Single Family,Servicer D,Prepaid,30,0,1,0,10-25%,2026-08-27,System3,Complete,0,0,0,0,Current,0,None
L_0171,2023-03-31,2023-03-31,0,360,62400.0,62554.91,2.6,760+,80-90%,>40%,FL,Refinance,Primary,Townhouse,Servicer A,Current,0,0,0,0,25-50%,2026-08-27,System1,Complete,0,0,0,0,Current,0,None
L_0171,2023-04-30,2023-03-31,1,359,62400.0,61837.31,2.6,760+,80-90%,>40%,FL,Refinance,Primary,Townhouse,Servicer A,Current,0,0,0,0,10-25%,2026-08-27,System3,Complete,0,0,0,0,Current,0,None
L_0171,2023-05-30,2023-03-31,2,358,62400.0,62378.63,2.6,760+,80-90%,>40%,FL,Refinance,Primary,Townhouse,Servicer A,Current,0,0,0,0,0-10%,2026-08-27,System2,Complete,0,0,0,0,Current,0,None
L_0171,2023-06-29,2023-03-31,3,357,62400.0,62060.49,2.6,760+,80-90%,>40%,FL,Refinance,Primary,Townhouse,Servicer A,Current,0,0,0,0,>50%,2026-08-27,System1,Complete,0,0,0,0,Current,0,None
L_0171,2023-07-29,2023-03-31,4,356,62400.0,61938.02,2.6,760+,80-90%,>40%,FL,Refinance,Primary,Townhouse,Servicer A,Current,0,0,0,0,10-25%,2026-08-27,System1,Pending,0,0,0,0,Current,0,None
L_0171,2023-08-28,2023-03-31,5,355,62400.0,62374.26,2.6,760+,80-90%,>40%,FL,Refinance,Primary,Townhouse,Servicer A,Current,0,0,0,0,25-50%,2026-08-27,System3,Complete,0,0,0,0,Current,0,None
L_0171,2023-09-27,2023-03-31,6,354,62400.0,63324.92,2.6,760+,80-90%,>40%,FL,Refinance,Primary,Townhouse,Servicer A,Current,0,1,0,0,0-10%,2026-08-27,System2,Complete,0,0,0,0,Current,0,None
L_0171,2023-10-27,2023-03-31,7,353,62400.0,62450.45,2.6,760+,80-90%,>40%,FL,Refinance,Primary,Townhouse,Servicer A,Current,0,0,0,0,10-25%,2026-08-27,System1,Missing,0,0,0,0,Current,0,None
L_0171,2023-11-26,2023-03-31,8,352,62400.0,61343.72,2.6,760+,80-90%,>40%,FL,Refinance,Primary,Townhouse,Servicer A,Current,0,0,0,0,>50%,2026-08-27,System2,Complete,0,0,0,0,Current,0,None
L_0171,2023-12-26,2023-03-31,9,351,62400.0,61387.99,2.6,760+,80-90%,>40%,FL,Refinance,Primary,Townhouse,Servicer A,Current,0,0,0,0,25-50%,2026-08-27,System3,Complete,0,0,0,0,Current,0,None
L_0171,2024-01-25,2023-03-31,10,350,62400.0,61727.06,2.6,760+,80-90%,>40%,FL,Refinance,Primary,Townhouse,Servicer A,Current,0,0,0,0,0-10%,2026-08-27,System2,Pending,0,0,0,0,Current,0,None
L_0171,2024-02-24,2023-03-31,11,349,62400.0,60917.6,2.6,760+,80-90%,>40%,FL,Refinance,Primary,Townhouse,Servicer A,Current,0,0,0,0,25-50%,2026-08-27,System3,Complete,0,0,0,0,Current,0,None
L_0172,2023-01-04,2023-01-04,0,360,434100.0,430063.87,3.02,640-699,<60%,30-40%,MI,Purchase,Primary,Single Family,Servicer C,Current,0,0,0,0,0-10%,2026-08-27,System3,Complete,0,0,0,0,Current,0,None
L_0172,2023-02-03,2023-01-04,1,359,434100.0,436440.25,3.02,640-699,<60%,30-40%,MI,Purchase,Primary,Single Family,Servicer C,Current,0,0,0,0,>50%,2026-08-27,System2,Complete,0,0,0,0,Current,0,None
L_0172,2023-03-05,2023-01-04,2,358,434100.0,427082.59,3.02,640-699,<60%,30-40%,MI,Purchase,Primary,Single Family,Servicer C,Current,0,0,0,0,10-25%,2026-08-27,System1,Complete,0,0,0,0,Current,0,None
L_0172,2023-04-04,2023-01-04,3,357,434100.0,430248.35,3.02,640-699,<60%,30-40%,MI,Purchase,Primary,Single Family,Servicer C,Current,0,0,0,0,10-25%,2026-08-27,System3,Complete,0,0,0,0,Current,0,None
L_0172,2023-05-04,2023-01-04,4,356,434100.0,434652.14,3.02,640-699,<60%,30-40%,MI,Purchase,Primary,Single Family,Servicer C,Current,0,0,0,0,25-50%,2026-08-27,System1,Complete,0,0,0,0,Current,0,None
L_0172,2023-06-03,2023-01-04,5,355,434100.0,430463.57,3.02,640-699,<60%,30-40%,MI,Purchase,Primary,Single Family,Servicer C,Current,0,0,0,0,10-25%,2026-08-27,System1,Complete,0,1,0,0,Current,0,None
L_0172,2023-07-03,2023-01-04,6,354,434100.0,432305.54,3.02,640-699,<60%,30-40%,MI,Purchase,Primary,Single Family,Servicer C,Current,0,0,0,0,0-10%,2026-08-27,System2,Complete,0,0,0,0,Current,0,None
L_0172,2023-08-02,2023-01-04,7,353,434100.0,424783.39,3.02,640-699,<60%,30-40%,MI,Purchase,Primary,Single Family,Servicer C,Current,0,0,0,0,25-50%,2026-08-27,System1,Complete,0,0,0,0,Current,0,None
L_0172,2023-09-01,2023-01-04,8,352,434100.0,424333.18,3.02,640-699,<60%,30-40%,MI,Purchase,Primary,Single Family,Servicer C,Current,0,0,0,0,0-10%,2026-08-27,System2,Complete,1,0,0,0,Current,0,None
L_0172,2023-10-01,2023-01-04,9,351,434100.0,427300.25,3.02,640-699,<60%,30-40%,MI,Purchase,Primary,Single Family,Servicer C,Current,0,0,0,0,25-50%,2026-08-27,System2,Complete,0,1,0,0,Current,0,None
L_0172,2023-10-31,2023-01-04,10,350,434100.0,426088.61,3.02,640-699,<60%,30-40%,MI,Purchase,Primary,Single Family,Servicer C,Current,0,0,0,0,>50%,2026-08-27,System1,Complete,0,0,0,0,Current,0,None
L_0172,2023-11-30,2023-01-04,11,349,434100.0,425909.04,3.02,640-699,<60%,30-40%,MI,Purchase,Primary,Single Family,Servicer C,Charged Off,120,0,0,0,0-10%,2026-08-27,System3,Complete,0,0,0,0,Current,1,High DPD
L_0173,2023-05-06,2023-05-06,0,360,219900.0,222582.04,6.26,700-759,60-80%,20-30%,FL,Refinance,Primary,Single Family,Servicer B,Current,0,0,0,0,10-25%,2026-08-27,System1,Complete,1,0,0,0,Current,0,None
L_0173,2023-06-05,2023-05-06,1,359,219900.0,221275.2,6.26,700-759,60-80%,20-30%,FL,Refinance,Primary,Single Family,Servicer B,Current,0,0,0,0,>50%,2026-08-27,System3,Complete,0,0,0,0,Current,0,None
L_0173,2023-07-05,2023-05-06,2,358,219900.0,218999.92,6.26,700-759,60-80%,20-30%,FL,Refinance,Primary,Single Family,Servicer B,Current,0,0,0,0,>50%,2026-08-27,System3,Complete,0,0,0,0,Current,0,None
L_0173,2023-08-04,2023-05-06,3,357,219900.0,217360.01,6.26,700-759,60-80%,20-30%,FL,Refinance,Primary,Single Family,Servicer B,60 Days Delinquent,60,0,0,0,>50%,2026-08-27,System2,Complete,0,1,0,0,Delinquent,0,None
L_0173,2023-09-03,2023-05-06,4,356,219900.0,215337.5,6.26,700-759,60-80%,20-30%,FL,Refinance,Primary,Single Family,Servicer B,Current,0,0,0,0,0-10%,2026-08-27,System3,Complete,0,0,0,0,Current,0,None
L_0173,2023-10-03,2023-05-06,5,355,219900.0,217018.9,6.26,700-759,60-80%,20-30%,FL,Refinance,Primary,Single Family,Servicer B,Current,0,0,0,0,25-50%,2026-08-27,System3,Missing,0,0,0,0,Current,0,None
L_0173,2023-11-02,2023-05-06,6,354,219900.0,218984.94,6.26,700-759,60-80%,20-30%,FL,Refinance,Primary,Single Family,Servicer B,Current,0,0,0,0,25-50%,2026-08-27,System2,Complete,1,0,0,0,Current,0,None
L_0173,2023-12-02,2023-05-06,7,353,219900.0,216039.18,6.26,700-759,60-80%,20-30%,FL,Refinance,Primary,Single Family,Servicer B,Current,0,0,0,0,>50%,2026-08-27,System3,Missing,0,0,0,0,Current,0,None
L_0173,2024-01-01,2023-05-06,8,352,219900.0,217275.77,6.26,700-759,60-80%,20-30%,FL,Refinance,Primary,Single Family,Servicer B,Current,0,0,0,0,10-25%,2026-08-27,System1,Complete,0,0,0,0,Current,0,None
L_0173,2024-01-31,2023-05-06,9,351,219900.0,215028.68,6.26,700-759,60-80%,20-30%,FL,Refinance,Primary,Single Family,Servicer B,60 Days Delinquent,60,0,0,0,0-10%,2026-08-27,System1,Pending,0,0,0,0,Delinquent,0,None
L_0173,2024-03-01,2023-05-06,10,350,219900.0,215026.18,6.26,700-759,60-80%,20-30%,FL,Refinance,Primary,Single Family,Servicer B,Current,0,0,0,0,10-25%,2026-08-27,System3,Complete,0,1,0,0,Current,0,None
L_0173,2024-03-31,2023-05-06,11,349,219900.0,216003.37,6.26,700-759,60-80%,20-30%,FL,Refinance,Primary,Single Family,Servicer B,Current,0,0,0,0,>50%,2026-08-27,System3,Complete,0,0,0,0,Current,0,None
L_0174,2023-02-08,2023-02-08,0,360,533900.0,533481.79,2.89,760+,80-90%,<20%,GA,Purchase,Primary,Single Family,Servicer D,Current,0,0,0,0,0-10%,2026-08-27,System2,Complete,0,1,0,0,Current,0,None
L_0174,2023-03-10,2023-02-08,1,359,533900.0,530085.61,2.89,760+,80-90%,<20%,GA,Purchase,Primary,Single Family,Servicer D,Current,0,0,0,0,0-10%,2026-08-27,System3,Complete,1,0,0,0,Current,0,None
L_0174,2023-04-09,2023-02-08,2,358,533900.0,538287.34,2.89,760+,80-90%,<20%,GA,Purchase,Primary,Single Family,Servicer D,Current,0,0,0,0,10-25%,2026-08-27,System3,Complete,0,0,0,0,Current,0,None
L_0174,2023-05-09,2023-02-08,3,357,533900.0,533092.63,2.89,760+,80-90%,<20%,GA,Purchase,Primary,Single Family,Servicer D,Current,0,0,0,0,0-10%,2026-08-27,System1,Complete,1,0,0,0,Current,0,None
L_0174,2023-06-08,2023-02-08,4,356,533900.0,533518.53,2.89,760+,80-90%,<20%,GA,Purchase,Primary,Single Family,Servicer D,90 Days Delinquent,90,0,0,0,0-10%,2026-08-27,System1,Complete,0,0,0,0,Delinquent,0,None
L_0174,2023-07-08,2023-02-08,5,355,533900.0,536079.37,2.89,760+,80-90%,<20%,GA,Purchase,Primary,Single Family,Servicer D,Current,0,0,0,0,25-50%,2026-08-27,System3,Complete,0,0,0,0,Current,0,None
L_0174,2023-08-07,2023-02-08,6,354,533900.0,522949.14,2.89,760+,80-90%,<20%,GA,Purchase,Primary,Single Family,Servicer D,Charged Off,120,0,0,0,>50%,2026-08-27,System2,Complete,0,0,0,0,Current,1,High DPD
L_0174,2023-09-06,2023-02-08,7,353,533900.0,526938.61,2.89,760+,80-90%,<20%,GA,Purchase,Primary,Single Family,Servicer D,Current,0,0,0,0,10-25%,2026-08-27,System2,Pending,0,0,0,0,Current,0,None
L_0174,2023-10-06,2023-02-08,8,352,533900.0,528874.39,2.89,760+,80-90%,<20%,GA,Purchase,Primary,Single Family,Servicer D,Current,0,0,0,0,25-50%,2026-08-27,System3,Complete,0,0,0,0,Current,0,None
L_0174,2023-11-05,2023-02-08,9,351,533900.0,521667.61,2.89,760+,80-90%,<20%,GA,Purchase,Primary,Single Family,Servicer D,Current,0,0,0,0,0-10%,2026-08-27,System3,Complete,0,0,0,0,Current,0,None
L_0174,2023-12-05,2023-02-08,10,350,533900.0,517025.9,2.89,760+,80-90%,<20%,GA,Purchase,Primary,Single Family,Servicer D,Current,0,0,0,0,>50%,2026-08-27,System2,Complete,0,0,0,0,Current,0,None
L_0174,2024-01-04,2023-02-08,11,349,533900.0,519550.26,2.89,760+,80-90%,<20%,GA,Purchase,Primary,Single Family,Servicer D,30 Days Delinquent,30,0,0,0,>50%,2026-08-27,System1,Pending,0,0,0,0,Delinquent,0,None
L_0175,2023-06-12,2023-06-12,0,360,180800.0,178303.78,4.25,760+,<60%,20-30%,GA,Purchase,Primary,Single Family,Servicer B,Current,0,0,0,0,>50%,2026-08-27,System3,Complete,0,0,0,0,Current,0,None
L_0175,2023-07-12,2023-06-12,1,359,180800.0,181181.93,4.25,760+,<60%,20-30%,GA,Purchase,Primary,Single Family,Servicer B,Current,0,0,0,0,10-25%,2026-08-27,System2,Complete,0,0,0,0,Current,0,None
L_0175,2023-08-11,2023-06-12,2,358,180800.0,179641.29,4.25,760+,<60%,20-30%,GA,Purchase,Primary,Single Family,Servicer B,Current,0,0,0,0,>50%,2026-08-27,System1,Complete,0,0,0,0,Current,0,None
L_0175,2023-09-10,2023-06-12,3,357,180800.0,177788.26,4.25,760+,<60%,20-30%,GA,Purchase,Primary,Single Family,Servicer B,Current,0,0,0,0,10-25%,2026-08-27,System3,Missing,0,0,0,0,Current,0,None
L_0175,2023-10-10,2023-06-12,4,356,180800.0,179800.47,4.25,760+,<60%,20-30%,GA,Purchase,Primary,Single Family,Servicer B,Current,0,0,0,0,0-10%,2026-08-27,System1,Pending,0,0,0,0,Current,0,None
L_0175,2023-11-09,2023-06-12,5,355,180800.0,179837.16,4.25,760+,<60%,20-30%,GA,Purchase,Primary,Single Family,Servicer B,Current,0,0,0,0,0-10%,2026-08-27,System1,Complete,0,1,0,0,Current,0,None
L_0175,2023-12-09,2023-06-12,6,354,180800.0,179272.7,4.25,760+,<60%,20-30%,GA,Purchase,Primary,Single Family,Servicer B,Current,0,0,0,0,25-50%,2026-08-27,System2,Pending,0,0,0,0,Current,0,None
L_0175,2024-01-08,2023-06-12,7,353,180800.0,178522.35,4.25,760+,<60%,20-30%,GA,Purchase,Primary,Single Family,Servicer B,Current,0,0,0,0,10-25%,2026-08-27,System2,Missing,0,0,0,0,Current,0,None
L_0175,2024-02-07,2023-06-12,8,352,180800.0,179513.31,4.25,760+,<60%,20-30%,GA,Purchase,Primary,Single Family,Servicer B,Current,0,0,0,0,>50%,2026-08-27,System1,Complete,1,0,0,0,Current,0,None
L_0175,2024-03-08,2023-06-12,9,351,180800.0,176716.02,4.25,760+,<60%,20-30%,GA,Purchase,Primary,Single Family,Servicer B,30 Days Delinquent,30,1,0,0,25-50%,2026-08-27,System3,Complete,0,0,0,0,Delinquent,0,None
L_0175,2024-04-07,2023-06-12,10,350,180800.0,172756.18,4.25,760+,<60%,20-30%,GA,Purchase,Primary,Single Family,Servicer B,Current,0,0,0,0,25-50%,2026-08-27,System1,Complete,0,0,0,0,Current,0,None
L_0175,2024-05-07,2023-06-12,11,349,180800.0,174957.5,4.25,760+,<60%,20-30%,GA,Purchase,Primary,Single Family,Servicer B,Charged Off,120,0,0,0,0-10%,2026-08-27,System2,Complete,0,0,0,0,Current,1,High DPD
L_0176,2023-05-09,2023-05-09,0,360,568200.0,560462.68,7.15,<640,60-80%,30-40%,TX,Purchase,Secondary,Condo,Servicer C,Current,0,0,0,0,>50%,2026-08-27,System3,Complete,0,0,0,0,Current,0,None
L_0176,2023-06-08,2023-05-09,1,359,568200.0,573849.96,7.15,<640,60-80%,30-40%,TX,Purchase,Secondary,Condo,Servicer C,Current,0,0,0,0,0-10%,2026-08-27,System3,Complete,0,0,0,0,Current,0,None
L_0176,2023-07-08,2023-05-09,2,358,568200.0,568017.17,7.15,<640,60-80%,30-40%,TX,Purchase,Secondary,Condo,Servicer C,Current,0,0,0,0,10-25%,2026-08-27,System2,Complete,0,0,0,0,Current,0,None
L_0176,2023-08-07,2023-05-09,3,357,568200.0,552519.42,7.15,<640,60-80%,30-40%,TX,Purchase,Secondary,Condo,Servicer C,Current,0,0,0,0,>50%,2026-08-27,System2,Complete,0,0,0,0,Current,0,None
L_0176,2023-09-06,2023-05-09,4,356,568200.0,561098.95,7.15,<640,60-80%,30-40%,TX,Purchase,Secondary,Condo,Servicer C,Current,0,0,0,0,10-25%,2026-08-27,System3,Complete,0,1,0,0,Current,0,None
L_0176,2023-10-06,2023-05-09,5,355,568200.0,566199.56,7.15,<640,60-80%,30-40%,TX,Purchase,Secondary,Condo,Servicer C,Current,0,0,0,0,0-10%,2026-08-27,System3,Complete,0,0,0,0,Current,0,None
L_0176,2023-11-05,2023-05-09,6,354,568200.0,555313.01,7.15,<640,60-80%,30-40%,TX,Purchase,Secondary,Condo,Servicer C,Current,0,0,0,0,0-10%,2026-08-27,System1,Complete,0,0,0,0,Current,0,None
L_0176,2023-12-05,2023-05-09,7,353,568200.0,557289.81,7.15,<640,60-80%,30-40%,TX,Purchase,Secondary,Condo,Servicer C,Current,0,0,0,0,>50%,2026-08-27,System2,Complete,1,0,0,0,Current,0,None
L_0176,2024-01-04,2023-05-09,8,352,568200.0,557202.64,7.15,<640,60-80%,30-40%,TX,Purchase,Secondary,Condo,Servicer C,Current,0,0,0,0,0-10%,2026-08-27,System3,Complete,0,0,0,0,Current,0,None
L_0176,2024-02-03,2023-05-09,9,351,568200.0,556091.67,7.15,<640,60-80%,30-40%,TX,Purchase,Secondary,Condo,Servicer C,Current,0,0,0,0,0-10%,2026-08-27,System1,Complete,0,1,0,0,Current,0,None
L_0176,2024-03-04,2023-05-09,10,350,568200.0,558482.04,7.15,<640,60-80%,30-40%,TX,Purchase,Secondary,Condo,Servicer C,60 Days Delinquent,60,0,0,0,25-50%,2026-08-27,System2,Complete,0,0,0,0,Delinquent,0,None
L_0176,2024-04-03,2023-05-09,11,349,568200.0,561859.95,7.15,<640,60-80%,30-40%,TX,Purchase,Secondary,Condo,Servicer C,Current,0,0,0,0,10-25%,2026-08-27,System1,Complete,0,0,0,0,Current,0,None
L_0177,2023-01-24,2023-01-24,0,360,340100.0,343167.68,2.63,760+,80-90%,<20%,GA,Purchase,Primary,Condo,Servicer C,Current,0,0,0,0,>50%,2026-08-27,System3,Complete,1,0,0,0,Current,0,None
L_0177,2023-02-23,2023-01-24,1,359,340100.0,336811.61,2.63,760+,80-90%,<20%,GA,Purchase,Primary,Condo,Servicer C,Current,0,0,0,0,10-25%,2026-08-27,System2,Pending,0,0,0,0,Current,0,None
L_0177,2023-03-25,2023-01-24,2,358,340100.0,342753.69,2.63,760+,80-90%,<20%,GA,Purchase,Primary,Condo,Servicer C,Current,0,0,0,0,10-25%,2026-08-27,System1,Complete,0,1,0,0,Current,0,None
L_0177,2023-04-24,2023-01-24,3,357,340100.0,341647.93,2.63,760+,80-90%,<20%,GA,Purchase,Primary,Condo,Servicer C,90 Days Delinquent,90,0,0,0,0-10%,2026-08-27,System2,Complete,0,0,0,0,Delinquent,0,None
L_0177,2023-05-24,2023-01-24,4,356,340100.0,343190.38,2.63,760+,80-90%,<20%,GA,Purchase,Primary,Condo,Servicer C,Current,0,0,0,0,10-25%,2026-08-27,System2,Complete,0,0,0,0,Current,0,None
L_0177,2023-06-23,2023-01-24,5,355,340100.0,339530.77,2.63,760+,80-90%,<20%,GA,Purchase,Primary,Condo,Servicer C,Current,0,0,0,0,25-50%,2026-08-27,System1,Complete,1,0,0,0,Current,0,None
L_0177,2023-07-23,2023-01-24,6,354,340100.0,337931.04,2.63,760+,80-90%,<20%,GA,Purchase,Primary,Condo,Servicer C,Current,0,0,0,0,10-25%,2026-08-27,System1,Complete,0,0,0,0,Current,0,None
L_0177,2023-08-22,2023-01-24,7,353,340100.0,331822.27,2.63,760+,80-90%,<20%,GA,Purchase,Primary,Condo,Servicer C,Current,0,0,0,0,10-25%,2026-08-27,System2,Complete,0,0,0,0,Current,0,None
L_0177,2023-09-21,2023-01-24,8,352,340100.0,337630.05,2.63,760+,80-90%,<20%,GA,Purchase,Primary,Condo,Servicer C,90 Days Delinquent,90,0,0,0,25-50%,2026-08-27,System2,Complete,0,0,0,0,Delinquent,0,None
L_0177,2023-10-21,2023-01-24,9,351,340100.0,333011.45,2.63,760+,80-90%,<20%,GA,Purchase,Primary,Condo,Servicer C,Current,0,0,0,0,25-50%,2026-08-27,System1,Pending,0,0,1,0,Current,0,None
L_0177,2023-11-20,2023-01-24,10,350,340100.0,337217.62,2.63,760+,80-90%,<20%,GA,Purchase,Primary,Condo,Servicer C,Current,0,0,0,0,25-50%,2026-08-27,System1,Complete,0,0,0,0,Current,0,None
L_0177,2023-12-20,2023-01-24,11,349,340100.0,336392.24,2.63,760+,80-90%,<20%,GA,Purchase,Primary,Condo,Servicer C,Current,0,0,0,0,>50%,2026-08-27,System3,Complete,0,0,0,0,Current,0,None
L_0178,2023-02-26,2023-02-26,0,360,752500.0,760547.59,6.98,700-759,80-90%,20-30%,CA,Refinance,Primary,Condo,Servicer A,Current,0,0,0,0,0-10%,2026-08-27,System1,Complete,0,0,0,0,Current,0,None
L_0178,2023-03-28,2023-02-26,1,359,752500.0,750963.89,6.98,700-759,80-90%,20-30%,CA,Refinance,Primary,Condo,Servicer A,Current,0,0,0,0,>50%,2026-08-27,System1,Complete,0,0,0,0,Current,0,None
L_0178,2023-04-27,2023-02-26,2,358,752500.0,745661.17,6.98,700-759,80-90%,20-30%,CA,Refinance,Primary,Condo,Servicer A,Current,0,0,0,0,>50%,2026-08-27,System2,Complete,0,0,0,0,Current,0,None
L_0178,2023-05-27,2023-02-26,3,357,752500.0,758659.87,6.98,700-759,80-90%,20-30%,CA,Refinance,Primary,Condo,Servicer A,Current,0,0,0,0,10-25%,2026-08-27,System2,Complete,0,1,0,0,Current,0,None
L_0178,2023-06-26,2023-02-26,4,356,752500.0,742961.64,6.98,700-759,80-90%,20-30%,CA,Refinance,Primary,Condo,Servicer A,Current,0,0,0,0,>50%,2026-08-27,System2,Missing,0,0,0,0,Current,0,None
L_0178,2023-07-26,2023-02-26,5,355,752500.0,737434.71,6.98,700-759,80-90%,20-30%,CA,Refinance,Primary,Condo,Servicer A,Current,0,0,0,0,25-50%,2026-08-27,System3,Complete,0,0,0,0,Current,0,None
L_0178,2023-08-25,2023-02-26,6,354,752500.0,737918.48,6.98,700-759,80-90%,20-30%,CA,Refinance,Primary,Condo,Servicer A,Current,0,0,0,0,25-50%,2026-08-27,System2,Complete,1,0,0,0,Current,0,None
L_0178,2023-09-24,2023-02-26,7,353,752500.0,738993.52,6.98,700-759,80-90%,20-30%,CA,Refinance,Primary,Condo,Servicer A,Current,0,0,0,0,25-50%,2026-08-27,System1,Complete,0,0,0,0,Current,0,None
L_0178,2023-10-24,2023-02-26,8,352,752500.0,727609.41,6.98,700-759,80-90%,20-30%,CA,Refinance,Primary,Condo,Servicer A,Current,0,0,0,0,10-25%,2026-08-27,System1,Complete,0,0,0,0,Current,0,None
L_0178,2023-11-23,2023-02-26,9,351,752500.0,737381.89,6.98,700-759,80-90%,20-30%,CA,Refinance,Primary,Condo,Servicer A,Charged Off,120,0,0,1,25-50%,2026-08-27,System1,Complete,0,0,0,0,Current,1,High DPD
L_0178,2023-12-23,2023-02-26,10,350,752500.0,735506.41,6.98,700-759,80-90%,20-30%,CA,Refinance,Primary,Condo,Servicer A,Current,0,0,0,0,10-25%,2026-08-27,System2,Complete,0,0,0,0,Current,0,None
L_0178,2024-01-22,2023-02-26,11,349,752500.0,730552.68,6.98,700-759,80-90%,20-30%,CA,Refinance,Primary,Condo,Servicer A,Current,0,0,0,0,>50%,2026-08-27,System1,Complete,0,0,0,0,Current,0,None
L_0179,2023-04-10,2023-04-10,0,360,153100.0,152537.95,4.05,640-699,80-90%,30-40%,PA,Refinance,Primary,Single Family,Servicer D,Current,0,0,0,0,0-10%,2026-08-27,System3,Complete,0,0,0,0,Current,0,None
L_0179,2023-05-10,2023-04-10,1,359,153100.0,152842.07,4.05,640-699,80-90%,30-40%,PA,Refinance,Primary,Single Family,Servicer D,Current,0,0,0,0,0-10%,2026-08-27,System2,Pending,0,0,0,0,Current,0,None
L_0179,2023-06-09,2023-04-10,2,358,153100.0,154436.18,4.05,640-699,80-90%,30-40%,PA,Refinance,Primary,Single Family,Servicer D,Current,0,0,0,0,10-25%,2026-08-27,System3,Complete,0,0,0,0,Current,0,None
L_0179,2023-07-09,2023-04-10,3,357,153100.0,152776.9,4.05,640-699,80-90%,30-40%,PA,Refinance,Primary,Single Family,Servicer D,Current,0,0,0,0,10-25%,2026-08-27,System3,Pending,0,0,0,0,Current,0,None
L_0179,2023-08-08,2023-04-10,4,356,153100.0,149427.1,4.05,640-699,80-90%,30-40%,PA,Refinance,Primary,Single Family,Servicer D,Current,0,0,0,0,>50%,2026-08-27,System3,Complete,0,0,0,0,Current,0,None
L_0179,2023-09-07,2023-04-10,5,355,153100.0,154102.46,4.05,640-699,80-90%,30-40%,PA,Refinance,Primary,Single Family,Servicer D,Current,0,0,0,0,25-50%,2026-08-27,System1,Complete,0,0,0,0,Current,0,None
L_0179,2023-10-07,2023-04-10,6,354,153100.0,152659.98,4.05,640-699,80-90%,30-40%,PA,Refinance,Primary,Single Family,Servicer D,Current,0,0,0,0,10-25%,2026-08-27,System3,Complete,0,0,0,0,Current,0,None
L_0179,2023-11-06,2023-04-10,7,353,153100.0,149189.23,4.05,640-699,80-90%,30-40%,PA,Refinance,Primary,Single Family,Servicer D,Current,0,0,0,0,0-10%,2026-08-27,System3,Complete,0,0,0,0,Current,0,None
L_0179,2023-12-06,2023-04-10,8,352,153100.0,150462.92,4.05,640-699,80-90%,30-40%,PA,Refinance,Primary,Single Family,Servicer D,Current,0,0,0,0,25-50%,2026-08-27,System1,Complete,0,0,0,0,Current,0,None
L_0179,2024-01-05,2023-04-10,9,351,153100.0,151266.87,4.05,640-699,80-90%,30-40%,PA,Refinance,Primary,Single Family,Servicer D,30 Days Delinquent,30,0,0,0,>50%,2026-08-27,System3,Complete,0,0,0,0,Delinquent,0,None
L_0179,2024-02-04,2023-04-10,10,350,153100.0,153980.86,4.05,640-699,80-90%,30-40%,PA,Refinance,Primary,Single Family,Servicer D,Current,0,0,0,0,10-25%,2026-08-27,System2,Complete,0,0,0,0,Current,0,None
L_0179,2024-03-05,2023-04-10,11,349,153100.0,152247.42,4.05,640-699,80-90%,30-40%,PA,Refinance,Primary,Single Family,Servicer D,Current,0,0,0,0,10-25%,2026-08-27,System3,Complete,0,0,0,0,Current,0,None
L_0180,2023-03-11,2023-03-11,0,360,305800.0,307177.58,3.15,700-759,80-90%,20-30%,GA,Refinance,Investment,Single Family,Servicer A,Current,0,0,0,0,25-50%,2026-08-27,System2,Complete,0,0,0,0,Current,0,None
L_0180,2023-04-10,2023-03-11,1,359,305800.0,301533.32,3.15,700-759,80-90%,20-30%,GA,Refinance,Investment,Single Family,Servicer A,Current,0,0,0,0,0-10%,2026-08-27,System3,Pending,0,0,0,0,Current,0,None
L_0180,2023-05-10,2023-03-11,2,358,305800.0,304279.55,3.15,700-759,80-90%,20-30%,GA,Refinance,Investment,Single Family,Servicer A,Current,0,0,0,0,10-25%,2026-08-27,System2,Missing,0,0,0,0,Current,0,None
L_0180,2023-06-09,2023-03-11,3,357,305800.0,298848.3,3.15,700-759,80-90%,20-30%,GA,Refinance,Investment,Single Family,Servicer A,Current,0,0,0,0,>50%,2026-08-27,System2,Complete,0,0,0,0,Current,0,None
L_0180,2023-07-09,2023-03-11,4,356,305800.0,297043.27,3.15,700-759,80-90%,20-30%,GA,Refinance,Investment,Single Family,Servicer A,Current,0,0,0,0,10-25%,2026-08-27,System2,Pending,0,0,0,0,Current,0,None
L_0180,2023-08-08,2023-03-11,5,355,305800.0,303586.58,3.15,700-759,80-90%,20-30%,GA,Refinance,Investment,Single Family,Servicer A,Current,0,0,0,0,10-25%,2026-08-27,System2,Complete,0,0,0,0,Current,0,None
L_0180,2023-09-07,2023-03-11,6,354,305800.0,301472.96,3.15,700-759,80-90%,20-30%,GA,Refinance,Investment,Single Family,Servicer A,Current,0,0,0,0,10-25%,2026-08-27,System1,Complete,0,0,0,0,Current,0,None
L_0180,2023-10-07,2023-03-11,7,353,305800.0,305671.54,3.15,700-759,80-90%,20-30%,GA,Refinance,Investment,Single Family,Servicer A,Current,0,0,0,0,10-25%,2026-08-27,System3,Complete,0,0,0,0,Current,0,None
L_0180,2023-11-06,2023-03-11,8,352,305800.0,297147.44,3.15,700-759,80-90%,20-30%,GA,Refinance,Investment,Single Family,Servicer A,Current,0,0,0,0,10-25%,2026-08-27,System1,Complete,0,0,0,0,Current,0,None
L_0180,2023-12-06,2023-03-11,9,351,305800.0,298334.96,3.15,700-759,80-90%,20-30%,GA,Refinance,Investment,Single Family,Servicer A,Current,0,0,0,0,25-50%,2026-08-27,System1,Complete,0,0,0,0,Current,0,None
L_0180,2024-01-05,2023-03-11,10,350,305800.0,303059.62,3.15,700-759,80-90%,20-30%,GA,Refinance,Investment,Single Family,Servicer A,Current,0,0,0,0,25-50%,2026-08-27,System3,Complete,0,0,0,0,Current,0,None
L_0180,2024-02-04,2023-03-11,11,349,305800.0,298777.49,3.15,700-759,80-90%,20-30%,GA,Refinance,Investment,Single Family,Servicer A,Current,0,0,0,0,0-10%,2026-08-27,System2,Complete,0,0,0,0,Current,0,None
L_0181,2023-02-10,2023-02-10,0,360,135100.0,136573.73,6.33,760+,60-80%,30-40%,FL,Purchase,Primary,Single Family,Servicer C,Current,0,0,0,0,0-10%,2026-08-27,System1,Complete,0,0,0,0,Current,0,None
L_0181,2023-03-12,2023-02-10,1,359,135100.0,133802.7,6.33,760+,60-80%,30-40%,FL,Purchase,Primary,Single Family,Servicer C,Current,0,0,0,0,10-25%,2026-08-27,System3,Pending,0,0,0,0,Current,0,None
L_0181,2023-04-11,2023-02-10,2,358,135100.0,135258.07,6.33,760+,60-80%,30-40%,FL,Purchase,Primary,Single Family,Servicer C,Current,0,0,0,0,10-25%,2026-08-27,System2,Complete,0,0,0,0,Current,0,None
L_0181,2023-05-11,2023-02-10,3,357,135100.0,133639.32,6.33,760+,60-80%,30-40%,FL,Purchase,Primary,Single Family,Servicer C,Current,0,0,0,0,25-50%,2026-08-27,System1,Complete,0,0,0,0,Current,0,None
L_0181,2023-06-10,2023-02-10,4,356,135100.0,132858.72,6.33,760+,60-80%,30-40%,FL,Purchase,Primary,Single Family,Servicer C,30 Days Delinquent,30,0,0,0,0-10%,2026-08-27,System3,Complete,0,0,0,0,Delinquent,0,None
L_0181,2023-07-10,2023-02-10,5,355,135100.0,133732.19,6.33,760+,60-80%,30-40%,FL,Purchase,Primary,Single Family,Servicer C,Current,0,0,0,0,10-25%,2026-08-27,System3,Complete,0,0,0,0,Current,0,None
L_0181,2023-08-09,2023-02-10,6,354,135100.0,132133.03,6.33,760+,60-80%,30-40%,FL,Purchase,Primary,Single Family,Servicer C,Current,0,0,0,0,10-25%,2026-08-27,System1,Complete,0,0,0,0,Current,0,None
L_0181,2023-09-08,2023-02-10,7,353,135100.0,131026.03,6.33,760+,60-80%,30-40%,FL,Purchase,Primary,Single Family,Servicer C,Current,0,0,0,0,0-10%,2026-08-27,System1,Complete,0,0,0,0,Current,0,None
L_0181,2023-10-08,2023-02-10,8,352,135100.0,133336.94,6.33,760+,60-80%,30-40%,FL,Purchase,Primary,Single Family,Servicer C,Current,0,0,0,0,0-10%,2026-08-27,System1,Complete,0,0,0,0,Current,0,None
L_0181,2023-11-07,2023-02-10,9,351,135100.0,130471.69,6.33,760+,60-80%,30-40%,FL,Purchase,Primary,Single Family,Servicer C,Current,0,0,0,0,10-25%,2026-08-27,System1,Complete,0,0,0,0,Current,0,None
L_0181,2023-12-07,2023-02-10,10,350,135100.0,132985.63,6.33,760+,60-80%,30-40%,FL,Purchase,Primary,Single Family,Servicer C,Current,0,0,0,0,0-10%,2026-08-27,System3,Complete,0,0,0,0,Current,0,None
L_0181,2024-01-06,2023-02-10,11,349,135100.0,130079.48,6.33,760+,60-80%,30-40%,FL,Purchase,Primary,Single Family,Servicer C,Current,0,0,0,0,0-10%,2026-08-27,System2,Pending,0,0,0,0,Current,0,None
L_0182,2023-06-23,2023-06-23,0,360,743500.0,747271.22,5.96,700-759,60-80%,<20%,GA,Purchase,Secondary,Single Family,Servicer B,Current,0,0,0,0,10-25%,2026-08-27,System3,Complete,0,0,0,0,Current,0,None
L_0182,2023-07-23,2023-06-23,1,359,743500.0,748703.82,5.96,700-759,60-80%,<20%,GA,Purchase,Secondary,Single Family,Servicer B,Current,0,0,0,0,>50%,2026-08-27,System3,Complete,0,0,0,0,Current,0,None
L_0182,2023-08-22,2023-06-23,2,358,743500.0,757667.86,5.96,700-759,60-80%,<20%,GA,Purchase,Secondary,Single Family,Servicer B,Current,0,0,0,0,10-25%,2026-08-27,System2,Complete,0,0,0,0,Current,0,None
L_0182,2023-09-21,2023-06-23,3,357,743500.0,740570.83,5.96,700-759,60-80%,<20%,GA,Purchase,Secondary,Single Family,Servicer B,Current,0,0,0,0,10-25%,2026-08-27,System1,Pending,0,0,0,0,Current,0,None
L_0182,2023-10-21,2023-06-23,4,356,743500.0,731343.03,5.96,700-759,60-80%,<20%,GA,Purchase,Secondary,Single Family,Servicer B,Current,0,0,0,0,25-50%,2026-08-27,System2,Complete,0,0,0,0,Current,0,None
L_0182,2023-11-20,2023-06-23,5,355,743500.0,733240.43,5.96,700-759,60-80%,<20%,GA,Purchase,Secondary,Single Family,Servicer B,Current,0,0,0,0,0-10%,2026-08-27,System1,Complete,0,0,0,0,Current,0,None
L_0182,2023-12-20,2023-06-23,6,354,743500.0,742906.94,5.96,700-759,60-80%,<20%,GA,Purchase,Secondary,Single Family,Servicer B,Current,0,0,0,0,0-10%,2026-08-27,System3,Complete,0,0,0,0,Current,0,None
L_0182,2024-01-19,2023-06-23,7,353,743500.0,733140.26,5.96,700-759,60-80%,<20%,GA,Purchase,Secondary,Single Family,Servicer B,Current,0,0,0,0,10-25%,2026-08-27,System1,Pending,0,0,0,0,Current,0,None
L_0182,2024-02-18,2023-06-23,8,352,743500.0,724490.43,5.96,700-759,60-80%,<20%,GA,Purchase,Secondary,Single Family,Servicer B,Current,0,0,0,0,10-25%,2026-08-27,System1,Pending,0,0,0,0,Current,0,None
L_0182,2024-03-19,2023-06-23,9,351,743500.0,727331.66,5.96,700-759,60-80%,<20%,GA,Purchase,Secondary,Single Family,Servicer B,Current,0,0,0,0,10-25%,2026-08-27,System1,Pending,0,0,0,0,Current,0,None
L_0182,2024-04-18,2023-06-23,10,350,743500.0,717833.39,5.96,700-759,60-80%,<20%,GA,Purchase,Secondary,Single Family,Servicer B,Current,0,0,0,0,0-10%,2026-08-27,System2,Complete,0,0,0,1,Current,0,None
L_0182,2024-05-18,2023-06-23,11,349,743500.0,730425.61,5.96,700-759,60-80%,<20%,GA,Purchase,Secondary,Single Family,Servicer B,Current,0,0,0,0,10-25%,2026-08-27,System2,Complete,0,0,0,0,Current,0,None
L_0183,2023-03-01,2023-03-01,0,360,708000.0,702940.1,7.33,640-699,60-80%,<20%,CA,Purchase,Primary,Single Family,Servicer A,Current,0,0,0,0,10-25%,2026-08-27,System1,Missing,0,0,0,0,Current,0,None
L_0183,2023-03-31,2023-03-01,1,359,708000.0,700730.54,7.33,640-699,60-80%,<20%,CA,Purchase,Primary,Single Family,Servicer A,Current,0,0,0,0,25-50%,2026-08-27,System3,Complete,0,0,0,0,Current,0,None
L_0183,2023-04-30,2023-03-01,2,358,708000.0,705010.69,7.33,640-699,60-80%,<20%,CA,Purchase,Primary,Single Family,Servicer A,Current,0,0,0,0,>50%,2026-08-27,System1,Complete,0,0,0,0,Current,0,None
L_0183,2023-05-30,2023-03-01,3,357,708000.0,706169.77,7.33,640-699,60-80%,<20%,CA,Purchase,Primary,Single Family,Servicer A,Current,0,0,0,0,25-50%,2026-08-27,System1,Complete,0,0,0,0,Current,0,None
L_0183,2023-06-29,2023-03-01,4,356,708000.0,707729.5,7.33,640-699,60-80%,<20%,CA,Purchase,Primary,Single Family,Servicer A,Current,0,0,0,0,25-50%,2026-08-27,System2,Complete,0,0,0,0,Current,0,None
L_0183,2023-07-29,2023-03-01,5,355,708000.0,697230.42,7.33,640-699,60-80%,<20%,CA,Purchase,Primary,Single Family,Servicer A,Current,0,0,0,0,25-50%,2026-08-27,System2,Complete,0,0,0,0,Current,0,None
L_0183,2023-08-28,2023-03-01,6,354,708000.0,702781.39,7.33,640-699,60-80%,<20%,CA,Purchase,Primary,Single Family,Servicer A,Current,0,0,0,0,25-50%,2026-08-27,System3,Complete,0,0,0,0,Current,0,None
L_0183,2023-09-27,2023-03-01,7,353,708000.0,699150.97,7.33,640-699,60-80%,<20%,CA,Purchase,Primary,Single Family,Servicer A,Current,0,0,0,0,>50%,2026-08-27,System3,Complete,0,0,0,0,Current,0,None
L_0183,2023-10-27,2023-03-01,8,352,708000.0,699607.5,7.33,640-699,60-80%,<20%,CA,Purchase,Primary,Single Family,Servicer A,Current,0,0,0,0,10-25%,2026-08-27,System3,Complete,0,0,0,0,Current,0,None
L_0183,2023-11-26,2023-03-01,9,351,708000.0,688197.12,7.33,640-699,60-80%,<20%,CA,Purchase,Primary,Single Family,Servicer A,30 Days Delinquent,30,0,0,0,>50%,2026-08-27,System2,Complete,0,0,0,0,Delinquent,0,None
L_0183,2023-12-26,2023-03-01,10,350,708000.0,701425.37,7.33,640-699,60-80%,<20%,CA,Purchase,Primary,Single Family,Servicer A,Prepaid,0,0,1,0,10-25%,2026-08-27,System1,Complete,0,0,0,0,Current,0,None
L_0183,2024-01-25,2023-03-01,11,349,708000.0,691413.02,7.33,640-699,60-80%,<20%,CA,Purchase,Primary,Single Family,Servicer A,Current,0,0,0,0,25-50%,2026-08-27,System1,Complete,0,0,0,1,Current,0,None
L_0184,2023-04-18,2023-04-18,0,360,243500.0,243641.7,6.54,700-759,<60%,30-40%,NC,Cash-out Refinance,Primary,Condo,Servicer A,Current,0,0,0,0,0-10%,2026-08-27,System2,Pending,0,0,0,0,Current,0,None
L_0184,2023-05-18,2023-04-18,1,359,243500.0,237283.15,6.54,700-759,<60%,30-40%,NC,Cash-out Refinance,Primary,Condo,Servicer A,Current,0,0,0,0,10-25%,2026-08-27,System2,Complete,0,0,0,0,Current,0,None
L_0184,2023-06-17,2023-04-18,2,358,243500.0,242087.49,6.54,700-759,<60%,30-40%,NC,Cash-out Refinance,Primary,Condo,Servicer A,Current,0,0,0,0,25-50%,2026-08-27,System2,Pending,0,0,0,0,Current,0,None
L_0184,2023-07-17,2023-04-18,3,357,243500.0,240309.23,6.54,700-759,<60%,30-40%,NC,Cash-out Refinance,Primary,Condo,Servicer A,Current,0,0,0,0,>50%,2026-08-27,System2,Complete,0,0,0,0,Current,0,None
L_0184,2023-08-16,2023-04-18,4,356,243500.0,240751.88,6.54,700-759,<60%,30-40%,NC,Cash-out Refinance,Primary,Condo,Servicer A,Current,0,0,0,0,10-25%,2026-08-27,System3,Complete,0,0,0,0,Current,0,None
L_0184,2023-09-15,2023-04-18,5,355,243500.0,241738.15,6.54,700-759,<60%,30-40%,NC,Cash-out Refinance,Primary,Condo,Servicer A,Current,0,0,0,0,10-25%,2026-08-27,System3,Pending,0,0,0,0,Current,0,None
L_0184,2023-10-15,2023-04-18,6,354,243500.0,241531.65,6.54,700-759,<60%,30-40%,NC,Cash-out Refinance,Primary,Condo,Servicer A,Current,0,0,0,0,0-10%,2026-08-27,System3,Complete,0,0,0,0,Current,0,None
L_0184,2023-11-14,2023-04-18,7,353,243500.0,239063.73,6.54,700-759,<60%,30-40%,NC,Cash-out Refinance,Primary,Condo,Servicer A,Current,0,0,0,0,>50%,2026-08-27,System2,Complete,0,0,0,0,Current,0,None
L_0184,2023-12-14,2023-04-18,8,352,243500.0,239246.57,6.54,700-759,<60%,30-40%,NC,Cash-out Refinance,Primary,Condo,Servicer A,30 Days Delinquent,30,0,0,0,0-10%,2026-08-27,System2,Complete,0,0,0,0,Delinquent,0,None
L_0184,2024-01-13,2023-04-18,9,351,243500.0,240946.37,6.54,700-759,<60%,30-40%,NC,Cash-out Refinance,Primary,Condo,Servicer A,Current,0,0,0,0,0-10%,2026-08-27,System2,Missing,0,0,0,0,Current,0,None
L_0184,2024-02-12,2023-04-18,10,350,243500.0,240223.11,6.54,700-759,<60%,30-40%,NC,Cash-out Refinance,Primary,Condo,Servicer A,Current,0,0,0,0,>50%,2026-08-27,System3,Complete,0,0,0,0,Current,0,None
L_0184,2024-03-13,2023-04-18,11,349,243500.0,235944.38,6.54,700-759,<60%,30-40%,NC,Cash-out Refinance,Primary,Condo,Servicer A,Prepaid,0,0,1,0,0-10%,2026-08-27,System3,Complete,0,0,0,0,Current,0,None
L_0185,2023-02-26,2023-02-26,0,360,545000.0,539256.03,6.92,640-699,>90%,20-30%,NC,Purchase,Primary,Single Family,Servicer B,Current,0,0,0,0,0-10%,2026-08-27,System3,Pending,0,0,0,0,Current,0,None
L_0185,2023-03-28,2023-02-26,1,359,545000.0,547862.99,6.92,640-699,>90%,20-30%,NC,Purchase,Primary,Single Family,Servicer B,Current,0,0,0,0,0-10%,2026-08-27,System2,Complete,0,0,0,0,Current,0,None
L_0185,2023-04-27,2023-02-26,2,358,545000.0,535938.42,6.92,640-699,>90%,20-30%,NC,Purchase,Primary,Single Family,Servicer B,Current,0,0,0,0,25-50%,2026-08-27,System1,Complete,0,0,0,0,Current,0,None
L_0185,2023-05-27,2023-02-26,3,357,545000.0,549722.55,6.92,640-699,>90%,20-30%,NC,Purchase,Primary,Single Family,Servicer B,Current,0,0,0,0,25-50%,2026-08-27,System1,Missing,0,0,0,0,Current,0,None
L_0185,2023-06-26,2023-02-26,4,356,545000.0,534381.06,6.92,640-699,>90%,20-30%,NC,Purchase,Primary,Single Family,Servicer B,Current,0,0,0,0,10-25%,2026-08-27,System1,Complete,0,0,0,0,Current,0,None
L_0185,2023-07-26,2023-02-26,5,355,545000.0,545681.96,6.92,640-699,>90%,20-30%,NC,Purchase,Primary,Single Family,Servicer B,Current,0,0,0,0,0-10%,2026-08-27,System2,Complete,0,0,0,0,Current,0,None
L_0185,2023-08-25,2023-02-26,6,354,545000.0,546000.81,6.92,640-699,>90%,20-30%,NC,Purchase,Primary,Single Family,Servicer B,Current,0,0,0,0,0-10%,2026-08-27,System3,Complete,0,0,0,0,Current,0,None
L_0185,2023-09-24,2023-02-26,7,353,545000.0,536937.83,6.92,640-699,>90%,20-30%,NC,Purchase,Primary,Single Family,Servicer B,Current,0,0,0,0,0-10%,2026-08-27,System3,Complete,0,0,0,0,Current,0,None
L_0185,2023-10-24,2023-02-26,8,352,545000.0,531520.7,6.92,640-699,>90%,20-30%,NC,Purchase,Primary,Single Family,Servicer B,Current,0,0,0,0,25-50%,2026-08-27,System3,Missing,0,0,0,0,Current,0,None
L_0185,2023-11-23,2023-02-26,9,351,545000.0,531537.11,6.92,640-699,>90%,20-30%,NC,Purchase,Primary,Single Family,Servicer B,Current,0,0,0,0,0-10%,2026-08-27,System1,Pending,0,1,0,0,Current,0,None
L_0185,2023-12-23,2023-02-26,10,350,545000.0,523629.28,6.92,640-699,>90%,20-30%,NC,Purchase,Primary,Single Family,Servicer B,Current,0,1,0,0,0-10%,2026-08-27,System3,Complete,0,1,0,1,Current,0,None
L_0185,2024-01-22,2023-02-26,11,349,545000.0,537455.48,6.92,640-699,>90%,20-30%,NC,Purchase,Primary,Single Family,Servicer B,Current,0,0,0,0,25-50%,2026-08-27,System3,Complete,0,1,0,0,Current,0,None
L_0186,2023-01-31,2023-01-31,0,360,662900.0,667345.55,4.05,<640,60-80%,30-40%,IL,Refinance,Investment,Single Family,Servicer A,Current,0,0,0,0,0-10%,2026-08-27,System2,Complete,1,1,0,0,Current,0,None
L_0186,2023-03-02,2023-01-31,1,359,662900.0,659132.18,4.05,<640,60-80%,30-40%,IL,Refinance,Investment,Single Family,Servicer A,Current,0,0,0,0,>50%,2026-08-27,System3,Complete,1,0,0,0,Current,0,None
L_0186,2023-04-01,2023-01-31,2,358,662900.0,665072.64,4.05,<640,60-80%,30-40%,IL,Refinance,Investment,Single Family,Servicer A,Current,0,0,0,0,25-50%,2026-08-27,System1,Missing,1,0,0,0,Current,0,None
L_0186,2023-05-01,2023-01-31,3,357,662900.0,655533.23,4.05,<640,60-80%,30-40%,IL,Refinance,Investment,Single Family,Servicer A,90 Days Delinquent,90,0,0,0,0-10%,2026-08-27,System2,Complete,1,0,0,0,Delinquent,0,None
L_0186,2023-05-31,2023-01-31,4,356,662900.0,660564.85,4.05,<640,60-80%,30-40%,IL,Refinance,Investment,Single Family,Servicer A,60 Days Delinquent,60,0,0,0,10-25%,2026-08-27,System2,Missing,0,0,0,0,Delinquent,0,None
L_0186,2023-06-30,2023-01-31,5,355,662900.0,648519.17,4.05,<640,60-80%,30-40%,IL,Refinance,Investment,Single Family,Servicer A,90 Days Delinquent,90,0,0,0,>50%,2026-08-27,System1,Missing,0,0,0,0,Delinquent,0,None
L_0186,2023-07-30,2023-01-31,6,354,662900.0,644688.56,4.05,<640,60-80%,30-40%,IL,Refinance,Investment,Single Family,Servicer A,90 Days Delinquent,90,0,0,0,0-10%,2026-08-27,System1,Complete,0,0,0,0,Delinquent,0,None
L_0186,2023-08-29,2023-01-31,7,353,662900.0,670520.63,4.05,<640,60-80%,30-40%,IL,Refinance,Investment,Single Family,Servicer A,Current,0,0,0,0,10-25%,2026-08-27,System3,Complete,0,0,0,1,Current,0,None
L_0186,2023-09-28,2023-01-31,8,352,662900.0,654872.88,4.05,<640,60-80%,30-40%,IL,Refinance,Investment,Single Family,Servicer A,Current,0,0,0,0,10-25%,2026-08-27,System3,Complete,0,0,0,0,Current,0,None
L_0186,2023-10-28,2023-01-31,9,351,662900.0,651577.71,4.05,<640,60-80%,30-40%,IL,Refinance,Investment,Single Family,Servicer A,Current,0,0,0,0,10-25%,2026-08-27,System1,Complete,0,0,0,0,Current,0,None
L_0186,2023-11-27,2023-01-31,10,350,662900.0,640874.11,4.05,<640,60-80%,30-40%,IL,Refinance,Investment,Single Family,Servicer A,Prepaid,0,0,1,0,10-25%,2026-08-27,System2,Complete,0,0,0,1,Current,0,None
L_0186,2023-12-27,2023-01-31,11,349,662900.0,652149.14,4.05,<640,60-80%,30-40%,IL,Refinance,Investment,Single Family,Servicer A,Current,0,0,0,0,10-25%,2026-08-27,System1,Missing,0,0,0,0,Current,0,None
L_0187,2023-03-25,2023-03-25,0,360,466400.0,465942.92,3.48,<640,60-80%,20-30%,MI,Purchase,Primary,Single Family,Servicer B,Current,0,0,0,0,10-25%,2026-08-27,System1,Complete,0,0,0,0,Current,0,None
L_0187,2023-04-24,2023-03-25,1,359,466400.0,469236.84,3.48,<640,60-80%,20-30%,MI,Purchase,Primary,Single Family,Servicer B,Current,0,0,0,0,10-25%,2026-08-27,System3,Missing,0,0,0,0,Current,0,None
L_0187,2023-05-24,2023-03-25,2,358,466400.0,470421.95,3.48,<640,60-80%,20-30%,MI,Purchase,Primary,Single Family,Servicer B,Current,0,0,0,0,10-25%,2026-08-27,System1,Complete,0,0,0,0,Current,0,None
L_0187,2023-06-23,2023-03-25,3,357,466400.0,457431.96,3.48,<640,60-80%,20-30%,MI,Purchase,Primary,Single Family,Servicer B,Current,0,0,0,0,25-50%,2026-08-27,System1,Complete,0,1,0,0,Current,0,None
L_0187,2023-07-23,2023-03-25,4,356,466400.0,462206.54,3.48,<640,60-80%,20-30%,MI,Purchase,Primary,Single Family,Servicer B,Current,0,0,0,0,10-25%,2026-08-27,System1,Missing,0,0,0,0,Current,0,None
L_0187,2023-08-22,2023-03-25,5,355,466400.0,463151.0,3.48,<640,60-80%,20-30%,MI,Purchase,Primary,Single Family,Servicer B,30 Days Delinquent,30,0,0,0,10-25%,2026-08-27,System2,Complete,0,0,0,0,Delinquent,0,None
L_0187,2023-09-21,2023-03-25,6,354,466400.0,455114.79,3.48,<640,60-80%,20-30%,MI,Purchase,Primary,Single Family,Servicer B,Current,0,0,0,0,10-25%,2026-08-27,System2,Complete,1,0,0,0,Current,0,None
L_0187,2023-10-21,2023-03-25,7,353,466400.0,454166.64,3.48,<640,60-80%,20-30%,MI,Purchase,Primary,Single Family,Servicer B,Prepaid,0,0,1,0,25-50%,2026-08-27,System1,Complete,0,0,0,0,Current,0,None
L_0187,2023-11-20,2023-03-25,8,352,466400.0,453766.25,3.48,<640,60-80%,20-30%,MI,Purchase,Primary,Single Family,Servicer B,Current,0,0,0,0,0-10%,2026-08-27,System2,Complete,0,0,0,0,Current,0,None
L_0187,2023-12-20,2023-03-25,9,351,466400.0,464698.2,3.48,<640,60-80%,20-30%,MI,Purchase,Primary,Single Family,Servicer B,90 Days Delinquent,90,0,0,0,>50%,2026-08-27,System1,Pending,0,0,0,0,Delinquent,0,None
L_0187,2024-01-19,2023-03-25,10,350,466400.0,447944.41,3.48,<640,60-80%,20-30%,MI,Purchase,Primary,Single Family,Servicer B,Prepaid,0,0,1,0,10-25%,2026-08-27,System3,Complete,0,0,0,0,Current,0,None
L_0187,2024-02-18,2023-03-25,11,349,466400.0,454369.59,3.48,<640,60-80%,20-30%,MI,Purchase,Primary,Single Family,Servicer B,Current,0,1,0,0,25-50%,2026-08-27,System3,Complete,0,0,0,0,Current,0,None
L_0188,2023-06-01,2023-06-01,0,360,447200.0,440566.91,6.63,<640,60-80%,20-30%,NY,Purchase,Secondary,Single Family,Servicer D,Current,0,0,0,0,25-50%,2026-08-27,System1,Complete,0,0,0,0,Current,0,None
L_0188,2023-07-01,2023-06-01,1,359,447200.0,447866.71,6.63,<640,60-80%,20-30%,NY,Purchase,Secondary,Single Family,Servicer D,Current,0,0,0,0,25-50%,2026-08-27,System2,Pending,0,0,0,0,Current,0,None
L_0188,2023-07-31,2023-06-01,2,358,447200.0,451402.5,6.63,<640,60-80%,20-30%,NY,Purchase,Secondary,Single Family,Servicer D,Current,0,0,0,0,10-25%,2026-08-27,System3,Complete,0,0,0,0,Current,0,None
L_0188,2023-08-30,2023-06-01,3,357,447200.0,441841.27,6.63,<640,60-80%,20-30%,NY,Purchase,Secondary,Single Family,Servicer D,Current,0,0,0,0,10-25%,2026-08-27,System3,Complete,0,0,0,0,Current,0,None
L_0188,2023-09-29,2023-06-01,4,356,447200.0,442957.51,6.63,<640,60-80%,20-30%,NY,Purchase,Secondary,Single Family,Servicer D,Current,0,0,0,0,10-25%,2026-08-27,System1,Complete,0,0,0,0,Current,0,None
L_0188,2023-10-29,2023-06-01,5,355,447200.0,447652.43,6.63,<640,60-80%,20-30%,NY,Purchase,Secondary,Single Family,Servicer D,Current,0,0,0,0,25-50%,2026-08-27,System1,Complete,0,0,0,0,Current,0,None
L_0188,2023-11-28,2023-06-01,6,354,447200.0,445137.23,6.63,<640,60-80%,20-30%,NY,Purchase,Secondary,Single Family,Servicer D,Current,0,0,0,0,25-50%,2026-08-27,System1,Complete,0,0,0,0,Current,0,None
L_0188,2023-12-28,2023-06-01,7,353,447200.0,440346.49,6.63,<640,60-80%,20-30%,NY,Purchase,Secondary,Single Family,Servicer D,Current,0,0,0,0,25-50%,2026-08-27,System2,Complete,0,0,0,0,Current,0,None
L_0188,2024-01-27,2023-06-01,8,352,447200.0,437643.66,6.63,<640,60-80%,20-30%,NY,Purchase,Secondary,Single Family,Servicer D,Current,0,0,0,0,10-25%,2026-08-27,System1,Complete,0,0,0,0,Current,0,None
L_0188,2024-02-26,2023-06-01,9,351,447200.0,442893.23,6.63,<640,60-80%,20-30%,NY,Purchase,Secondary,Single Family,Servicer D,Current,0,0,0,0,25-50%,2026-08-27,System2,Complete,0,0,0,0,Current,0,None
L_0188,2024-03-27,2023-06-01,10,350,447200.0,436698.55,6.63,<640,60-80%,20-30%,NY,Purchase,Secondary,Single Family,Servicer D,30 Days Delinquent,30,0,0,0,10-25%,2026-08-27,System3,Complete,0,0,0,0,Delinquent,0,None
L_0188,2024-04-26,2023-06-01,11,349,447200.0,430784.07,6.63,<640,60-80%,20-30%,NY,Purchase,Secondary,Single Family,Servicer D,30 Days Delinquent,30,0,0,0,25-50%,2026-08-27,System3,Complete,0,0,0,0,Delinquent,0,None
L_0189,2023-02-05,2023-02-05,0,360,231400.0,229090.57,6.94,640-699,>90%,30-40%,PA,Refinance,Secondary,Single Family,Servicer B,Current,0,0,0,0,10-25%,2026-08-27,System2,Complete,0,0,0,0,Current,0,None
L_0189,2023-03-07,2023-02-05,1,359,231400.0,230316.44,6.94,640-699,>90%,30-40%,PA,Refinance,Secondary,Single Family,Servicer B,Current,0,0,0,0,0-10%,2026-08-27,System1,Complete,0,1,0,0,Current,0,None
L_0189,2023-04-06,2023-02-05,2,358,231400.0,227950.26,6.94,640-699,>90%,30-40%,PA,Refinance,Secondary,Single Family,Servicer B,Current,0,0,0,0,0-10%,2026-08-27,System2,Complete,0,0,0,0,Current,0,None
L_0189,2023-05-06,2023-02-05,3,357,231400.0,230904.12,6.94,640-699,>90%,30-40%,PA,Refinance,Secondary,Single Family,Servicer B,Current,0,0,0,0,>50%,2026-08-27,System3,Complete,0,0,0,0,Current,0,None
L_0189,2023-06-05,2023-02-05,4,356,231400.0,228879.8,6.94,640-699,>90%,30-40%,PA,Refinance,Secondary,Single Family,Servicer B,Current,0,0,0,0,10-25%,2026-08-27,System3,Complete,1,0,0,0,Current,0,None
L_0189,2023-07-05,2023-02-05,5,355,231400.0,231354.14,6.94,640-699,>90%,30-40%,PA,Refinance,Secondary,Single Family,Servicer B,Current,0,0,0,0,0-10%,2026-08-27,System2,Complete,0,0,0,0,Current,0,None
L_0189,2023-08-04,2023-02-05,6,354,231400.0,223968.65,6.94,640-699,>90%,30-40%,PA,Refinance,Secondary,Single Family,Servicer B,Current,0,0,0,0,10-25%,2026-08-27,System2,Complete,0,0,0,0,Current,0,None
L_0189,2023-09-03,2023-02-05,7,353,231400.0,226921.95,6.94,640-699,>90%,30-40%,PA,Refinance,Secondary,Single Family,Servicer B,Charged Off,120,0,0,0,>50%,2026-08-27,System2,Pending,0,0,0,0,Current,1,High DPD
L_0189,2023-10-03,2023-02-05,8,352,231400.0,224833.97,6.94,640-699,>90%,30-40%,PA,Refinance,Secondary,Single Family,Servicer B,Current,0,0,0,0,25-50%,2026-08-27,System2,Pending,0,0,0,0,Current,0,None
L_0189,2023-11-02,2023-02-05,9,351,231400.0,227649.65,6.94,640-699,>90%,30-40%,PA,Refinance,Secondary,Single Family,Servicer B,Current,0,0,0,0,0-10%,2026-08-27,System2,Complete,0,0,0,0,Current,0,None
L_0189,2023-12-02,2023-02-05,10,350,231400.0,227612.81,6.94,640-699,>90%,30-40%,PA,Refinance,Secondary,Single Family,Servicer B,Current,0,0,0,0,10-25%,2026-08-27,System1,Complete,0,1,0,0,Current,0,None
L_0189,2024-01-01,2023-02-05,11,349,231400.0,231134.88,6.94,640-699,>90%,30-40%,PA,Refinance,Secondary,Single Family,Servicer B,Current,0,0,0,0,25-50%,2026-08-27,System2,Complete,0,0,0,0,Current,0,None
L_0190,2023-06-07,2023-06-07,0,360,119800.0,119157.66,7.95,<640,<60%,30-40%,OH,Purchase,Primary,Multi-family,Servicer D,Current,0,0,0,0,10-25%,2026-08-27,System3,Complete,0,0,0,0,Current,0,None
L_0190,2023-07-07,2023-06-07,1,359,119800.0,118355.5,7.95,<640,<60%,30-40%,OH,Purchase,Primary,Multi-family,Servicer D,Current,0,0,0,0,25-50%,2026-08-27,System3,Complete,1,0,0,0,Current,0,None
L_0190,2023-08-06,2023-06-07,2,358,119800.0,117282.37,7.95,<640,<60%,30-40%,OH,Purchase,Primary,Multi-family,Servicer D,Current,0,0,0,0,25-50%,2026-08-27,System3,Complete,0,0,0,0,Current,0,None
L_0190,2023-09-05,2023-06-07,3,357,119800.0,117368.72,7.95,<640,<60%,30-40%,OH,Purchase,Primary,Multi-family,Servicer D,Current,0,0,0,0,10-25%,2026-08-27,System3,Missing,0,0,0,0,Current,0,None
L_0190,2023-10-05,2023-06-07,4,356,119800.0,117625.28,7.95,<640,<60%,30-40%,OH,Purchase,Primary,Multi-family,Servicer D,60 Days Delinquent,60,0,0,0,25-50%,2026-08-27,System1,Complete,0,1,0,0,Delinquent,0,None
L_0190,2023-11-04,2023-06-07,5,355,119800.0,120288.22,7.95,<640,<60%,30-40%,OH,Purchase,Primary,Multi-family,Servicer D,Current,0,0,0,0,25-50%,2026-08-27,System2,Complete,0,0,0,0,Current,0,None
L_0190,2023-12-04,2023-06-07,6,354,119800.0,118729.99,7.95,<640,<60%,30-40%,OH,Purchase,Primary,Multi-family,Servicer D,Current,0,0,0,0,0-10%,2026-08-27,System2,Complete,0,0,0,0,Current,0,None
L_0190,2024-01-03,2023-06-07,7,353,119800.0,118381.77,7.95,<640,<60%,30-40%,OH,Purchase,Primary,Multi-family,Servicer D,Current,0,1,0,0,>50%,2026-08-27,System3,Complete,1,0,0,0,Current,0,None
L_0190,2024-02-02,2023-06-07,8,352,119800.0,117978.67,7.95,<640,<60%,30-40%,OH,Purchase,Primary,Multi-family,Servicer D,Current,0,0,0,0,>50%,2026-08-27,System2,Complete,0,0,0,0,Current,0,None
L_0190,2024-03-03,2023-06-07,9,351,119800.0,117776.4,7.95,<640,<60%,30-40%,OH,Purchase,Primary,Multi-family,Servicer D,Current,0,0,0,0,0-10%,2026-08-27,System2,Complete,0,0,0,0,Current,0,None
L_0190,2024-04-02,2023-06-07,10,350,119800.0,118361.4,7.95,<640,<60%,30-40%,OH,Purchase,Primary,Multi-family,Servicer D,Charged Off,120,0,0,0,10-25%,2026-08-27,System3,Complete,0,0,0,0,Current,1,High DPD
L_0190,2024-05-02,2023-06-07,11,349,119800.0,117270.53,7.95,<640,<60%,30-40%,OH,Purchase,Primary,Multi-family,Servicer D,Current,0,0,0,0,0-10%,2026-08-27,System2,Complete,0,0,0,0,Current,0,None
L_0191,2023-06-01,2023-06-01,0,360,722900.0,718351.83,4.77,700-759,60-80%,30-40%,IL,Refinance,Primary,Condo,Servicer B,Current,0,0,0,0,0-10%,2026-08-27,System1,Complete,0,1,0,0,Current,0,None
L_0191,2023-07-01,2023-06-01,1,359,722900.0,719251.62,4.77,700-759,60-80%,30-40%,IL,Refinance,Primary,Condo,Servicer B,Current,0,0,0,0,10-25%,2026-08-27,System1,Pending,0,1,0,0,Current,0,None
L_0191,2023-07-31,2023-06-01,2,358,722900.0,709158.43,4.77,700-759,60-80%,30-40%,IL,Refinance,Primary,Condo,Servicer B,Current,0,0,0,0,25-50%,2026-08-27,System2,Pending,0,0,0,0,Current,0,None
L_0191,2023-08-30,2023-06-01,3,357,722900.0,719613.24,4.77,700-759,60-80%,30-40%,IL,Refinance,Primary,Condo,Servicer B,Current,0,0,0,0,0-10%,2026-08-27,System3,Complete,1,1,0,0,Current,0,None
L_0191,2023-09-29,2023-06-01,4,356,722900.0,715962.92,4.77,700-759,60-80%,30-40%,IL,Refinance,Primary,Condo,Servicer B,30 Days Delinquent,30,0,0,0,10-25%,2026-08-27,System1,Complete,1,0,0,0,Delinquent,0,None
L_0191,2023-10-29,2023-06-01,5,355,722900.0,707166.08,4.77,700-759,60-80%,30-40%,IL,Refinance,Primary,Condo,Servicer B,Current,0,0,0,0,0-10%,2026-08-27,System3,Complete,0,0,0,0,Current,0,None
L_0191,2023-11-28,2023-06-01,6,354,722900.0,718911.35,4.77,700-759,60-80%,30-40%,IL,Refinance,Primary,Condo,Servicer B,60 Days Delinquent,60,0,0,0,0-10%,2026-08-27,System1,Pending,1,0,0,0,Delinquent,0,None
L_0191,2023-12-28,2023-06-01,7,353,722900.0,718262.21,4.77,700-759,60-80%,30-40%,IL,Refinance,Primary,Condo,Servicer B,Charged Off,120,0,0,0,0-10%,2026-08-27,System3,Complete,0,0,0,0,Current,1,High DPD
L_0191,2024-01-27,2023-06-01,8,352,722900.0,702544.09,4.77,700-759,60-80%,30-40%,IL,Refinance,Primary,Condo,Servicer B,Current,0,0,0,0,25-50%,2026-08-27,System2,Complete,0,0,0,0,Current,0,None
L_0191,2024-02-26,2023-06-01,9,351,722900.0,723439.27,4.77,700-759,60-80%,30-40%,IL,Refinance,Primary,Condo,Servicer B,90 Days Delinquent,90,0,0,0,0-10%,2026-08-27,System2,Complete,0,0,0,0,Delinquent,0,None
L_0191,2024-03-27,2023-06-01,10,350,722900.0,712350.33,4.77,700-759,60-80%,30-40%,IL,Refinance,Primary,Condo,Servicer B,Current,0,0,0,0,10-25%,2026-08-27,System2,Missing,0,0,0,0,Current,0,None
L_0191,2024-04-26,2023-06-01,11,349,722900.0,720407.13,4.77,700-759,60-80%,30-40%,IL,Refinance,Primary,Condo,Servicer B,Current,0,0,0,0,10-25%,2026-08-27,System1,Complete,0,0,0,0,Current,0,None
L_0192,2023-04-18,2023-04-18,0,360,725300.0,728123.28,4.55,640-699,60-80%,20-30%,MI,Cash-out Refinance,Primary,Multi-family,Servicer C,Current,0,0,0,0,25-50%,2026-08-27,System1,Complete,0,0,0,0,Current,0,None
L_0192,2023-05-18,2023-04-18,1,359,725300.0,727009.07,4.55,640-699,60-80%,20-30%,MI,Cash-out Refinance,Primary,Multi-family,Servicer C,Current,0,0,0,0,25-50%,2026-08-27,System2,Pending,0,0,0,0,Current,0,None
L_0192,2023-06-17,2023-04-18,2,358,725300.0,713755.19,4.55,640-699,60-80%,20-30%,MI,Cash-out Refinance,Primary,Multi-family,Servicer C,Current,0,0,0,0,>50%,2026-08-27,System1,Complete,0,0,0,0,Current,0,None
L_0192,2023-07-17,2023-04-18,3,357,725300.0,703428.28,4.55,640-699,60-80%,20-30%,MI,Cash-out Refinance,Primary,Multi-family,Servicer C,30 Days Delinquent,30,0,0,0,0-10%,2026-08-27,System2,Complete,0,0,0,0,Delinquent,0,None
L_0192,2023-08-16,2023-04-18,4,356,725300.0,725713.69,4.55,640-699,60-80%,20-30%,MI,Cash-out Refinance,Primary,Multi-family,Servicer C,Current,0,0,0,0,25-50%,2026-08-27,System2,Complete,0,1,0,0,Current,0,None
L_0192,2023-09-15,2023-04-18,5,355,725300.0,716569.94,4.55,640-699,60-80%,20-30%,MI,Cash-out Refinance,Primary,Multi-family,Servicer C,Current,0,0,0,0,25-50%,2026-08-27,System2,Complete,0,1,0,0,Current,0,None
L_0192,2023-10-15,2023-04-18,6,354,725300.0,722017.68,4.55,640-699,60-80%,20-30%,MI,Cash-out Refinance,Primary,Multi-family,Servicer C,Current,0,0,0,0,0-10%,2026-08-27,System1,Missing,0,0,0,0,Current,0,None
L_0192,2023-11-14,2023-04-18,7,353,725300.0,709957.12,4.55,640-699,60-80%,20-30%,MI,Cash-out Refinance,Primary,Multi-family,Servicer C,Current,0,0,0,0,0-10%,2026-08-27,System2,Complete,1,0,0,0,Current,0,None
L_0192,2023-12-14,2023-04-18,8,352,725300.0,724386.96,4.55,640-699,60-80%,20-30%,MI,Cash-out Refinance,Primary,Multi-family,Servicer C,Current,0,0,0,0,25-50%,2026-08-27,System3,Pending,1,0,0,0,Current,0,None
L_0192,2024-01-13,2023-04-18,9,351,725300.0,705602.94,4.55,640-699,60-80%,20-30%,MI,Cash-out Refinance,Primary,Multi-family,Servicer C,Current,0,0,0,0,10-25%,2026-08-27,System1,Pending,0,1,0,0,Current,0,None
L_0192,2024-02-12,2023-04-18,10,350,725300.0,716124.52,4.55,640-699,60-80%,20-30%,MI,Cash-out Refinance,Primary,Multi-family,Servicer C,60 Days Delinquent,60,0,0,0,0-10%,2026-08-27,System3,Complete,0,0,0,0,Delinquent,0,None
L_0192,2024-03-13,2023-04-18,11,349,725300.0,697377.65,4.55,640-699,60-80%,20-30%,MI,Cash-out Refinance,Primary,Multi-family,Servicer C,Charged Off,120,0,0,0,0-10%,2026-08-27,System3,Complete,0,0,0,0,Current,1,High DPD
L_0193,2023-04-16,2023-04-16,0,360,524800.0,521109.37,6.77,640-699,80-90%,30-40%,NC,Purchase,Primary,Single Family,Servicer C,Current,0,0,0,0,25-50%,2026-08-27,System2,Complete,1,0,0,0,Current,0,None
L_0193,2023-05-16,2023-04-16,1,359,524800.0,528289.1,6.77,640-699,80-90%,30-40%,NC,Purchase,Primary,Single Family,Servicer C,Current,0,0,0,0,10-25%,2026-08-27,System2,Complete,0,0,0,0,Current,0,None
L_0193,2023-06-15,2023-04-16,2,358,524800.0,522296.83,6.77,640-699,80-90%,30-40%,NC,Purchase,Primary,Single Family,Servicer C,Current,0,0,0,0,0-10%,2026-08-27,System2,Complete,0,0,0,0,Current,0,None
L_0193,2023-07-15,2023-04-16,3,357,524800.0,534037.63,6.77,640-699,80-90%,30-40%,NC,Purchase,Primary,Single Family,Servicer C,60 Days Delinquent,60,0,0,0,10-25%,2026-08-27,System2,Complete,0,0,0,0,Delinquent,0,None
L_0193,2023-08-14,2023-04-16,4,356,524800.0,517756.26,6.77,640-699,80-90%,30-40%,NC,Purchase,Primary,Single Family,Servicer C,Current,0,0,0,0,10-25%,2026-08-27,System1,Complete,0,0,0,0,Current,0,None
L_0193,2023-09-13,2023-04-16,5,355,524800.0,519044.81,6.77,640-699,80-90%,30-40%,NC,Purchase,Primary,Single Family,Servicer C,Current,0,0,0,0,10-25%,2026-08-27,System1,Complete,0,0,0,0,Current,0,None
L_0193,2023-10-13,2023-04-16,6,354,524800.0,524414.06,6.77,640-699,80-90%,30-40%,NC,Purchase,Primary,Single Family,Servicer C,Current,0,0,0,0,10-25%,2026-08-27,System3,Complete,0,0,0,0,Current,0,None
L_0193,2023-11-12,2023-04-16,7,353,524800.0,522745.32,6.77,640-699,80-90%,30-40%,NC,Purchase,Primary,Single Family,Servicer C,Current,0,0,0,0,0-10%,2026-08-27,System2,Complete,0,0,0,0,Current,0,None
L_0193,2023-12-12,2023-04-16,8,352,524800.0,509795.62,6.77,640-699,80-90%,30-40%,NC,Purchase,Primary,Single Family,Servicer C,Current,0,0,0,0,0-10%,2026-08-27,System3,Pending,0,0,0,0,Current,0,None
L_0193,2024-01-11,2023-04-16,9,351,524800.0,507392.66,6.77,640-699,80-90%,30-40%,NC,Purchase,Primary,Single Family,Servicer C,Current,0,0,0,0,25-50%,2026-08-27,System3,Complete,0,0,0,0,Current,0,None
L_0193,2024-02-10,2023-04-16,10,350,524800.0,517479.35,6.77,640-699,80-90%,30-40%,NC,Purchase,Primary,Single Family,Servicer C,Current,0,0,0,0,10-25%,2026-08-27,System3,Complete,0,1,0,0,Current,0,None
L_0193,2024-03-11,2023-04-16,11,349,524800.0,519530.6,6.77,640-699,80-90%,30-40%,NC,Purchase,Primary,Single Family,Servicer C,Current,0,0,0,0,25-50%,2026-08-27,System3,Complete,0,0,0,0,Current,0,None
L_0194,2023-06-07,2023-06-07,0,360,304300.0,305659.13,4.37,760+,<60%,20-30%,FL,Purchase,Secondary,Single Family,Servicer D,Current,0,0,0,0,0-10%,2026-08-27,System2,Pending,0,0,0,0,Current,0,None
L_0194,2023-07-07,2023-06-07,1,359,304300.0,298259.39,4.37,760+,<60%,20-30%,FL,Purchase,Secondary,Single Family,Servicer D,Current,0,0,0,0,10-25%,2026-08-27,System2,Complete,1,0,0,0,Current,0,None
L_0194,2023-08-06,2023-06-07,2,358,304300.0,300551.39,4.37,760+,<60%,20-30%,FL,Purchase,Secondary,Single Family,Servicer D,Current,0,0,0,0,25-50%,2026-08-27,System2,Complete,0,0,0,0,Current,0,None
L_0194,2023-09-05,2023-06-07,3,357,304300.0,302194.85,4.37,760+,<60%,20-30%,FL,Purchase,Secondary,Single Family,Servicer D,30 Days Delinquent,30,0,0,0,>50%,2026-08-27,System1,Complete,0,0,0,0,Delinquent,0,None
L_0194,2023-10-05,2023-06-07,4,356,304300.0,302927.76,4.37,760+,<60%,20-30%,FL,Purchase,Secondary,Single Family,Servicer D,60 Days Delinquent,60,0,0,0,10-25%,2026-08-27,System2,Complete,0,0,0,0,Delinquent,0,None
L_0194,2023-11-04,2023-06-07,5,355,304300.0,296710.39,4.37,760+,<60%,20-30%,FL,Purchase,Secondary,Single Family,Servicer D,Current,0,0,0,0,10-25%,2026-08-27,System3,Complete,0,0,0,0,Current,0,None
L_0194,2023-12-04,2023-06-07,6,354,304300.0,296943.23,4.37,760+,<60%,20-30%,FL,Purchase,Secondary,Single Family,Servicer D,30 Days Delinquent,30,0,0,0,0-10%,2026-08-27,System2,Pending,0,0,0,0,Delinquent,0,None
L_0194,2024-01-03,2023-06-07,7,353,304300.0,297630.29,4.37,760+,<60%,20-30%,FL,Purchase,Secondary,Single Family,Servicer D,Current,0,0,0,0,>50%,2026-08-27,System3,Complete,0,0,0,1,Current,0,None
L_0194,2024-02-02,2023-06-07,8,352,304300.0,303105.95,4.37,760+,<60%,20-30%,FL,Purchase,Secondary,Single Family,Servicer D,Current,0,0,0,0,0-10%,2026-08-27,System3,Complete,0,0,0,0,Current,0,None
L_0194,2024-03-03,2023-06-07,9,351,304300.0,303403.6,4.37,760+,<60%,20-30%,FL,Purchase,Secondary,Single Family,Servicer D,Current,0,0,0,0,0-10%,2026-08-27,System2,Complete,0,0,0,0,Current,0,None
L_0194,2024-04-02,2023-06-07,10,350,304300.0,300327.13,4.37,760+,<60%,20-30%,FL,Purchase,Secondary,Single Family,Servicer D,Current,0,0,0,0,>50%,2026-08-27,System2,Complete,0,0,0,0,Current,0,None
L_0194,2024-05-02,2023-06-07,11,349,304300.0,298472.94,4.37,760+,<60%,20-30%,FL,Purchase,Secondary,Single Family,Servicer D,Current,0,0,0,0,10-25%,2026-08-27,System1,Pending,0,0,0,0,Current,0,None
L_0195,2023-03-27,2023-03-27,0,360,311900.0,312997.36,7.62,700-759,80-90%,<20%,OH,Purchase,Investment,Single Family,Servicer D,Current,0,0,0,0,25-50%,2026-08-27,System2,Complete,0,0,0,0,Current,0,None
L_0195,2023-04-26,2023-03-27,1,359,311900.0,315217.7,7.62,700-759,80-90%,<20%,OH,Purchase,Investment,Single Family,Servicer D,Current,0,0,0,0,25-50%,2026-08-27,System2,Complete,0,0,0,0,Current,0,None
L_0195,2023-05-26,2023-03-27,2,358,311900.0,313157.87,7.62,700-759,80-90%,<20%,OH,Purchase,Investment,Single Family,Servicer D,Current,0,0,0,0,>50%,2026-08-27,System3,Pending,0,0,0,0,Current,0,None
L_0195,2023-06-25,2023-03-27,3,357,311900.0,306662.58,7.62,700-759,80-90%,<20%,OH,Purchase,Investment,Single Family,Servicer D,Current,0,0,0,0,>50%,2026-08-27,System3,Complete,0,0,0,0,Current,0,None
L_0195,2023-07-25,2023-03-27,4,356,311900.0,308796.9,7.62,700-759,80-90%,<20%,OH,Purchase,Investment,Single Family,Servicer D,Current,0,0,0,0,10-25%,2026-08-27,System1,Complete,0,0,0,0,Current,0,None
L_0195,2023-08-24,2023-03-27,5,355,311900.0,304195.14,7.62,700-759,80-90%,<20%,OH,Purchase,Investment,Single Family,Servicer D,Current,0,0,0,0,0-10%,2026-08-27,System2,Complete,0,0,0,0,Current,0,None
L_0195,2023-09-23,2023-03-27,6,354,311900.0,300112.47,7.62,700-759,80-90%,<20%,OH,Purchase,Investment,Single Family,Servicer D,Current,0,0,0,0,0-10%,2026-08-27,System2,Pending,0,0,0,0,Current,0,None
L_0195,2023-10-23,2023-03-27,7,353,311900.0,307001.33,7.62,700-759,80-90%,<20%,OH,Purchase,Investment,Single Family,Servicer D,Prepaid,0,0,1,0,0-10%,2026-08-27,System2,Complete,0,0,0,0,Current,0,None
L_0195,2023-11-22,2023-03-27,8,352,311900.0,305040.78,7.62,700-759,80-90%,<20%,OH,Purchase,Investment,Single Family,Servicer D,Current,0,0,0,0,10-25%,2026-08-27,System2,Complete,0,0,0,0,Current,0,None
L_0195,2023-12-22,2023-03-27,9,351,311900.0,306310.02,7.62,700-759,80-90%,<20%,OH,Purchase,Investment,Single Family,Servicer D,Current,0,0,0,0,0-10%,2026-08-27,System1,Complete,0,0,0,0,Current,0,None
L_0195,2024-01-21,2023-03-27,10,350,311900.0,306275.38,7.62,700-759,80-90%,<20%,OH,Purchase,Investment,Single Family,Servicer D,Current,0,0,0,0,10-25%,2026-08-27,System1,Complete,0,0,0,0,Current,0,None
L_0195,2024-02-20,2023-03-27,11,349,311900.0,305831.29,7.62,700-759,80-90%,<20%,OH,Purchase,Investment,Single Family,Servicer D,Current,0,0,0,0,0-10%,2026-08-27,System2,Complete,0,0,0,0,Current,0,None
L_0196,2023-05-15,2023-05-15,0,360,594500.0,604693.31,7.22,700-759,>90%,>40%,MI,Cash-out Refinance,Primary,Single Family,Servicer C,Current,0,0,0,0,25-50%,2026-08-27,System2,Complete,0,0,0,0,Current,0,None
L_0196,2023-06-14,2023-05-15,1,359,594500.0,592723.36,7.22,700-759,>90%,>40%,MI,Cash-out Refinance,Primary,Single Family,Servicer C,Current,0,0,0,0,>50%,2026-08-27,System1,Complete,0,0,0,0,Current,0,None
L_0196,2023-07-14,2023-05-15,2,358,594500.0,591991.61,7.22,700-759,>90%,>40%,MI,Cash-out Refinance,Primary,Single Family,Servicer C,Current,0,0,0,0,25-50%,2026-08-27,System2,Complete,0,0,0,0,Current,0,None
L_0196,2023-08-13,2023-05-15,3,357,594500.0,591414.38,7.22,700-759,>90%,>40%,MI,Cash-out Refinance,Primary,Single Family,Servicer C,Current,0,0,0,0,25-50%,2026-08-27,System3,Complete,0,0,0,0,Current,0,None
L_0196,2023-09-12,2023-05-15,4,356,594500.0,594232.96,7.22,700-759,>90%,>40%,MI,Cash-out Refinance,Primary,Single Family,Servicer C,Current,0,0,0,0,25-50%,2026-08-27,System3,Complete,0,0,0,0,Current,0,None
L_0196,2023-10-12,2023-05-15,5,355,594500.0,592509.36,7.22,700-759,>90%,>40%,MI,Cash-out Refinance,Primary,Single Family,Servicer C,Current,0,0,0,0,25-50%,2026-08-27,System2,Pending,0,1,0,0,Current,0,None
L_0196,2023-11-11,2023-05-15,6,354,594500.0,585829.09,7.22,700-759,>90%,>40%,MI,Cash-out Refinance,Primary,Single Family,Servicer C,30 Days Delinquent,30,0,0,0,>50%,2026-08-27,System3,Missing,0,0,0,0,Delinquent,0,None
L_0196,2023-12-11,2023-05-15,7,353,594500.0,585936.39,7.22,700-759,>90%,>40%,MI,Cash-out Refinance,Primary,Single Family,Servicer C,Current,0,0,0,0,0-10%,2026-08-27,System1,Complete,0,0,0,0,Current,0,None
L_0196,2024-01-10,2023-05-15,8,352,594500.0,584465.4,7.22,700-759,>90%,>40%,MI,Cash-out Refinance,Primary,Single Family,Servicer C,Current,0,0,0,0,10-25%,2026-08-27,System1,Complete,1,0,0,0,Current,0,None
L_0196,2024-02-09,2023-05-15,9,351,594500.0,581905.61,7.22,700-759,>90%,>40%,MI,Cash-out Refinance,Primary,Single Family,Servicer C,Current,0,0,0,0,0-10%,2026-08-27,System2,Pending,0,0,0,0,Current,0,None
L_0196,2024-03-10,2023-05-15,10,350,594500.0,581190.33,7.22,700-759,>90%,>40%,MI,Cash-out Refinance,Primary,Single Family,Servicer C,Current,0,0,0,0,0-10%,2026-08-27,System2,Complete,0,0,0,0,Current,0,None
L_0196,2024-04-09,2023-05-15,11,349,594500.0,580136.21,7.22,700-759,>90%,>40%,MI,Cash-out Refinance,Primary,Single Family,Servicer C,Charged Off,120,0,0,0,0-10%,2026-08-27,System1,Complete,0,0,0,0,Current,1,High DPD
L_0197,2023-06-12,2023-06-12,0,360,722800.0,727748.7,4.86,640-699,60-80%,<20%,MI,Purchase,Primary,Condo,Servicer D,Current,0,0,0,0,10-25%,2026-08-27,System3,Complete,0,0,0,0,Current,0,None
L_0197,2023-07-12,2023-06-12,1,359,722800.0,706109.65,4.86,640-699,60-80%,<20%,MI,Purchase,Primary,Condo,Servicer D,Current,0,0,0,0,0-10%,2026-08-27,System2,Pending,0,1,0,0,Current,0,None
L_0197,2023-08-11,2023-06-12,2,358,722800.0,733628.74,4.86,640-699,60-80%,<20%,MI,Purchase,Primary,Condo,Servicer D,Current,0,0,0,0,>50%,2026-08-27,System2,Complete,0,0,0,0,Current,0,None
L_0197,2023-09-10,2023-06-12,3,357,722800.0,719248.67,4.86,640-699,60-80%,<20%,MI,Purchase,Primary,Condo,Servicer D,Current,0,0,0,0,25-50%,2026-08-27,System1,Complete,0,0,0,0,Current,0,None
L_0197,2023-10-10,2023-06-12,4,356,722800.0,719795.81,4.86,640-699,60-80%,<20%,MI,Purchase,Primary,Condo,Servicer D,Current,0,0,0,0,>50%,2026-08-27,System2,Complete,1,0,0,0,Current,0,None
L_0197,2023-11-09,2023-06-12,5,355,722800.0,731207.44,4.86,640-699,60-80%,<20%,MI,Purchase,Primary,Condo,Servicer D,Current,0,0,0,0,0-10%,2026-08-27,System1,Missing,0,0,0,0,Current,0,None
L_0197,2023-12-09,2023-06-12,6,354,722800.0,719001.78,4.86,640-699,60-80%,<20%,MI,Purchase,Primary,Condo,Servicer D,Current,0,0,0,0,25-50%,2026-08-27,System1,Complete,0,0,0,0,Current,0,None
L_0197,2024-01-08,2023-06-12,7,353,722800.0,713477.47,4.86,640-699,60-80%,<20%,MI,Purchase,Primary,Condo,Servicer D,90 Days Delinquent,90,0,0,0,25-50%,2026-08-27,System1,Missing,0,0,0,0,Delinquent,0,None
L_0197,2024-02-07,2023-06-12,8,352,722800.0,710172.66,4.86,640-699,60-80%,<20%,MI,Purchase,Primary,Condo,Servicer D,Current,0,0,0,0,0-10%,2026-08-27,System2,Complete,0,0,0,0,Current,0,None
L_0197,2024-03-08,2023-06-12,9,351,722800.0,699008.01,4.86,640-699,60-80%,<20%,MI,Purchase,Primary,Condo,Servicer D,Current,0,0,0,0,0-10%,2026-08-27,System1,Complete,0,0,1,0,Current,0,None
L_0197,2024-04-07,2023-06-12,10,350,722800.0,722009.87,4.86,640-699,60-80%,<20%,MI,Purchase,Primary,Condo,Servicer D,Current,0,0,0,0,10-25%,2026-08-27,System2,Complete,0,0,0,0,Current,0,None
L_0197,2024-05-07,2023-06-12,11,349,722800.0,706171.94,4.86,640-699,60-80%,<20%,MI,Purchase,Primary,Condo,Servicer D,Current,0,0,0,0,>50%,2026-08-27,System3,Complete,0,0,0,0,Current,0,None
L_0198,2023-01-14,2023-01-14,0,360,715300.0,717766.19,6.63,640-699,80-90%,>40%,IL,Refinance,Secondary,Single Family,Servicer B,Current,0,0,0,0,25-50%,2026-08-27,System3,Complete,0,0,0,0,Current,0,None
L_0198,2023-02-13,2023-01-14,1,359,715300.0,717260.37,6.63,640-699,80-90%,>40%,IL,Refinance,Secondary,Single Family,Servicer B,Current,0,0,0,0,10-25%,2026-08-27,System3,Complete,0,0,0,0,Current,0,None
L_0198,2023-03-15,2023-01-14,2,358,715300.0,709873.72,6.63,640-699,80-90%,>40%,IL,Refinance,Secondary,Single Family,Servicer B,Current,0,0,0,0,25-50%,2026-08-27,System3,Complete,0,0,0,0,Current,0,None
L_0198,2023-04-14,2023-01-14,3,357,715300.0,717647.32,6.63,640-699,80-90%,>40%,IL,Refinance,Secondary,Single Family,Servicer B,Current,0,0,0,0,25-50%,2026-08-27,System2,Complete,0,1,0,0,Current,0,None
L_0198,2023-05-14,2023-01-14,4,356,715300.0,725834.78,6.63,640-699,80-90%,>40%,IL,Refinance,Secondary,Single Family,Servicer B,Current,0,0,0,0,25-50%,2026-08-27,System3,Complete,0,0,0,0,Current,0,None
L_0198,2023-06-13,2023-01-14,5,355,715300.0,711480.85,6.63,640-699,80-90%,>40%,IL,Refinance,Secondary,Single Family,Servicer B,Current,0,0,0,0,10-25%,2026-08-27,System1,Complete,0,0,0,0,Current,0,None
L_0198,2023-07-13,2023-01-14,6,354,715300.0,719350.3,6.63,640-699,80-90%,>40%,IL,Refinance,Secondary,Single Family,Servicer B,Current,0,0,0,0,0-10%,2026-08-27,System2,Complete,1,0,0,0,Current,0,None
L_0198,2023-08-12,2023-01-14,7,353,715300.0,691590.92,6.63,640-699,80-90%,>40%,IL,Refinance,Secondary,Single Family,Servicer B,Current,0,0,0,0,>50%,2026-08-27,System1,Complete,0,0,0,1,Current,0,None
L_0198,2023-09-11,2023-01-14,8,352,715300.0,701668.82,6.63,640-699,80-90%,>40%,IL,Refinance,Secondary,Single Family,Servicer B,Current,0,0,0,0,0-10%,2026-08-27,System2,Pending,0,0,0,0,Current,0,None
L_0198,2023-10-11,2023-01-14,9,351,715300.0,701213.67,6.63,640-699,80-90%,>40%,IL,Refinance,Secondary,Single Family,Servicer B,Charged Off,120,0,0,1,25-50%,2026-08-27,System2,Pending,0,0,0,0,Current,1,High DPD
L_0198,2023-11-10,2023-01-14,10,350,715300.0,705813.69,6.63,640-699,80-90%,>40%,IL,Refinance,Secondary,Single Family,Servicer B,Current,0,0,0,0,>50%,2026-08-27,System1,Complete,0,0,0,0,Current,0,None
L_0198,2023-12-10,2023-01-14,11,349,715300.0,688529.68,6.63,640-699,80-90%,>40%,IL,Refinance,Secondary,Single Family,Servicer B,Current,0,0,0,0,10-25%,2026-08-27,System2,Complete,0,0,0,0,Current,0,None
L_0199,2023-04-30,2023-04-30,0,360,634900.0,632800.41,6.65,<640,>90%,20-30%,OH,Refinance,Primary,Single Family,Servicer B,Current,0,0,0,0,25-50%,2026-08-27,System3,Complete,0,1,0,0,Current,0,None
L_0199,2023-05-30,2023-04-30,1,359,634900.0,620778.45,6.65,<640,>90%,20-30%,OH,Refinance,Primary,Single Family,Servicer B,Current,0,0,0,0,25-50%,2026-08-27,System2,Complete,0,0,0,0,Current,0,None
L_0199,2023-06-29,2023-04-30,2,358,634900.0,631196.93,6.65,<640,>90%,20-30%,OH,Refinance,Primary,Single Family,Servicer B,Current,0,0,0,0,0-10%,2026-08-27,System1,Complete,0,1,0,0,Current,0,None
L_0199,2023-07-29,2023-04-30,3,357,634900.0,634281.01,6.65,<640,>90%,20-30%,OH,Refinance,Primary,Single Family,Servicer B,Current,0,0,0,0,10-25%,2026-08-27,System3,Complete,1,0,0,0,Current,0,None
L_0199,2023-08-28,2023-04-30,4,356,634900.0,628139.15,6.65,<640,>90%,20-30%,OH,Refinance,Primary,Single Family,Servicer B,30 Days Delinquent,30,0,0,0,10-25%,2026-08-27,System2,Complete,0,0,0,0,Delinquent,0,None
L_0199,2023-09-27,2023-04-30,5,355,634900.0,634013.3,6.65,<640,>90%,20-30%,OH,Refinance,Primary,Single Family,Servicer B,Current,0,0,0,0,10-25%,2026-08-27,System3,Complete,1,0,0,0,Current,0,None
L_0199,2023-10-27,2023-04-30,6,354,634900.0,639438.5,6.65,<640,>90%,20-30%,OH,Refinance,Primary,Single Family,Servicer B,60 Days Delinquent,60,0,0,0,10-25%,2026-08-27,System1,Complete,0,0,0,0,Delinquent,0,None
L_0199,2023-11-26,2023-04-30,7,353,634900.0,620117.29,6.65,<640,>90%,20-30%,OH,Refinance,Primary,Single Family,Servicer B,Prepaid,0,0,1,0,25-50%,2026-08-27,System2,Complete,0,0,0,0,Current,0,None
L_0199,2023-12-26,2023-04-30,8,352,634900.0,629831.56,6.65,<640,>90%,20-30%,OH,Refinance,Primary,Single Family,Servicer B,90 Days Delinquent,90,0,0,0,0-10%,2026-08-27,System3,Complete,0,0,0,0,Delinquent,0,None
L_0199,2024-01-25,2023-04-30,9,351,634900.0,621566.27,6.65,<640,>90%,20-30%,OH,Refinance,Primary,Single Family,Servicer B,Current,0,0,0,0,0-10%,2026-08-27,System2,Complete,0,0,0,0,Current,0,None
L_0199,2024-02-24,2023-04-30,10,350,634900.0,616406.97,6.65,<640,>90%,20-30%,OH,Refinance,Primary,Single Family,Servicer B,Current,0,0,0,0,0-10%,2026-08-27,System2,Complete,0,0,0,0,Current,0,None
L_0199,2024-03-25,2023-04-30,11,349,634900.0,617974.37,6.65,<640,>90%,20-30%,OH,Refinance,Primary,Single Family,Servicer B,Current,0,0,0,0,>50%,2026-08-27,System2,Pending,0,0,0,0,Current,0,None
